dataset,dataset_label,symmetry,method,sample_id,gt_boundary_centers,boundary_window_observations,spurious_observations,spurious_rate,composition_precision,gt_orientation_groups,recovered_gt_orientation_groups,composition_recall,composition_f1
Ti64_DIC_Mclean_fresh_4x4_full_Train,Ti64 DIC McLean fresh 4x4,D6h,Atindama,0,8143,72679,61705,0.8490072785811582,0.1509927214188418,18857,5948,0.31542663201993953,0.20422448264862333
Ti64_DIC_Mclean_fresh_4x4_full_Train,Ti64 DIC McLean fresh 4x4,D6h,Atindama,1,8769,78170,67910,0.8687476013816042,0.13125239861839577,20552,6229,0.3030848579213702,0.18317845861999357
Ti64_DIC_Mclean_fresh_4x4_full_Train,Ti64 DIC McLean fresh 4x4,D6h,Atindama,2,9331,83220,73507,0.8832852679644316,0.11671473203556837,23004,6379,0.2772996000695531,0.16428310281390135
Ti64_DIC_Mclean_fresh_4x4_full_Train,Ti64 DIC McLean fresh 4x4,D6h,Atindama,3,10084,89894,72797,0.8098093309898324,0.19019066901016757,23692,8403,0.3546766841127807,0.2476059372876256
Ti64_DIC_Mclean_fresh_4x4_full_Train,Ti64 DIC McLean fresh 4x4,D6h,Atindama,4,9506,84825,65300,0.7698202180960801,0.23017978190391986,21648,8282,0.38257575757575757,0.28742687341608414
Ti64_DIC_Mclean_fresh_4x4_full_Train,Ti64 DIC McLean fresh 4x4,D6h,Atindama,5,8432,75195,55644,0.7399960103730301,0.2600039896269699,18971,7697,0.40572452690949345,0.3169159591805027
Ti64_DIC_Mclean_fresh_4x4_full_Train,Ti64 DIC McLean fresh 4x4,D6h,Atindama,6,9322,83315,69260,0.8313028866350597,0.1686971133649403,21471,7442,0.3466070513716175,0.22694017646148176
Ti64_DIC_Mclean_fresh_4x4_full_Train,Ti64 DIC McLean fresh 4x4,D6h,Atindama,7,8828,78766,62060,0.7879034101008049,0.2120965898991951,20087,7468,0.3717827450589934,0.2701032480144927
Ti64_DIC_Mclean_fresh_4x4_full_Train,Ti64 DIC McLean fresh 4x4,D6h,Atindama,8,8985,80054,60890,0.7606115871786544,0.2393884128213456,21323,7768,0.3643014585189701,0.2889216867254519
Ti64_DIC_Mclean_fresh_4x4_full_Train,Ti64 DIC McLean fresh 4x4,D6h,Atindama,9,9202,81953,65434,0.7984332483252596,0.20156675167474036,22240,7812,0.3512589928057554,0.2561462988411715
Ti64_DIC_Mclean_fresh_4x4_full_Train,Ti64 DIC McLean fresh 4x4,D6h,Atindama,10,8016,71484,54594,0.7637233506798724,0.2362766493201276,17466,7060,0.4042139012939425,0.2982286190320307
Ti64_DIC_Mclean_fresh_4x4_full_Train,Ti64 DIC McLean fresh 4x4,D6h,Atindama,11,7239,64656,40824,0.6314031180400891,0.3685968819599109,15045,7471,0.4965769358590894,0.42312124209278706
Ti64_DIC_Mclean_fresh_4x4_full_Train,Ti64 DIC McLean fresh 4x4,D6h,Atindama,12,7904,70526,48304,0.6849105294501319,0.31508947054986813,17004,7645,0.44960009409550694,0.3705144209033923
Ti64_DIC_Mclean_fresh_4x4_full_Train,Ti64 DIC McLean fresh 4x4,D6h,Atindama,13,9002,80410,59739,0.7429299838328566,0.2570700161671434,20715,7979,0.38517982138546947,0.3083478644016271
Ti64_DIC_Mclean_fresh_4x4_full_Train,Ti64 DIC McLean fresh 4x4,D6h,Atindama,14,9679,86535,69414,0.8021494193101057,0.19785058068989425,22797,8029,0.3521954643154801,0.2533681598619033
Ti64_DIC_Mclean_fresh_4x4_full_Train,Ti64 DIC McLean fresh 4x4,D6h,Atindama,15,9791,87447,67489,0.7717703294566994,0.22822967054330057,22980,8585,0.373585726718886,0.28335382483271726
Ti64_DIC_Mclean_fresh_4x4_full_Train,Ti64 DIC McLean fresh 4x4,D6h,Atindama,16,9655,86129,65858,0.7646437320763041,0.2353562679236959,22678,8363,0.36877149660463887,0.2873322110109143
Ti64_DIC_Mclean_fresh_4x4_full_Train,Ti64 DIC McLean fresh 4x4,D6h,Atindama,17,10047,89431,68804,0.7693529089465622,0.23064709105343784,25894,8710,0.336371360160655,0.2736527376441575
Ti64_DIC_Mclean_fresh_4x4_full_Train,Ti64 DIC McLean fresh 4x4,D6h,Atindama,18,9637,86028,63887,0.7426303064118659,0.2573696935881341,22436,8590,0.382866821180246,0.3078184832612094
Ti64_DIC_Mclean_fresh_4x4_full_Train,Ti64 DIC McLean fresh 4x4,D6h,Atindama,19,9602,85684,67711,0.7902408851127398,0.20975911488726018,22689,7944,0.3501256115298162,0.2623469971893664
Ti64_DIC_Mclean_fresh_4x4_full_Train,Ti64 DIC McLean fresh 4x4,D6h,Atindama,20,9873,88044,58803,0.6678819681068556,0.33211803189314437,23060,10251,0.4445359930615785,0.3801909585928764
Ti64_DIC_Mclean_fresh_4x4_full_Train,Ti64 DIC McLean fresh 4x4,D6h,Atindama,21,9561,85303,58190,0.6821565478353634,0.3178434521646366,22482,9726,0.4326127568721644,0.3664521138980048
Ti64_DIC_Mclean_fresh_4x4_full_Train,Ti64 DIC McLean fresh 4x4,D6h,Atindama,22,9802,87510,77064,0.8806307850531367,0.11936921494686326,23697,6811,0.2874203485673292,0.16868250538113358
Ti64_DIC_Mclean_fresh_4x4_full_Train,Ti64 DIC McLean fresh 4x4,D6h,Atindama,23,9446,84231,74508,0.8845674395412615,0.11543256045873851,22552,6336,0.2809506917346577,0.16363384441763548
Ti64_DIC_Mclean_fresh_4x4_full_Train,Ti64 DIC McLean fresh 4x4,D6h,Atindama,24,8506,75871,62512,0.8239248197598555,0.17607518024014446,19847,6632,0.3341562956618129,0.2306272065361109
Ti64_DIC_Mclean_fresh_4x4_full_Train,Ti64 DIC McLean fresh 4x4,D6h,Atindama,25,9139,81718,62054,0.7593675811938618,0.24063241880613817,21114,8140,0.38552619115278963,0.29631501799934845
Ti64_DIC_Mclean_fresh_4x4_full_Train,Ti64 DIC McLean fresh 4x4,D6h,Atindama,26,8725,77883,60983,0.7830078451009848,0.21699215489901524,20350,7406,0.36393120393120393,0.2718782606195898
Ti64_DIC_Mclean_fresh_4x4_full_Train,Ti64 DIC McLean fresh 4x4,D6h,Atindama,27,8632,76996,49443,0.6421502415709907,0.35784975842900935,19274,9330,0.4840718065788108,0.41149909028618975
Ti64_DIC_Mclean_fresh_4x4_full_Train,Ti64 DIC McLean fresh 4x4,D6h,Atindama,28,8364,74797,48305,0.6458146717114323,0.35418532828856775,18765,8657,0.46133759658939516,0.40072204745029144
Ti64_DIC_Mclean_fresh_4x4_full_Train,Ti64 DIC McLean fresh 4x4,D6h,Atindama,29,8710,77681,53532,0.6891260411168755,0.3108739588831245,19881,8474,0.426236104823701,0.35952759797936645
Ti64_DIC_Mclean_fresh_4x4_full_Train,Ti64 DIC McLean fresh 4x4,D6h,Atindama,30,7900,70483,40349,0.5724642821673311,0.42753571783266886,17551,9123,0.5197994416272577,0.46917466365720967
Ti64_DIC_Mclean_fresh_4x4_full_Train,Ti64 DIC McLean fresh 4x4,D6h,Atindama,31,8896,79345,62500,0.7876992879198437,0.21230071208015633,20687,7323,0.35399042877169234,0.2654197273322744
Ti64_DIC_Mclean_fresh_4x4_full_Train,Ti64 DIC McLean fresh 4x4,D6h,Atindama,32,8684,77499,66630,0.8597530290713429,0.14024697092865712,20205,6175,0.30561742143033904,0.19226436716265435
Ti64_DIC_Mclean_fresh_4x4_full_Train,Ti64 DIC McLean fresh 4x4,D6h,Atindama,33,8745,78112,63648,0.814829987709955,0.18517001229004504,20233,6856,0.3388523698907725,0.2394756393269268
Ti64_DIC_Mclean_fresh_4x4_full_Train,Ti64 DIC McLean fresh 4x4,D6h,Atindama,34,8605,76764,67841,0.8837606169558647,0.11623938304413528,19971,5819,0.29137249011066046,0.16618239417002664
Ti64_DIC_Mclean_fresh_4x4_full_Train,Ti64 DIC McLean fresh 4x4,D6h,Atindama,35,8420,75141,67004,0.8917102513940458,0.1082897486059542,19582,5588,0.285364109896844,0.15700091364236668
Ti64_DIC_Mclean_fresh_4x4_full_Train,Ti64 DIC McLean fresh 4x4,D6h,Atindama,36,8976,80110,67939,0.8480714018224941,0.15192859817750592,21136,6642,0.31425056775170324,0.20482960940494563
Ti64_DIC_Mclean_fresh_4x4_full_Train,Ti64 DIC McLean fresh 4x4,D6h,Atindama,37,9691,86538,67310,0.7778085927569391,0.22219140724306086,23073,8051,0.34893598578425,0.2715001194678811
Ti64_DIC_Mclean_fresh_4x4_full_Train,Ti64 DIC McLean fresh 4x4,D6h,Atindama,38,10210,91096,73308,0.8047334679898129,0.19526653201018707,24929,8448,0.3388824260900959,0.24776757531141017
Ti64_DIC_Mclean_fresh_4x4_full_Train,Ti64 DIC McLean fresh 4x4,D6h,Atindama,39,10248,91586,70098,0.7653789880549429,0.23462101194505713,24814,8960,0.3610864834367696,0.2844297807242313
Ti64_DIC_Mclean_fresh_4x4_full_Train,Ti64 DIC McLean fresh 4x4,D6h,Atindama,40,10078,89932,72509,0.8062647333540898,0.19373526664591023,24299,8346,0.3434709247294127,0.2477351611202105
Ti64_DIC_Mclean_fresh_4x4_full_Train,Ti64 DIC McLean fresh 4x4,D6h,Atindama,41,9023,80584,67318,0.8353767497269929,0.16462325027300706,21007,7084,0.3372209263578807,0.2212416026416908
Ti64_DIC_Mclean_fresh_4x4_full_Train,Ti64 DIC McLean fresh 4x4,D6h,Atindama,42,10375,92573,82414,0.8902595789269009,0.10974042107309911,24656,7132,0.2892602206359507,0.15911522485938298
Ti64_DIC_Mclean_fresh_4x4_full_Train,Ti64 DIC McLean fresh 4x4,D6h,Atindama,43,9906,88432,76817,0.8686561425728243,0.1313438574271757,23837,7184,0.3013802072408441,0.18295464571207867
Ti64_DIC_Mclean_fresh_4x4_full_Train,Ti64 DIC McLean fresh 4x4,D6h,Atindama,44,9054,80722,67568,0.8370456628923961,0.16295433710760387,21638,6826,0.31546353637119884,0.2149006310202867
Ti64_DIC_Mclean_fresh_4x4_full_Train,Ti64 DIC McLean fresh 4x4,D6h,Atindama,45,10060,89764,77665,0.865213225792077,0.13478677420792295,24277,7525,0.3099641636116489,0.1878762524396074
Ti64_DIC_Mclean_fresh_4x4_full_Train,Ti64 DIC McLean fresh 4x4,D6h,Atindama,46,10001,89243,76301,0.8549802225384624,0.1450197774615376,23986,7618,0.3176019344617694,0.19911975884363678
Ti64_DIC_Mclean_fresh_4x4_full_Train,Ti64 DIC McLean fresh 4x4,D6h,Atindama,47,9753,86852,72654,0.8365265048588403,0.16347349514115972,23548,7454,0.3165449295056905,0.21560299912894934
Ti64_DIC_Mclean_fresh_4x4_full_Train,Ti64 DIC McLean fresh 4x4,D6h,Atindama,48,8866,79096,64795,0.8191943966825124,0.18080560331748763,20657,7003,0.33901340949799097,0.23583409812199757
Ti64_DIC_Mclean_fresh_4x4_full_Train,Ti64 DIC McLean fresh 4x4,D6h,Atindama,49,9412,83985,68812,0.8193367863308925,0.18066321366910754,22445,7713,0.34364000891067054,0.2368213876298878
Ti64_DIC_Mclean_fresh_4x4_full_Train,Ti64 DIC McLean fresh 4x4,D6h,Atindama,50,9205,82100,67213,0.8186723507917174,0.1813276492082826,21888,7844,0.3583698830409357,0.2408103226562573
Ti64_DIC_Mclean_fresh_4x4_full_Train,Ti64 DIC McLean fresh 4x4,D6h,Atindama,51,9154,81731,68484,0.8379195164625417,0.1620804835374583,21800,7051,0.3234403669724771,0.2159469403605326
Ti64_DIC_Mclean_fresh_4x4_full_Train,Ti64 DIC McLean fresh 4x4,D6h,Atindama,52,8988,80135,66548,0.8304486179571973,0.16955138204280273,21724,7008,0.3225925243969803,0.22227648308748071
Ti64_DIC_Mclean_fresh_4x4_full_Train,Ti64 DIC McLean fresh 4x4,D6h,Atindama,53,9005,80324,65165,0.8112768288431851,0.18872317115681492,20710,7234,0.34929985514244327,0.24504890357771242
Ti64_DIC_Mclean_fresh_4x4_full_Train,Ti64 DIC McLean fresh 4x4,D6h,Atindama,54,10002,89248,76399,0.8560303872355683,0.14396961276443165,23834,7379,0.30959973147604264,0.19654306014537926
Ti64_DIC_Mclean_fresh_4x4_full_Train,Ti64 DIC McLean fresh 4x4,D6h,Atindama,55,9545,85234,70047,0.8218199310134453,0.1781800689865547,22499,7682,0.3414373972176541,0.23416202474965425
Ti64_DIC_Mclean_fresh_4x4_full_Train,Ti64 DIC McLean fresh 4x4,D6h,Atindama,56,10354,92427,72352,0.7828015623140424,0.2171984376859576,24267,8892,0.3664235381382124,0.27273345868305
Ti64_DIC_Mclean_fresh_4x4_full_Train,Ti64 DIC McLean fresh 4x4,D6h,Atindama,57,9287,82865,63774,0.7696132263319858,0.2303867736680142,21650,8035,0.3711316397228637,0.28429327906977436
Ti64_DIC_Mclean_fresh_4x4_full_Train,Ti64 DIC McLean fresh 4x4,D6h,Atindama,58,9920,88555,66965,0.7561967139066117,0.2438032860933883,23208,8995,0.3875818683212685,0.2993219985178246
Ti64_DIC_Mclean_fresh_4x4_full_Train,Ti64 DIC McLean fresh 4x4,D6h,Atindama,59,9598,85679,67896,0.7924462236954213,0.20755377630457872,22472,7914,0.35217159131363474,0.2611800283248737
Ti64_DIC_Mclean_fresh_4x4_full_Train,Ti64 DIC McLean fresh 4x4,D6h,Atindama,60,9918,88600,71414,0.8060270880361173,0.19397291196388267,23292,8225,0.35312553666494934,0.25040022982108406
Ti64_DIC_Mclean_fresh_4x4_full_Train,Ti64 DIC McLean fresh 4x4,D6h,Atindama,61,9665,86251,68145,0.7900777961994644,0.2099222038005356,22387,8182,0.36547996605172645,0.2666738637368096
Ti64_DIC_Mclean_fresh_4x4_full_Train,Ti64 DIC McLean fresh 4x4,D6h,Atindama,62,8961,80004,60328,0.7540622968851557,0.2459377031148443,20590,8090,0.3929091792132103,0.30251750064521576
Ti64_DIC_Mclean_fresh_4x4_full_Train,Ti64 DIC McLean fresh 4x4,D6h,Atindama,63,9119,81325,61651,0.7580817706732247,0.2419182293267753,21098,8336,0.39510854109394256,0.30009400889135185
Ti64_DIC_Mclean_fresh_4x4_full_Train,Ti64 DIC McLean fresh 4x4,D6h,Atindama,64,9884,88214,71025,0.8051443081597025,0.1948556918402975,22973,8312,0.3618160449223001,0.2532979890887535
Ti64_DIC_Mclean_fresh_4x4_full_Train,Ti64 DIC McLean fresh 4x4,D6h,Atindama,65,8868,79164,58528,0.7393259562427366,0.26067404375726344,20303,8210,0.4043737378712505,0.3169989897027245
Ti64_DIC_Mclean_fresh_4x4_full_Train,Ti64 DIC McLean fresh 4x4,D6h,Atindama,66,9681,86479,69391,0.8024028955006418,0.1975971044993582,22574,8149,0.3609905200673341,0.2553965694186488
Ti64_DIC_Mclean_fresh_4x4_full_Train,Ti64 DIC McLean fresh 4x4,D6h,Atindama,67,9216,82295,62849,0.7637037487089131,0.2362962512910869,21328,8186,0.38381470367591897,0.29250886455906766
Ti64_DIC_Mclean_fresh_4x4_full_Train,Ti64 DIC McLean fresh 4x4,D6h,Atindama,68,9682,86384,67921,0.7862682904241526,0.21373170957584742,22231,8337,0.37501686833700687,0.2722825987065504
Ti64_DIC_Mclean_fresh_4x4_full_Train,Ti64 DIC McLean fresh 4x4,D6h,Atindama,69,9088,81163,56303,0.6937027956088365,0.3062972043911635,20565,8947,0.4350595672258692,0.35949635664419577
Ti64_DIC_Mclean_fresh_4x4_full_Train,Ti64 DIC McLean fresh 4x4,D6h,Atindama,70,9625,85924,70400,0.8193287090917555,0.18067129090824452,22281,7804,0.350253579282797,0.2383793635113982
Ti64_DIC_Mclean_fresh_4x4_full_Train,Ti64 DIC McLean fresh 4x4,D6h,Atindama,71,9427,84149,69031,0.8203424877300978,0.17965751226990223,21846,7537,0.345005950746132,0.23627683343167438
Ti64_DIC_Mclean_fresh_4x4_full_Train,Ti64 DIC McLean fresh 4x4,D6h,Bicubic,0,8143,72679,57564,0.7920307103840174,0.2079692896159826,18857,5471,0.2901309858408018,0.24227384723111348
Ti64_DIC_Mclean_fresh_4x4_full_Train,Ti64 DIC McLean fresh 4x4,D6h,Bicubic,1,8769,78170,64369,0.82344889343738,0.17655110656261996,20552,5442,0.264791747761775,0.2118501551251126
Ti64_DIC_Mclean_fresh_4x4_full_Train,Ti64 DIC McLean fresh 4x4,D6h,Bicubic,2,9331,83220,69676,0.8372506608988224,0.16274933910117761,23004,5528,0.24030603373326379,0.19406588180219403
Ti64_DIC_Mclean_fresh_4x4_full_Train,Ti64 DIC McLean fresh 4x4,D6h,Bicubic,3,10084,89894,67550,0.7514405855785703,0.2485594144214297,23692,7656,0.3231470538578423,0.28098769888214553
Ti64_DIC_Mclean_fresh_4x4_full_Train,Ti64 DIC McLean fresh 4x4,D6h,Bicubic,4,9506,84825,58877,0.6940996168582375,0.3059003831417625,21648,7653,0.353519955654102,0.32799076255464416
Ti64_DIC_Mclean_fresh_4x4_full_Train,Ti64 DIC McLean fresh 4x4,D6h,Bicubic,5,8432,75195,49176,0.6539796529024536,0.34602034709754637,18971,7208,0.37994834220652574,0.3621915357684887
Ti64_DIC_Mclean_fresh_4x4_full_Train,Ti64 DIC McLean fresh 4x4,D6h,Bicubic,6,9322,83315,65260,0.7832923243113485,0.21670767568865146,21471,6689,0.31153649108099296,0.25561039050262113
Ti64_DIC_Mclean_fresh_4x4_full_Train,Ti64 DIC McLean fresh 4x4,D6h,Bicubic,7,8828,78766,58079,0.7373612980219891,0.26263870197801087,20087,6782,0.3376313038283467,0.29545053568185875
Ti64_DIC_Mclean_fresh_4x4_full_Train,Ti64 DIC McLean fresh 4x4,D6h,Bicubic,8,8985,80054,56326,0.7036000699527819,0.2963999300472181,21323,6978,0.3272522628148009,0.31106295757886065
Ti64_DIC_Mclean_fresh_4x4_full_Train,Ti64 DIC McLean fresh 4x4,D6h,Bicubic,9,9202,81953,59341,0.7240857564701719,0.2759142435298281,22240,7277,0.32720323741007196,0.2993779374121874
Ti64_DIC_Mclean_fresh_4x4_full_Train,Ti64 DIC McLean fresh 4x4,D6h,Bicubic,10,8016,71484,49563,0.6933439650830955,0.3066560349169045,17466,6832,0.3911599679377075,0.3437913842482986
Ti64_DIC_Mclean_fresh_4x4_full_Train,Ti64 DIC McLean fresh 4x4,D6h,Bicubic,11,7239,64656,33742,0.5218695867359564,0.4781304132640436,15045,8033,0.5339315387171818,0.5044926484229468
Ti64_DIC_Mclean_fresh_4x4_full_Train,Ti64 DIC McLean fresh 4x4,D6h,Bicubic,12,7904,70526,41949,0.594801917023509,0.40519808297649096,17004,7676,0.4514231945424606,0.427063435943387
Ti64_DIC_Mclean_fresh_4x4_full_Train,Ti64 DIC McLean fresh 4x4,D6h,Bicubic,13,9002,80410,54316,0.6754881233677403,0.32451187663225967,20715,7391,0.35679459328988655,0.33988840016145955
Ti64_DIC_Mclean_fresh_4x4_full_Train,Ti64 DIC McLean fresh 4x4,D6h,Bicubic,14,9679,86535,64618,0.7467267579592073,0.2532732420407927,22797,7102,0.31153221915164275,0.27939806027412417
Ti64_DIC_Mclean_fresh_4x4_full_Train,Ti64 DIC McLean fresh 4x4,D6h,Bicubic,15,9791,87447,62131,0.7104989307809302,0.2895010692190698,22980,8534,0.3713664055700609,0.325363179717325
Ti64_DIC_Mclean_fresh_4x4_full_Train,Ti64 DIC McLean fresh 4x4,D6h,Bicubic,16,9655,86129,62357,0.723995402245469,0.276004597754531,22678,8203,0.36171620072316785,0.3131004499781463
Ti64_DIC_Mclean_fresh_4x4_full_Train,Ti64 DIC McLean fresh 4x4,D6h,Bicubic,17,10047,89431,65238,0.7294785924343907,0.2705214075656093,25894,8384,0.3237815710203136,0.29476495825287535
Ti64_DIC_Mclean_fresh_4x4_full_Train,Ti64 DIC McLean fresh 4x4,D6h,Bicubic,18,9637,86028,58712,0.6824754731017808,0.3175245268982192,22436,8681,0.3869228026386165,0.34880529658544335
Ti64_DIC_Mclean_fresh_4x4_full_Train,Ti64 DIC McLean fresh 4x4,D6h,Bicubic,19,9602,85684,64693,0.7550184398487465,0.2449815601512535,22689,6918,0.3049054607959804,0.2716784089785012
Ti64_DIC_Mclean_fresh_4x4_full_Train,Ti64 DIC McLean fresh 4x4,D6h,Bicubic,20,9873,88044,53426,0.6068102312480124,0.39318976875198763,23060,9057,0.3927580225498699,0.39297377706494563
Ti64_DIC_Mclean_fresh_4x4_full_Train,Ti64 DIC McLean fresh 4x4,D6h,Bicubic,21,9561,85303,49965,0.5857355544353657,0.41426444556463426,22482,9233,0.4106841028378258,0.4124665047142322
Ti64_DIC_Mclean_fresh_4x4_full_Train,Ti64 DIC McLean fresh 4x4,D6h,Bicubic,22,9802,87510,71722,0.8195863329905154,0.18041366700948458,23697,6340,0.26754441490484027,0.21550529359629214
Ti64_DIC_Mclean_fresh_4x4_full_Train,Ti64 DIC McLean fresh 4x4,D6h,Bicubic,23,9446,84231,72376,0.8592560933623012,0.14074390663769876,22552,5229,0.2318641362185172,0.17516242585865185
Ti64_DIC_Mclean_fresh_4x4_full_Train,Ti64 DIC McLean fresh 4x4,D6h,Bicubic,24,8506,75871,60459,0.7968657326251137,0.20313426737488627,19847,5362,0.2701667758351388,0.23190369370875547
Ti64_DIC_Mclean_fresh_4x4_full_Train,Ti64 DIC McLean fresh 4x4,D6h,Bicubic,25,9139,81718,57626,0.7051812330208767,0.29481876697912335,21114,7643,0.36198730700009474,0.324968527971433
Ti64_DIC_Mclean_fresh_4x4_full_Train,Ti64 DIC McLean fresh 4x4,D6h,Bicubic,26,8725,77883,55447,0.7119268646559583,0.28807313534404166,20350,6981,0.34304668304668307,0.31316568003399603
Ti64_DIC_Mclean_fresh_4x4_full_Train,Ti64 DIC McLean fresh 4x4,D6h,Bicubic,27,8632,76996,42295,0.5493142500909138,0.45068574990908616,19274,8500,0.441008612638788,0.44579467057650446
Ti64_DIC_Mclean_fresh_4x4_full_Train,Ti64 DIC McLean fresh 4x4,D6h,Bicubic,28,8364,74797,42164,0.5637124483602284,0.4362875516397716,18765,7994,0.426005861977085,0.4310854091453299
Ti64_DIC_Mclean_fresh_4x4_full_Train,Ti64 DIC McLean fresh 4x4,D6h,Bicubic,29,8710,77681,46786,0.6022836987165459,0.39771630128345414,19881,8038,0.40430561842965645,0.4009838913317519
Ti64_DIC_Mclean_fresh_4x4_full_Train,Ti64 DIC McLean fresh 4x4,D6h,Bicubic,30,7900,70483,30978,0.43951023651093174,0.5604897634890682,17551,8754,0.4987749985755797,0.5278345716721299
Ti64_DIC_Mclean_fresh_4x4_full_Train,Ti64 DIC McLean fresh 4x4,D6h,Bicubic,31,8896,79345,57779,0.7281996345075304,0.27180036549246955,20687,6889,0.3330110697539518,0.29930826435278757
Ti64_DIC_Mclean_fresh_4x4_full_Train,Ti64 DIC McLean fresh 4x4,D6h,Bicubic,32,8684,77499,63996,0.8257654937483064,0.17423450625169357,20205,5103,0.2525612472160356,0.20621050631107168
Ti64_DIC_Mclean_fresh_4x4_full_Train,Ti64 DIC McLean fresh 4x4,D6h,Bicubic,33,8745,78112,56845,0.7277370954526833,0.2722629045473167,20233,6672,0.3297583156229921,0.29826509033933407
Ti64_DIC_Mclean_fresh_4x4_full_Train,Ti64 DIC McLean fresh 4x4,D6h,Bicubic,34,8605,76764,62757,0.8175316554634985,0.18246834453650151,19971,5298,0.26528466276100343,0.21621765775326873
Ti64_DIC_Mclean_fresh_4x4_full_Train,Ti64 DIC McLean fresh 4x4,D6h,Bicubic,35,8420,75141,63271,0.8420303163386167,0.1579696836613833,19582,4937,0.25211929322847515,0.19423689609160372
Ti64_DIC_Mclean_fresh_4x4_full_Train,Ti64 DIC McLean fresh 4x4,D6h,Bicubic,36,8976,80110,63922,0.79792784920734,0.20207215079266005,21136,5998,0.283781226343679,0.23605591917396132
Ti64_DIC_Mclean_fresh_4x4_full_Train,Ti64 DIC McLean fresh 4x4,D6h,Bicubic,37,9691,86538,63112,0.7292981118121519,0.2707018881878481,23073,7534,0.3265288432366836,0.2960061154292213
Ti64_DIC_Mclean_fresh_4x4_full_Train,Ti64 DIC McLean fresh 4x4,D6h,Bicubic,38,10210,91096,65170,0.7153991393694564,0.2846008606305436,24929,8305,0.3331461350234666,0.30696604729914845
Ti64_DIC_Mclean_fresh_4x4_full_Train,Ti64 DIC McLean fresh 4x4,D6h,Bicubic,39,10248,91586,64088,0.6997576048741074,0.30024239512589257,24814,8497,0.34242766180382045,0.31995049474845016
Ti64_DIC_Mclean_fresh_4x4_full_Train,Ti64 DIC McLean fresh 4x4,D6h,Bicubic,40,10078,89932,64853,0.7211337454965975,0.2788662545034025,24299,8282,0.3408370714844232,0.30675309792556066
Ti64_DIC_Mclean_fresh_4x4_full_Train,Ti64 DIC McLean fresh 4x4,D6h,Bicubic,41,9023,80584,61095,0.7581529832224759,0.24184701677752407,21007,6737,0.32070262293521207,0.27574801281257394
Ti64_DIC_Mclean_fresh_4x4_full_Train,Ti64 DIC McLean fresh 4x4,D6h,Bicubic,42,10375,92573,75297,0.8133797111468787,0.18662028885312132,24656,6863,0.27835009733939,0.22343692033008022
Ti64_DIC_Mclean_fresh_4x4_full_Train,Ti64 DIC McLean fresh 4x4,D6h,Bicubic,43,9906,88432,72934,0.8247466980278633,0.17525330197213673,23837,6323,0.2652598900868398,0.21106142770072095
Ti64_DIC_Mclean_fresh_4x4_full_Train,Ti64 DIC McLean fresh 4x4,D6h,Bicubic,44,9054,80722,62942,0.7797378657615024,0.2202621342384976,21638,5906,0.2729457435992236,0.24379015306912724
Ti64_DIC_Mclean_fresh_4x4_full_Train,Ti64 DIC McLean fresh 4x4,D6h,Bicubic,45,10060,89764,68997,0.7686489015641014,0.23135109843589863,24277,7271,0.29950158586316267,0.26105178676538837
Ti64_DIC_Mclean_fresh_4x4_full_Train,Ti64 DIC McLean fresh 4x4,D6h,Bicubic,46,10001,89243,70658,0.7917483724213664,0.20825162757863358,23986,6909,0.2880430250979738,0.24173312553667023
Ti64_DIC_Mclean_fresh_4x4_full_Train,Ti64 DIC McLean fresh 4x4,D6h,Bicubic,47,9753,86852,68810,0.7922673053009718,0.20773269469902822,23548,6795,0.28855953796500766,0.24156433027698038
Ti64_DIC_Mclean_fresh_4x4_full_Train,Ti64 DIC McLean fresh 4x4,D6h,Bicubic,48,8866,79096,60445,0.7641979366845353,0.23580206331546472,20657,6572,0.31814881154088204,0.27085487037874073
Ti64_DIC_Mclean_fresh_4x4_full_Train,Ti64 DIC McLean fresh 4x4,D6h,Bicubic,49,9412,83985,62773,0.7474310888849199,0.25256891111508006,22445,7246,0.3228335932278904,0.2834111026542775
Ti64_DIC_Mclean_fresh_4x4_full_Train,Ti64 DIC McLean fresh 4x4,D6h,Bicubic,50,9205,82100,55310,0.6736906211936663,0.3263093788063337,21888,7815,0.35704495614035087,0.3409859625846449
Ti64_DIC_Mclean_fresh_4x4_full_Train,Ti64 DIC McLean fresh 4x4,D6h,Bicubic,51,9154,81731,62261,0.7617794961520109,0.2382205038479891,21800,6662,0.30559633027522937,0.2677346753696363
Ti64_DIC_Mclean_fresh_4x4_full_Train,Ti64 DIC McLean fresh 4x4,D6h,Bicubic,52,8988,80135,62564,0.7807325138828227,0.21926748611717728,21724,6244,0.2874240471368072,0.24876179738224263
Ti64_DIC_Mclean_fresh_4x4_full_Train,Ti64 DIC McLean fresh 4x4,D6h,Bicubic,53,9005,80324,61854,0.7700562720980031,0.2299437279019969,20710,6218,0.30024142926122643,0.26043216254617174
Ti64_DIC_Mclean_fresh_4x4_full_Train,Ti64 DIC McLean fresh 4x4,D6h,Bicubic,54,10002,89248,75082,0.8412737540337039,0.15872624596629614,23834,6111,0.2563984224217504,0.19607198589625863
Ti64_DIC_Mclean_fresh_4x4_full_Train,Ti64 DIC McLean fresh 4x4,D6h,Bicubic,55,9545,85234,67928,0.7969589600394209,0.2030410399605791,22499,6365,0.28290146228721275,0.2364090683299569
Ti64_DIC_Mclean_fresh_4x4_full_Train,Ti64 DIC McLean fresh 4x4,D6h,Bicubic,56,10354,92427,69096,0.7475737609140186,0.2524262390859814,24267,7958,0.3279350558371451,0.28526855093045667
Ti64_DIC_Mclean_fresh_4x4_full_Train,Ti64 DIC McLean fresh 4x4,D6h,Bicubic,57,9287,82865,59735,0.7208712966873831,0.27912870331261685,21650,7195,0.3323325635103926,0.30341597270155346
Ti64_DIC_Mclean_fresh_4x4_full_Train,Ti64 DIC McLean fresh 4x4,D6h,Bicubic,58,9920,88555,62460,0.7053243746824007,0.2946756253175993,23208,8397,0.3618148914167528,0.3248120929691776
Ti64_DIC_Mclean_fresh_4x4_full_Train,Ti64 DIC McLean fresh 4x4,D6h,Bicubic,59,9598,85679,67333,0.7858751852846089,0.21412481471539113,22472,6619,0.29454432182271273,0.24797749187220228
Ti64_DIC_Mclean_fresh_4x4_full_Train,Ti64 DIC McLean fresh 4x4,D6h,Bicubic,60,9918,88600,68973,0.7784762979683973,0.22152370203160265,23292,7321,0.31431392752876525,0.25988464036537245
Ti64_DIC_Mclean_fresh_4x4_full_Train,Ti64 DIC McLean fresh 4x4,D6h,Bicubic,61,9665,86251,64779,0.7510521617140671,0.24894783828593292,22387,7342,0.3279581900209943,0.2830425700126573
Ti64_DIC_Mclean_fresh_4x4_full_Train,Ti64 DIC McLean fresh 4x4,D6h,Bicubic,62,8961,80004,55720,0.6964651767411629,0.30353482325883707,20590,6826,0.3315201554152501,0.3169108664916169
Ti64_DIC_Mclean_fresh_4x4_full_Train,Ti64 DIC McLean fresh 4x4,D6h,Bicubic,63,9119,81325,56653,0.6966246541653858,0.30337534583461423,21098,7332,0.3475210920466395,0.32395117056611106
Ti64_DIC_Mclean_fresh_4x4_full_Train,Ti64 DIC McLean fresh 4x4,D6h,Bicubic,64,9884,88214,68733,0.7791620377717823,0.22083796222821772,22973,7208,0.3137596308710225,0.25922315553026337
Ti64_DIC_Mclean_fresh_4x4_full_Train,Ti64 DIC McLean fresh 4x4,D6h,Bicubic,65,8868,79164,56063,0.708188065282199,0.291811934717801,20303,6736,0.33177362951287986,0.31051233469761896
Ti64_DIC_Mclean_fresh_4x4_full_Train,Ti64 DIC McLean fresh 4x4,D6h,Bicubic,66,9681,86479,66352,0.7672614160663283,0.23273858393367175,22574,6865,0.3041109240719412,0.2636803974737887
Ti64_DIC_Mclean_fresh_4x4_full_Train,Ti64 DIC McLean fresh 4x4,D6h,Bicubic,67,9216,82295,60200,0.7315146728233793,0.26848532717662066,21328,6811,0.3193454613653413,0.29171514098371204
Ti64_DIC_Mclean_fresh_4x4_full_Train,Ti64 DIC McLean fresh 4x4,D6h,Bicubic,68,9682,86384,64411,0.7456357658825709,0.25436423411742914,22231,7568,0.3404255319148936,0.2911686940317822
Ti64_DIC_Mclean_fresh_4x4_full_Train,Ti64 DIC McLean fresh 4x4,D6h,Bicubic,69,9088,81163,53766,0.6624447100279685,0.33755528997203155,20565,7646,0.37179674203744223,0.3538495737118838
Ti64_DIC_Mclean_fresh_4x4_full_Train,Ti64 DIC McLean fresh 4x4,D6h,Bicubic,70,9625,85924,69073,0.8038848284530515,0.19611517154694846,22281,6461,0.2899780081683946,0.23398430255733996
Ti64_DIC_Mclean_fresh_4x4_full_Train,Ti64 DIC McLean fresh 4x4,D6h,Bicubic,71,9427,84149,65065,0.7732118028734745,0.22678819712652554,21846,6864,0.31419939577039274,0.263431973082564
Ti64_DIC_Mclean_fresh_4x4_full_Train,Ti64 DIC McLean fresh 4x4,D6h,EDSR,0,8143,72679,11082,0.15247870774226394,0.8475212922577361,18857,12331,0.653921620618338,0.7382398520635202
Ti64_DIC_Mclean_fresh_4x4_full_Train,Ti64 DIC McLean fresh 4x4,D6h,EDSR,1,8769,78170,12986,0.16612511193552515,0.8338748880644749,20552,13320,0.6481121058777735,0.7293510833106813
Ti64_DIC_Mclean_fresh_4x4_full_Train,Ti64 DIC McLean fresh 4x4,D6h,EDSR,2,9331,83220,15597,0.18741888968997836,0.8125811103100217,23004,13964,0.6070248652408277,0.6949209111236443
Ti64_DIC_Mclean_fresh_4x4_full_Train,Ti64 DIC McLean fresh 4x4,D6h,EDSR,3,10084,89894,11486,0.1277727100807618,0.8722272899192383,23692,15660,0.6609826101637684,0.7520523715841847
Ti64_DIC_Mclean_fresh_4x4_full_Train,Ti64 DIC McLean fresh 4x4,D6h,EDSR,4,9506,84825,10081,0.11884468022399057,0.8811553197760095,21648,14659,0.6771526237989652,0.7658006740206714
Ti64_DIC_Mclean_fresh_4x4_full_Train,Ti64 DIC McLean fresh 4x4,D6h,EDSR,5,8432,75195,7489,0.09959438792472904,0.9004056120752709,18971,12913,0.6806704970744821,0.7752688589665845
Ti64_DIC_Mclean_fresh_4x4_full_Train,Ti64 DIC McLean fresh 4x4,D6h,EDSR,6,9322,83315,10449,0.12541559143011463,0.8745844085698854,21471,13985,0.6513436728610684,0.7466341668877801
Ti64_DIC_Mclean_fresh_4x4_full_Train,Ti64 DIC McLean fresh 4x4,D6h,EDSR,7,8828,78766,9593,0.1217911281517406,0.8782088718482594,20087,13538,0.6739682381639867,0.7626512236028066
Ti64_DIC_Mclean_fresh_4x4_full_Train,Ti64 DIC McLean fresh 4x4,D6h,EDSR,8,8985,80054,9928,0.12401628900492168,0.8759837109950783,21323,13604,0.63799652956901,0.7382851540593602
Ti64_DIC_Mclean_fresh_4x4_full_Train,Ti64 DIC McLean fresh 4x4,D6h,EDSR,9,9202,81953,10498,0.12809781216062865,0.8719021878393713,22240,13743,0.6179406474820144,0.7232760257939834
Ti64_DIC_Mclean_fresh_4x4_full_Train,Ti64 DIC McLean fresh 4x4,D6h,EDSR,10,8016,71484,5459,0.07636673941021767,0.9236332605897823,17466,12275,0.7027939997709837,0.7982206513034257
Ti64_DIC_Mclean_fresh_4x4_full_Train,Ti64 DIC McLean fresh 4x4,D6h,EDSR,11,7239,64656,3264,0.050482553823311065,0.949517446176689,15045,11070,0.7357926221335992,0.8291031361183493
Ti64_DIC_Mclean_fresh_4x4_full_Train,Ti64 DIC McLean fresh 4x4,D6h,EDSR,12,7904,70526,6231,0.08835039559878627,0.9116496044012137,17004,11970,0.7039520112914608,0.7944502733567164
Ti64_DIC_Mclean_fresh_4x4_full_Train,Ti64 DIC McLean fresh 4x4,D6h,EDSR,13,9002,80410,9412,0.11705011814450939,0.8829498818554906,20715,13768,0.664639150374125,0.7583965084760272
Ti64_DIC_Mclean_fresh_4x4_full_Train,Ti64 DIC McLean fresh 4x4,D6h,EDSR,14,9679,86535,12737,0.14718899867105795,0.852811001328942,22797,14724,0.6458744571654165,0.7350559644468575
Ti64_DIC_Mclean_fresh_4x4_full_Train,Ti64 DIC McLean fresh 4x4,D6h,EDSR,15,9791,87447,11633,0.13302914908458838,0.8669708509154116,22980,15230,0.6627502175805048,0.7512286153515552
Ti64_DIC_Mclean_fresh_4x4_full_Train,Ti64 DIC McLean fresh 4x4,D6h,EDSR,16,9655,86129,11383,0.13216222178360365,0.8678377782163964,22678,14613,0.644368991974601,0.739591655546082
Ti64_DIC_Mclean_fresh_4x4_full_Train,Ti64 DIC McLean fresh 4x4,D6h,EDSR,17,10047,89431,13127,0.1467835538012546,0.8532164461987454,25894,14883,0.5747663551401869,0.6868431559084578
Ti64_DIC_Mclean_fresh_4x4_full_Train,Ti64 DIC McLean fresh 4x4,D6h,EDSR,18,9637,86028,11444,0.13302645650253406,0.8669735434974659,22436,14737,0.6568461401319309,0.7474220628079401
Ti64_DIC_Mclean_fresh_4x4_full_Train,Ti64 DIC McLean fresh 4x4,D6h,EDSR,19,9602,85684,12983,0.15152187106110826,0.8484781289388917,22689,14430,0.6359910088589185,0.7270268508499931
Ti64_DIC_Mclean_fresh_4x4_full_Train,Ti64 DIC McLean fresh 4x4,D6h,EDSR,20,9873,88044,9930,0.11278451683249284,0.8872154831675072,23060,15161,0.6574588031222897,0.7552500029969926
Ti64_DIC_Mclean_fresh_4x4_full_Train,Ti64 DIC McLean fresh 4x4,D6h,EDSR,21,9561,85303,9953,0.11667819420184519,0.8833218057981548,22482,14776,0.6572369006316164,0.7536897925149821
Ti64_DIC_Mclean_fresh_4x4_full_Train,Ti64 DIC McLean fresh 4x4,D6h,EDSR,22,9802,87510,17051,0.19484630327962518,0.8051536967203748,23697,14735,0.621808667763852,0.7017025255375904
Ti64_DIC_Mclean_fresh_4x4_full_Train,Ti64 DIC McLean fresh 4x4,D6h,EDSR,23,9446,84231,16261,0.19305243912573755,0.8069475608742624,22552,14330,0.6354203618304364,0.7109849061914963
Ti64_DIC_Mclean_fresh_4x4_full_Train,Ti64 DIC McLean fresh 4x4,D6h,EDSR,24,8506,75871,11785,0.15532944076129218,0.8446705592387078,19847,12767,0.6432710233284628,0.7303406281306474
Ti64_DIC_Mclean_fresh_4x4_full_Train,Ti64 DIC McLean fresh 4x4,D6h,EDSR,25,9139,81718,11422,0.13977336694485915,0.8602266330551409,21114,13920,0.6592782040352373,0.7464651060800016
Ti64_DIC_Mclean_fresh_4x4_full_Train,Ti64 DIC McLean fresh 4x4,D6h,EDSR,26,8725,77883,11202,0.14383113131235314,0.8561688686876469,20350,13409,0.658918918918919,0.7447038646637077
Ti64_DIC_Mclean_fresh_4x4_full_Train,Ti64 DIC McLean fresh 4x4,D6h,EDSR,27,8632,76996,8375,0.10877188425372747,0.8912281157462725,19274,13240,0.6869357683926534,0.7758591825047859
Ti64_DIC_Mclean_fresh_4x4_full_Train,Ti64 DIC McLean fresh 4x4,D6h,EDSR,28,8364,74797,8926,0.1193363370188644,0.8806636629811356,18765,12899,0.6873967492672529,0.7721199188531409
Ti64_DIC_Mclean_fresh_4x4_full_Train,Ti64 DIC McLean fresh 4x4,D6h,EDSR,29,8710,77681,10500,0.13516818784516163,0.8648318121548384,19881,13424,0.6752175443891152,0.7583518151953623
Ti64_DIC_Mclean_fresh_4x4_full_Train,Ti64 DIC McLean fresh 4x4,D6h,EDSR,30,7900,70483,6918,0.09815132727040562,0.9018486727295943,17551,12048,0.6864566121588513,0.7795478494619439
Ti64_DIC_Mclean_fresh_4x4_full_Train,Ti64 DIC McLean fresh 4x4,D6h,EDSR,31,8896,79345,12112,0.15264982040456235,0.8473501795954377,20687,13666,0.660608111374293,0.7424162925026768
Ti64_DIC_Mclean_fresh_4x4_full_Train,Ti64 DIC McLean fresh 4x4,D6h,EDSR,32,8684,77499,12002,0.1548665144066375,0.8451334855933625,20205,13301,0.6583024003959416,0.7401092489620903
Ti64_DIC_Mclean_fresh_4x4_full_Train,Ti64 DIC McLean fresh 4x4,D6h,EDSR,33,8745,78112,12201,0.1561987914789021,0.843801208521098,20233,13271,0.6559086640636583,0.7380847903101273
Ti64_DIC_Mclean_fresh_4x4_full_Train,Ti64 DIC McLean fresh 4x4,D6h,EDSR,34,8605,76764,12636,0.16460841019227762,0.8353915898077224,19971,12977,0.6497921986880978,0.7309949679109806
Ti64_DIC_Mclean_fresh_4x4_full_Train,Ti64 DIC McLean fresh 4x4,D6h,EDSR,35,8420,75141,12335,0.1641580495335436,0.8358419504664564,19582,12819,0.6546318047186191,0.7342212133422555
Ti64_DIC_Mclean_fresh_4x4_full_Train,Ti64 DIC McLean fresh 4x4,D6h,EDSR,36,8976,80110,13856,0.1729621770066159,0.8270378229933841,21136,13577,0.6423637395912187,0.7230958810564388
Ti64_DIC_Mclean_fresh_4x4_full_Train,Ti64 DIC McLean fresh 4x4,D6h,EDSR,37,9691,86538,14045,0.16229864337054242,0.8377013566294575,23073,14828,0.642655918172756,0.7273294679099616
Ti64_DIC_Mclean_fresh_4x4_full_Train,Ti64 DIC McLean fresh 4x4,D6h,EDSR,38,10210,91096,16340,0.17937121278651094,0.8206287872134891,24929,15408,0.6180753339484135,0.7050934299055651
Ti64_DIC_Mclean_fresh_4x4_full_Train,Ti64 DIC McLean fresh 4x4,D6h,EDSR,39,10248,91586,14810,0.16170593758871443,0.8382940624112856,24814,15750,0.6347223341661965,0.7224413322861016
Ti64_DIC_Mclean_fresh_4x4_full_Train,Ti64 DIC McLean fresh 4x4,D6h,EDSR,40,10078,89932,15521,0.17258595383178402,0.827414046168216,24299,15393,0.633482859376929,0.7175764612352084
Ti64_DIC_Mclean_fresh_4x4_full_Train,Ti64 DIC McLean fresh 4x4,D6h,EDSR,41,9023,80584,12749,0.15820758463218504,0.8417924153678149,21007,13699,0.652115961346218,0.734912901966568
Ti64_DIC_Mclean_fresh_4x4_full_Train,Ti64 DIC McLean fresh 4x4,D6h,EDSR,42,10375,92573,15514,0.16758666133753902,0.832413338662461,24656,15550,0.6306781310837118,0.7176378231606692
Ti64_DIC_Mclean_fresh_4x4_full_Train,Ti64 DIC McLean fresh 4x4,D6h,EDSR,43,9906,88432,16337,0.18474081780351004,0.81525918219649,23837,14968,0.6279313672022486,0.709437590364083
Ti64_DIC_Mclean_fresh_4x4_full_Train,Ti64 DIC McLean fresh 4x4,D6h,EDSR,44,9054,80722,14966,0.1854017492133495,0.8145982507866505,21638,13418,0.62011276458083,0.7041735484112569
Ti64_DIC_Mclean_fresh_4x4_full_Train,Ti64 DIC McLean fresh 4x4,D6h,EDSR,45,10060,89764,15222,0.169578004545252,0.830421995454748,24277,15142,0.6237179223133007,0.7123786030759651
Ti64_DIC_Mclean_fresh_4x4_full_Train,Ti64 DIC McLean fresh 4x4,D6h,EDSR,46,10001,89243,15379,0.17232724135226293,0.827672758647737,23986,15175,0.6326607187526057,0.7171458444001378
Ti64_DIC_Mclean_fresh_4x4_full_Train,Ti64 DIC McLean fresh 4x4,D6h,EDSR,47,9753,86852,15334,0.17655321696679407,0.823446783033206,23548,14672,0.6230677764565993,0.7093784888218476
Ti64_DIC_Mclean_fresh_4x4_full_Train,Ti64 DIC McLean fresh 4x4,D6h,EDSR,48,8866,79096,12409,0.1568853039344594,0.8431146960655406,20657,13433,0.6502880379532362,0.7342525749883969
Ti64_DIC_Mclean_fresh_4x4_full_Train,Ti64 DIC McLean fresh 4x4,D6h,EDSR,49,9412,83985,13581,0.1617074477585283,0.8382925522414717,22445,14444,0.6435286255290711,0.7281111405721136
Ti64_DIC_Mclean_fresh_4x4_full_Train,Ti64 DIC McLean fresh 4x4,D6h,EDSR,50,9205,82100,11602,0.14131546894031669,0.8586845310596833,21888,14106,0.6444627192982456,0.7363086587482222
Ti64_DIC_Mclean_fresh_4x4_full_Train,Ti64 DIC McLean fresh 4x4,D6h,EDSR,51,9154,81731,13480,0.16493129901750866,0.8350687009824913,21800,13963,0.6405045871559633,0.7249593603641734
Ti64_DIC_Mclean_fresh_4x4_full_Train,Ti64 DIC McLean fresh 4x4,D6h,EDSR,52,8988,80135,13553,0.16912709802208772,0.8308729019779123,21724,13498,0.6213404529552569,0.710990493937391
Ti64_DIC_Mclean_fresh_4x4_full_Train,Ti64 DIC McLean fresh 4x4,D6h,EDSR,53,9005,80324,11950,0.14877247149046363,0.8512275285095363,20710,13917,0.6719942056977306,0.7510659204012811
Ti64_DIC_Mclean_fresh_4x4_full_Train,Ti64 DIC McLean fresh 4x4,D6h,EDSR,54,10002,89248,16529,0.18520302975977052,0.8147969702402295,23834,15242,0.6395065872283293,0.716587712443352
Ti64_DIC_Mclean_fresh_4x4_full_Train,Ti64 DIC McLean fresh 4x4,D6h,EDSR,55,9545,85234,14406,0.16901705892014923,0.8309829410798508,22499,14534,0.6459842659673763,0.7268975271266322
Ti64_DIC_Mclean_fresh_4x4_full_Train,Ti64 DIC McLean fresh 4x4,D6h,EDSR,56,10354,92427,13017,0.1408354701548249,0.8591645298451751,24267,15997,0.6592079779123913,0.7460199779957005
Ti64_DIC_Mclean_fresh_4x4_full_Train,Ti64 DIC McLean fresh 4x4,D6h,EDSR,57,9287,82865,12402,0.1496651179629518,0.8503348820370482,21650,14120,0.6521939953810624,0.738199860864707
Ti64_DIC_Mclean_fresh_4x4_full_Train,Ti64 DIC McLean fresh 4x4,D6h,EDSR,58,9920,88555,11678,0.13187284738298233,0.8681271526170177,23208,15280,0.6583936573595311,0.7488524327073076
Ti64_DIC_Mclean_fresh_4x4_full_Train,Ti64 DIC McLean fresh 4x4,D6h,EDSR,59,9598,85679,11806,0.13779339161288062,0.8622066083871194,22472,14602,0.6497864008543965,0.7410750253902155
Ti64_DIC_Mclean_fresh_4x4_full_Train,Ti64 DIC McLean fresh 4x4,D6h,EDSR,60,9918,88600,13630,0.1538374717832957,0.8461625282167042,23292,15480,0.6646058732612056,0.7444749114903897
Ti64_DIC_Mclean_fresh_4x4_full_Train,Ti64 DIC McLean fresh 4x4,D6h,EDSR,61,9665,86251,12083,0.1400911293782101,0.8599088706217899,22387,14918,0.6663688747934069,0.7508679311644323
Ti64_DIC_Mclean_fresh_4x4_full_Train,Ti64 DIC McLean fresh 4x4,D6h,EDSR,62,8961,80004,11409,0.14260536973151341,0.8573946302684866,20590,13692,0.6649830014570179,0.7490294691506227
Ti64_DIC_Mclean_fresh_4x4_full_Train,Ti64 DIC McLean fresh 4x4,D6h,EDSR,63,9119,81325,11156,0.13717798954810945,0.8628220104518906,21098,14162,0.6712484595696274,0.7550734555114365
Ti64_DIC_Mclean_fresh_4x4_full_Train,Ti64 DIC McLean fresh 4x4,D6h,EDSR,64,9884,88214,12762,0.14467091391389122,0.8553290860861088,22973,15445,0.6723109737517956,0.752856835668217
Ti64_DIC_Mclean_fresh_4x4_full_Train,Ti64 DIC McLean fresh 4x4,D6h,EDSR,65,8868,79164,12479,0.15763478348744378,0.8423652165125562,20303,13633,0.6714771216076442,0.7472759305022684
Ti64_DIC_Mclean_fresh_4x4_full_Train,Ti64 DIC McLean fresh 4x4,D6h,EDSR,66,9681,86479,13128,0.151805640675771,0.848194359324229,22574,14987,0.6639053778683441,0.7448196475167221
Ti64_DIC_Mclean_fresh_4x4_full_Train,Ti64 DIC McLean fresh 4x4,D6h,EDSR,67,9216,82295,12043,0.1463393887842518,0.8536606112157482,21328,14396,0.6749812453113279,0.753878221993366
Ti64_DIC_Mclean_fresh_4x4_full_Train,Ti64 DIC McLean fresh 4x4,D6h,EDSR,68,9682,86384,12339,0.1428389516577144,0.8571610483422856,22231,14883,0.669470559129144,0.7517780759798298
Ti64_DIC_Mclean_fresh_4x4_full_Train,Ti64 DIC McLean fresh 4x4,D6h,EDSR,69,9088,81163,11790,0.14526323571085348,0.8547367642891466,20565,13991,0.6803306588864576,0.7576261696966423
Ti64_DIC_Mclean_fresh_4x4_full_Train,Ti64 DIC McLean fresh 4x4,D6h,EDSR,70,9625,85924,13545,0.1576393091569294,0.8423606908430706,22281,14943,0.6706611013868319,0.7467685549369064
Ti64_DIC_Mclean_fresh_4x4_full_Train,Ti64 DIC McLean fresh 4x4,D6h,EDSR,71,9427,84149,12574,0.14942542395037375,0.8505745760496263,21846,14519,0.6646067930055846,0.7461781840056776
Ti64_DIC_Mclean_fresh_4x4_full_Train,Ti64 DIC McLean fresh 4x4,D6h,HAN,0,8143,72679,25177,0.3464136820814816,0.6535863179185184,18857,11333,0.6009969772498277,0.6261894335013702
Ti64_DIC_Mclean_fresh_4x4_full_Train,Ti64 DIC McLean fresh 4x4,D6h,HAN,1,8769,78170,26941,0.34464628374056544,0.6553537162594345,20552,12371,0.6019365511872324,0.6275103943563671
Ti64_DIC_Mclean_fresh_4x4_full_Train,Ti64 DIC McLean fresh 4x4,D6h,HAN,2,9331,83220,30673,0.3685772650805095,0.6314227349194905,23004,12891,0.5603808033385498,0.5937844083892929
Ti64_DIC_Mclean_fresh_4x4_full_Train,Ti64 DIC McLean fresh 4x4,D6h,HAN,3,10084,89894,18900,0.21024762498053262,0.7897523750194674,23692,15549,0.656297484382914,0.7168667022655977
Ti64_DIC_Mclean_fresh_4x4_full_Train,Ti64 DIC McLean fresh 4x4,D6h,HAN,4,9506,84825,16453,0.19396404361921604,0.806035956380784,21648,14612,0.6749815225424981,0.734710271559304
Ti64_DIC_Mclean_fresh_4x4_full_Train,Ti64 DIC McLean fresh 4x4,D6h,HAN,5,8432,75195,12295,0.16350821198217966,0.8364917880178203,18971,13090,0.6900005271203415,0.7562170722253427
Ti64_DIC_Mclean_fresh_4x4_full_Train,Ti64 DIC McLean fresh 4x4,D6h,HAN,6,9322,83315,18342,0.22015243353537778,0.7798475664646223,21471,13785,0.642028783009641,0.7042589662813352
Ti64_DIC_Mclean_fresh_4x4_full_Train,Ti64 DIC McLean fresh 4x4,D6h,HAN,7,8828,78766,18076,0.22948988142091767,0.7705101185790824,20087,13361,0.6651565689251755,0.7139677632099026
Ti64_DIC_Mclean_fresh_4x4_full_Train,Ti64 DIC McLean fresh 4x4,D6h,HAN,8,8985,80054,17594,0.2197766507607365,0.7802233492392635,21323,13374,0.6272100548703278,0.6953990551290973
Ti64_DIC_Mclean_fresh_4x4_full_Train,Ti64 DIC McLean fresh 4x4,D6h,HAN,9,9202,81953,16023,0.19551450221468403,0.804485497785316,22240,13890,0.6245503597122302,0.7031897826621952
Ti64_DIC_Mclean_fresh_4x4_full_Train,Ti64 DIC McLean fresh 4x4,D6h,HAN,10,8016,71484,9035,0.12639191987018075,0.8736080801298193,17466,12653,0.7244360471773732,0.7920597104134944
Ti64_DIC_Mclean_fresh_4x4_full_Train,Ti64 DIC McLean fresh 4x4,D6h,HAN,11,7239,64656,3545,0.05482863152684979,0.9451713684731502,15045,11792,0.7837819873712196,0.8569442212933177
Ti64_DIC_Mclean_fresh_4x4_full_Train,Ti64 DIC McLean fresh 4x4,D6h,HAN,12,7904,70526,10534,0.14936335535830758,0.8506366446416924,17004,12230,0.7192425311691367,0.7794409440220972
Ti64_DIC_Mclean_fresh_4x4_full_Train,Ti64 DIC McLean fresh 4x4,D6h,HAN,13,9002,80410,15885,0.19755005596318867,0.8024499440368114,20715,13794,0.6658942795076032,0.7278222895656674
Ti64_DIC_Mclean_fresh_4x4_full_Train,Ti64 DIC McLean fresh 4x4,D6h,HAN,14,9679,86535,21056,0.24332351071820651,0.7566764892817934,22797,14654,0.6428038777032066,0.6951074026498278
Ti64_DIC_Mclean_fresh_4x4_full_Train,Ti64 DIC McLean fresh 4x4,D6h,HAN,15,9791,87447,18730,0.2141868789095109,0.7858131210904891,22980,15352,0.668059181897302,0.7221675104767246
Ti64_DIC_Mclean_fresh_4x4_full_Train,Ti64 DIC McLean fresh 4x4,D6h,HAN,16,9655,86129,19138,0.22220158134890688,0.7777984186510931,22678,14800,0.6526148690360702,0.7097288839440091
Ti64_DIC_Mclean_fresh_4x4_full_Train,Ti64 DIC McLean fresh 4x4,D6h,HAN,17,10047,89431,21644,0.2420189867048339,0.7579810132951661,25894,14878,0.5745732602147215,0.6536553604570766
Ti64_DIC_Mclean_fresh_4x4_full_Train,Ti64 DIC McLean fresh 4x4,D6h,HAN,18,9637,86028,17523,0.20368949644301856,0.7963105035569814,22436,14895,0.6638883936530576,0.7240949189396049
Ti64_DIC_Mclean_fresh_4x4_full_Train,Ti64 DIC McLean fresh 4x4,D6h,HAN,19,9602,85684,24981,0.29154801363148314,0.7084519863685168,22689,13823,0.609237956719115,0.6551098653714917
Ti64_DIC_Mclean_fresh_4x4_full_Train,Ti64 DIC McLean fresh 4x4,D6h,HAN,20,9873,88044,15717,0.17851301621916316,0.8214869837808368,23060,15482,0.6713790112749349,0.7388863042933768
Ti64_DIC_Mclean_fresh_4x4_full_Train,Ti64 DIC McLean fresh 4x4,D6h,HAN,21,9561,85303,17102,0.20048532876921094,0.799514671230789,22482,14984,0.6664887465527978,0.7269662875476914
Ti64_DIC_Mclean_fresh_4x4_full_Train,Ti64 DIC McLean fresh 4x4,D6h,HAN,22,9802,87510,31589,0.36097588846988915,0.6390241115301108,23697,13753,0.580368823057771,0.6082857477595786
Ti64_DIC_Mclean_fresh_4x4_full_Train,Ti64 DIC McLean fresh 4x4,D6h,HAN,23,9446,84231,35233,0.418290178200425,0.581709821799575,22552,12462,0.5525895707697766,0.5667759021058224
Ti64_DIC_Mclean_fresh_4x4_full_Train,Ti64 DIC McLean fresh 4x4,D6h,HAN,24,8506,75871,27179,0.3582264633390887,0.6417735366609113,19847,11372,0.5729833224164861,0.6054306761506718
Ti64_DIC_Mclean_fresh_4x4_full_Train,Ti64 DIC McLean fresh 4x4,D6h,HAN,25,9139,81718,25758,0.3152059521769989,0.684794047823001,21114,12697,0.6013545514824287,0.6403677113341768
Ti64_DIC_Mclean_fresh_4x4_full_Train,Ti64 DIC McLean fresh 4x4,D6h,HAN,26,8725,77883,27259,0.34999935801137605,0.650000641988624,20350,12065,0.5928746928746929,0.6201248350137046
Ti64_DIC_Mclean_fresh_4x4_full_Train,Ti64 DIC McLean fresh 4x4,D6h,HAN,27,8632,76996,15649,0.20324432438048728,0.7967556756195127,19274,13097,0.6795164470270831,0.7334807418499795
Ti64_DIC_Mclean_fresh_4x4_full_Train,Ti64 DIC McLean fresh 4x4,D6h,HAN,28,8364,74797,17452,0.23332486597056032,0.7666751340294397,18765,12518,0.6670929922728484,0.7134258320833337
Ti64_DIC_Mclean_fresh_4x4_full_Train,Ti64 DIC McLean fresh 4x4,D6h,HAN,29,8710,77681,19955,0.25688392270954286,0.7431160772904571,19881,12893,0.6485086263266435,0.6925964812672305
Ti64_DIC_Mclean_fresh_4x4_full_Train,Ti64 DIC McLean fresh 4x4,D6h,HAN,30,7900,70483,11518,0.16341529163060597,0.836584708369394,17551,12316,0.701726397356276,0.7632442765346531
Ti64_DIC_Mclean_fresh_4x4_full_Train,Ti64 DIC McLean fresh 4x4,D6h,HAN,31,8896,79345,25189,0.3174617178146071,0.6825382821853929,20687,12643,0.6111567651181902,0.6448782338298064
Ti64_DIC_Mclean_fresh_4x4_full_Train,Ti64 DIC McLean fresh 4x4,D6h,HAN,32,8684,77499,28230,0.36426276468083457,0.6357372353191655,20205,12039,0.5958426132145509,0.6151437701117846
Ti64_DIC_Mclean_fresh_4x4_full_Train,Ti64 DIC McLean fresh 4x4,D6h,HAN,33,8745,78112,25470,0.3260702580909463,0.6739297419090537,20233,12410,0.6133544209954036,0.6422168446593233
Ti64_DIC_Mclean_fresh_4x4_full_Train,Ti64 DIC McLean fresh 4x4,D6h,HAN,34,8605,76764,28875,0.3761528841644521,0.6238471158355479,19971,11783,0.5900055079865806,0.6064545683075462
Ti64_DIC_Mclean_fresh_4x4_full_Train,Ti64 DIC McLean fresh 4x4,D6h,HAN,35,8420,75141,28888,0.3844505662687481,0.6155494337312519,19582,11456,0.5850270656725565,0.5999002632002639
Ti64_DIC_Mclean_fresh_4x4_full_Train,Ti64 DIC McLean fresh 4x4,D6h,HAN,36,8976,80110,28399,0.35450006241418053,0.6454999375858195,21136,12466,0.5897993943981832,0.6163938770382363
Ti64_DIC_Mclean_fresh_4x4_full_Train,Ti64 DIC McLean fresh 4x4,D6h,HAN,37,9691,86538,31456,0.3634934941875246,0.6365065058124755,23073,13059,0.5659862176570017,0.5991785275830348
Ti64_DIC_Mclean_fresh_4x4_full_Train,Ti64 DIC McLean fresh 4x4,D6h,HAN,38,10210,91096,35698,0.39187231052955124,0.6081276894704488,24929,13591,0.5451883348710337,0.5749406327735146
Ti64_DIC_Mclean_fresh_4x4_full_Train,Ti64 DIC McLean fresh 4x4,D6h,HAN,39,10248,91586,32622,0.356189810669753,0.643810189330247,24814,14270,0.5750785846699444,0.6075065426372847
Ti64_DIC_Mclean_fresh_4x4_full_Train,Ti64 DIC McLean fresh 4x4,D6h,HAN,40,10078,89932,32964,0.3665436107281057,0.6334563892718943,24299,13994,0.5759084735997366,0.6033132157839128
Ti64_DIC_Mclean_fresh_4x4_full_Train,Ti64 DIC McLean fresh 4x4,D6h,HAN,41,9023,80584,24893,0.30890747542936564,0.6910925245706343,21007,12993,0.6185081163421716,0.6527888307879938
Ti64_DIC_Mclean_fresh_4x4_full_Train,Ti64 DIC McLean fresh 4x4,D6h,HAN,42,10375,92573,33383,0.3606127056485152,0.6393872943514848,24656,14256,0.5781959766385464,0.6072540086843248
Ti64_DIC_Mclean_fresh_4x4_full_Train,Ti64 DIC McLean fresh 4x4,D6h,HAN,43,9906,88432,32767,0.370533291116338,0.6294667088836621,23837,13650,0.5726391743927508,0.5997097285646984
Ti64_DIC_Mclean_fresh_4x4_full_Train,Ti64 DIC McLean fresh 4x4,D6h,HAN,44,9054,80722,26677,0.3304799187334308,0.6695200812665691,21638,12673,0.5856825954339587,0.6248015020524285
Ti64_DIC_Mclean_fresh_4x4_full_Train,Ti64 DIC McLean fresh 4x4,D6h,HAN,45,10060,89764,28555,0.31811193797067866,0.6818880620293213,24277,14293,0.5887465502327306,0.6319035233109946
Ti64_DIC_Mclean_fresh_4x4_full_Train,Ti64 DIC McLean fresh 4x4,D6h,HAN,46,10001,89243,28188,0.31585670584807773,0.6841432941519223,23986,14507,0.6048111398315684,0.6420358619899016
Ti64_DIC_Mclean_fresh_4x4_full_Train,Ti64 DIC McLean fresh 4x4,D6h,HAN,47,9753,86852,27542,0.3171141712338231,0.682885828766177,23548,14050,0.5966536436215389,0.6368640072518102
Ti64_DIC_Mclean_fresh_4x4_full_Train,Ti64 DIC McLean fresh 4x4,D6h,HAN,48,8866,79096,23473,0.2967659552948316,0.7032340447051684,20657,12802,0.6197414919881881,0.6588531745216779
Ti64_DIC_Mclean_fresh_4x4_full_Train,Ti64 DIC McLean fresh 4x4,D6h,HAN,49,9412,83985,24215,0.28832529618384234,0.7116747038161577,22445,13944,0.621251949209178,0.6633962880780487
Ti64_DIC_Mclean_fresh_4x4_full_Train,Ti64 DIC McLean fresh 4x4,D6h,HAN,50,9205,82100,22556,0.27473812423873323,0.7252618757612668,21888,13602,0.6214364035087719,0.6693468590743371
Ti64_DIC_Mclean_fresh_4x4_full_Train,Ti64 DIC McLean fresh 4x4,D6h,HAN,51,9154,81731,25258,0.3090381862451212,0.6909618137548788,21800,13258,0.6081651376146789,0.6469250539459956
Ti64_DIC_Mclean_fresh_4x4_full_Train,Ti64 DIC McLean fresh 4x4,D6h,HAN,52,8988,80135,25694,0.3206339302427154,0.6793660697572845,21724,12784,0.5884735776100166,0.6306617440259051
Ti64_DIC_Mclean_fresh_4x4_full_Train,Ti64 DIC McLean fresh 4x4,D6h,HAN,53,9005,80324,24324,0.3028235645635178,0.6971764354364822,20710,13281,0.6412844036697247,0.6680634376273931
Ti64_DIC_Mclean_fresh_4x4_full_Train,Ti64 DIC McLean fresh 4x4,D6h,HAN,54,10002,89248,30918,0.3464279311581212,0.6535720688418788,23834,14253,0.598011244440715,0.624558416642259
Ti64_DIC_Mclean_fresh_4x4_full_Train,Ti64 DIC McLean fresh 4x4,D6h,HAN,55,9545,85234,28088,0.3295398549874463,0.6704601450125537,22499,13574,0.6033157029201298,0.6351182342241396
Ti64_DIC_Mclean_fresh_4x4_full_Train,Ti64 DIC McLean fresh 4x4,D6h,HAN,56,10354,92427,21912,0.2370735823947548,0.7629264176052453,24267,15965,0.6578893147072156,0.706525310264463
Ti64_DIC_Mclean_fresh_4x4_full_Train,Ti64 DIC McLean fresh 4x4,D6h,HAN,57,9287,82865,24087,0.2906776081578471,0.709322391842153,21650,13420,0.6198614318706698,0.6615813187329321
Ti64_DIC_Mclean_fresh_4x4_full_Train,Ti64 DIC McLean fresh 4x4,D6h,HAN,58,9920,88555,18046,0.20378295974253288,0.7962170402574671,23208,15609,0.6725698035160289,0.7291889093263976
Ti64_DIC_Mclean_fresh_4x4_full_Train,Ti64 DIC McLean fresh 4x4,D6h,HAN,59,9598,85679,20462,0.23882164824519428,0.7611783517548057,22472,14480,0.6443574225703097,0.6979131087411113
Ti64_DIC_Mclean_fresh_4x4_full_Train,Ti64 DIC McLean fresh 4x4,D6h,HAN,60,9918,88600,24272,0.2739503386004515,0.7260496613995485,23292,15033,0.645414734672849,0.6833617422566537
Ti64_DIC_Mclean_fresh_4x4_full_Train,Ti64 DIC McLean fresh 4x4,D6h,HAN,61,9665,86251,19652,0.2278466336622184,0.7721533663377815,22387,14906,0.6658328494215393,0.7150625930411131
Ti64_DIC_Mclean_fresh_4x4_full_Train,Ti64 DIC McLean fresh 4x4,D6h,HAN,62,8961,80004,21328,0.2665866706664667,0.7334133293335333,20590,13248,0.6434191355026712,0.6854750775825972
Ti64_DIC_Mclean_fresh_4x4_full_Train,Ti64 DIC McLean fresh 4x4,D6h,HAN,63,9119,81325,22027,0.2708515216723025,0.7291484783276976,21098,13600,0.6446108635889658,0.6842785573252322
Ti64_DIC_Mclean_fresh_4x4_full_Train,Ti64 DIC McLean fresh 4x4,D6h,HAN,64,9884,88214,19947,0.22612057043099734,0.7738794295690027,22973,15474,0.6735733252078527,0.7202508530444013
Ti64_DIC_Mclean_fresh_4x4_full_Train,Ti64 DIC McLean fresh 4x4,D6h,HAN,65,8868,79164,23908,0.3020059623060987,0.6979940376939013,20303,12884,0.6345860217701818,0.6647814612768751
Ti64_DIC_Mclean_fresh_4x4_full_Train,Ti64 DIC McLean fresh 4x4,D6h,HAN,66,9681,86479,25224,0.29167774835509197,0.708322251644908,22574,14380,0.6370160361477807,0.6707794420961878
Ti64_DIC_Mclean_fresh_4x4_full_Train,Ti64 DIC McLean fresh 4x4,D6h,HAN,67,9216,82295,23872,0.29007837657208824,0.7099216234279118,21328,13652,0.6400975243810952,0.6732038940311432
Ti64_DIC_Mclean_fresh_4x4_full_Train,Ti64 DIC McLean fresh 4x4,D6h,HAN,68,9682,86384,19442,0.22506482681978143,0.7749351731802185,22231,15041,0.6765777517880437,0.7224240146028525
Ti64_DIC_Mclean_fresh_4x4_full_Train,Ti64 DIC McLean fresh 4x4,D6h,HAN,69,9088,81163,21396,0.2636176582925717,0.7363823417074282,20565,13731,0.6676878191101386,0.7003546311098248
Ti64_DIC_Mclean_fresh_4x4_full_Train,Ti64 DIC McLean fresh 4x4,D6h,HAN,70,9625,85924,22766,0.2649550765793026,0.7350449234206974,22281,14720,0.6606525739419236,0.6958661479847306
Ti64_DIC_Mclean_fresh_4x4_full_Train,Ti64 DIC McLean fresh 4x4,D6h,HAN,71,9427,84149,21341,0.2536096685640946,0.7463903314359054,21846,14259,0.6527053007415545,0.6964111881219405
Ti64_DIC_Mclean_fresh_4x4_full_Train,Ti64 DIC McLean fresh 4x4,D6h,Nearest,0,8143,72679,9257,0.12736829070295408,0.8726317092970459,18857,11147,0.5911332661611073,0.7048148317813877
Ti64_DIC_Mclean_fresh_4x4_full_Train,Ti64 DIC McLean fresh 4x4,D6h,Nearest,1,8769,78170,10722,0.1371625943456569,0.8628374056543431,20552,12109,0.5891884001557026,0.700226936185024
Ti64_DIC_Mclean_fresh_4x4_full_Train,Ti64 DIC McLean fresh 4x4,D6h,Nearest,2,9331,83220,13930,0.16738764720019225,0.8326123527998077,23004,12565,0.5462093548948009,0.6596656457644827
Ti64_DIC_Mclean_fresh_4x4_full_Train,Ti64 DIC McLean fresh 4x4,D6h,Nearest,3,10084,89894,13628,0.15160077424522214,0.8483992257547779,23692,13835,0.5839523889920648,0.6917641584620033
Ti64_DIC_Mclean_fresh_4x4_full_Train,Ti64 DIC McLean fresh 4x4,D6h,Nearest,4,9506,84825,11823,0.13938107869142352,0.8606189213085764,21648,12961,0.5987158167036216,0.7061658260033103
Ti64_DIC_Mclean_fresh_4x4_full_Train,Ti64 DIC McLean fresh 4x4,D6h,Nearest,5,8432,75195,9404,0.12506150674911895,0.874938493250881,18971,11376,0.5996521005745612,0.7115991483308484
Ti64_DIC_Mclean_fresh_4x4_full_Train,Ti64 DIC McLean fresh 4x4,D6h,Nearest,6,9322,83315,11400,0.13683010262257697,0.863169897377423,21471,12531,0.5836244236411905,0.6963906707992157
Ti64_DIC_Mclean_fresh_4x4_full_Train,Ti64 DIC McLean fresh 4x4,D6h,Nearest,7,8828,78766,10330,0.13114795724043368,0.8688520427595663,20087,12102,0.6024792154129537,0.7115532877102065
Ti64_DIC_Mclean_fresh_4x4_full_Train,Ti64 DIC McLean fresh 4x4,D6h,Nearest,8,8985,80054,11417,0.14261623404202164,0.8573837659579784,21323,12198,0.572058340758805,0.6862446995828348
Ti64_DIC_Mclean_fresh_4x4_full_Train,Ti64 DIC McLean fresh 4x4,D6h,Nearest,9,9202,81953,12440,0.15179432113528485,0.8482056788647152,22240,12067,0.5425809352517985,0.6618128559091074
Ti64_DIC_Mclean_fresh_4x4_full_Train,Ti64 DIC McLean fresh 4x4,D6h,Nearest,10,8016,71484,6828,0.09551787812657378,0.9044821218734262,17466,10947,0.6267605633802817,0.7404361565049422
Ti64_DIC_Mclean_fresh_4x4_full_Train,Ti64 DIC McLean fresh 4x4,D6h,Nearest,11,7239,64656,4947,0.07651262063845583,0.9234873793615441,15045,10030,0.6666666666666666,0.7743378755604836
Ti64_DIC_Mclean_fresh_4x4_full_Train,Ti64 DIC McLean fresh 4x4,D6h,Nearest,12,7904,70526,7647,0.10842809743924227,0.8915719025607577,17004,10734,0.6312632321806634,0.7391693927885821
Ti64_DIC_Mclean_fresh_4x4_full_Train,Ti64 DIC McLean fresh 4x4,D6h,Nearest,13,9002,80410,10595,0.1317622186295237,0.8682377813704762,20715,12307,0.5941105479121409,0.7054806487331032
Ti64_DIC_Mclean_fresh_4x4_full_Train,Ti64 DIC McLean fresh 4x4,D6h,Nearest,14,9679,86535,12914,0.14923441382099728,0.8507655861790027,22797,13137,0.5762600342150282,0.687110586935516
Ti64_DIC_Mclean_fresh_4x4_full_Train,Ti64 DIC McLean fresh 4x4,D6h,Nearest,15,9791,87447,13061,0.1493590403330017,0.8506409596669983,22980,13246,0.576414273281114,0.6871795558699728
Ti64_DIC_Mclean_fresh_4x4_full_Train,Ti64 DIC McLean fresh 4x4,D6h,Nearest,16,9655,86129,13225,0.15354874664747065,0.8464512533525294,22678,13114,0.5782696886850692,0.68711996619242
Ti64_DIC_Mclean_fresh_4x4_full_Train,Ti64 DIC McLean fresh 4x4,D6h,Nearest,17,10047,89431,16286,0.18210687569187417,0.8178931243081258,25894,13100,0.50590870471924,0.6251377540723168
Ti64_DIC_Mclean_fresh_4x4_full_Train,Ti64 DIC McLean fresh 4x4,D6h,Nearest,18,9637,86028,14354,0.16685265262472684,0.8331473473752732,22436,12780,0.569620253164557,0.676630402288518
Ti64_DIC_Mclean_fresh_4x4_full_Train,Ti64 DIC McLean fresh 4x4,D6h,Nearest,19,9602,85684,14115,0.1647332057326922,0.8352667942673078,22689,12626,0.5564811141963065,0.667951708062079
Ti64_DIC_Mclean_fresh_4x4_full_Train,Ti64 DIC McLean fresh 4x4,D6h,Nearest,20,9873,88044,14172,0.16096497205942484,0.8390350279405752,23060,13047,0.5657849089332176,0.6758351649415489
Ti64_DIC_Mclean_fresh_4x4_full_Train,Ti64 DIC McLean fresh 4x4,D6h,Nearest,21,9561,85303,12728,0.14920928923953436,0.8507907107604656,22482,12927,0.5749933279957299,0.6862175040685302
Ti64_DIC_Mclean_fresh_4x4_full_Train,Ti64 DIC McLean fresh 4x4,D6h,Nearest,22,9802,87510,14445,0.16506684950291395,0.834933150497086,23697,13179,0.5561463476389417,0.6676038613088997
Ti64_DIC_Mclean_fresh_4x4_full_Train,Ti64 DIC McLean fresh 4x4,D6h,Nearest,23,9446,84231,13499,0.16026166138357612,0.8397383386164239,22552,12995,0.5762238382405108,0.6834606976146019
Ti64_DIC_Mclean_fresh_4x4_full_Train,Ti64 DIC McLean fresh 4x4,D6h,Nearest,24,8506,75871,10439,0.13758880204557736,0.8624111979544227,19847,11699,0.5894593641356376,0.7002777928603443
Ti64_DIC_Mclean_fresh_4x4_full_Train,Ti64 DIC McLean fresh 4x4,D6h,Nearest,25,9139,81718,11873,0.14529234685136688,0.8547076531486331,21114,12481,0.5911243724542957,0.6988896582072586
Ti64_DIC_Mclean_fresh_4x4_full_Train,Ti64 DIC McLean fresh 4x4,D6h,Nearest,26,8725,77883,11370,0.14598821308886406,0.8540117869111359,20350,11854,0.5825061425061425,0.6926013263895431
Ti64_DIC_Mclean_fresh_4x4_full_Train,Ti64 DIC McLean fresh 4x4,D6h,Nearest,27,8632,76996,9496,0.12333108213413684,0.8766689178658632,19274,11826,0.6135726885960361,0.7218965067290082
Ti64_DIC_Mclean_fresh_4x4_full_Train,Ti64 DIC McLean fresh 4x4,D6h,Nearest,28,8364,74797,9136,0.12214393625412784,0.8778560637458721,18765,11428,0.6090061284305889,0.7191247790336458
Ti64_DIC_Mclean_fresh_4x4_full_Train,Ti64 DIC McLean fresh 4x4,D6h,Nearest,29,8710,77681,10044,0.12929802654445746,0.8707019734555426,19881,11993,0.6032392736783864,0.7127036129547073
Ti64_DIC_Mclean_fresh_4x4_full_Train,Ti64 DIC McLean fresh 4x4,D6h,Nearest,30,7900,70483,8565,0.12151866407502518,0.8784813359249748,17551,10533,0.6001367443450516,0.7131103507318491
Ti64_DIC_Mclean_fresh_4x4_full_Train,Ti64 DIC McLean fresh 4x4,D6h,Nearest,31,8896,79345,11078,0.13961812338521645,0.8603818766147835,20687,12334,0.5962198482138541,0.7043473080351687
Ti64_DIC_Mclean_fresh_4x4_full_Train,Ti64 DIC McLean fresh 4x4,D6h,Nearest,32,8684,77499,9925,0.1280661685957238,0.8719338314042762,20205,12134,0.6005444196980946,0.7112295158231342
Ti64_DIC_Mclean_fresh_4x4_full_Train,Ti64 DIC McLean fresh 4x4,D6h,Nearest,33,8745,78112,10223,0.13087617779598526,0.8691238222040147,20233,12158,0.6008995205851826,0.7105412178022072
Ti64_DIC_Mclean_fresh_4x4_full_Train,Ti64 DIC McLean fresh 4x4,D6h,Nearest,34,8605,76764,10534,0.13722578291907664,0.8627742170809234,19971,11589,0.5802914225627159,0.6938845524780968
Ti64_DIC_Mclean_fresh_4x4_full_Train,Ti64 DIC McLean fresh 4x4,D6h,Nearest,35,8420,75141,9891,0.131632530842017,0.868367469157983,19582,11651,0.594985190481054,0.706139809349796
Ti64_DIC_Mclean_fresh_4x4_full_Train,Ti64 DIC McLean fresh 4x4,D6h,Nearest,36,8976,80110,12160,0.15179128698040195,0.8482087130195981,21136,12182,0.5763626040878123,0.6863479234421325
Ti64_DIC_Mclean_fresh_4x4_full_Train,Ti64 DIC McLean fresh 4x4,D6h,Nearest,37,9691,86538,14045,0.16229864337054242,0.8377013566294575,23073,13150,0.5699302214709834,0.6783469867231169
Ti64_DIC_Mclean_fresh_4x4_full_Train,Ti64 DIC McLean fresh 4x4,D6h,Nearest,38,10210,91096,15982,0.17544129270220427,0.8245587072977958,24929,13574,0.544506398170805,0.6558891757560685
Ti64_DIC_Mclean_fresh_4x4_full_Train,Ti64 DIC McLean fresh 4x4,D6h,Nearest,39,10248,91586,16139,0.17621688904417707,0.8237831109558229,24814,14048,0.5661320222455065,0.6710769418316144
Ti64_DIC_Mclean_fresh_4x4_full_Train,Ti64 DIC McLean fresh 4x4,D6h,Nearest,40,10078,89932,15246,0.16952808788862697,0.8304719121113731,24299,13815,0.5685419153051566,0.6749870262409632
Ti64_DIC_Mclean_fresh_4x4_full_Train,Ti64 DIC McLean fresh 4x4,D6h,Nearest,41,9023,80584,11690,0.14506601806810285,0.8549339819318972,21007,12236,0.5824725091636122,0.6928806078308187
Ti64_DIC_Mclean_fresh_4x4_full_Train,Ti64 DIC McLean fresh 4x4,D6h,Nearest,42,10375,92573,16133,0.17427327622524927,0.8257267237747508,24656,13817,0.5603909798831928,0.6676630803152346
Ti64_DIC_Mclean_fresh_4x4_full_Train,Ti64 DIC McLean fresh 4x4,D6h,Nearest,43,9906,88432,15114,0.17091098244979194,0.829089017550208,23837,13330,0.5592146662751185,0.6679212101262989
Ti64_DIC_Mclean_fresh_4x4_full_Train,Ti64 DIC McLean fresh 4x4,D6h,Nearest,44,9054,80722,12659,0.1568221798270608,0.8431778201729392,21638,12267,0.5669193086237175,0.6779870366337409
Ti64_DIC_Mclean_fresh_4x4_full_Train,Ti64 DIC McLean fresh 4x4,D6h,Nearest,45,10060,89764,14861,0.16555634775633885,0.8344436522436611,24277,13499,0.5560406969559666,0.6673712368371787
Ti64_DIC_Mclean_fresh_4x4_full_Train,Ti64 DIC McLean fresh 4x4,D6h,Nearest,46,10001,89243,15907,0.178243671772576,0.8217563282274241,23986,13233,0.5516968231468357,0.6601759298892017
Ti64_DIC_Mclean_fresh_4x4_full_Train,Ti64 DIC McLean fresh 4x4,D6h,Nearest,47,9753,86852,15097,0.17382443697324185,0.8261755630267582,23548,13021,0.5529556650246306,0.6625017961866311
Ti64_DIC_Mclean_fresh_4x4_full_Train,Ti64 DIC McLean fresh 4x4,D6h,Nearest,48,8866,79096,11410,0.14425508243147567,0.8557449175685243,20657,12146,0.5879847025221474,0.6970348378109298
Ti64_DIC_Mclean_fresh_4x4_full_Train,Ti64 DIC McLean fresh 4x4,D6h,Nearest,49,9412,83985,13779,0.16406501160921594,0.8359349883907841,22445,12681,0.5649810648251281,0.674255161515829
Ti64_DIC_Mclean_fresh_4x4_full_Train,Ti64 DIC McLean fresh 4x4,D6h,Nearest,50,9205,82100,12571,0.15311814859926917,0.8468818514007308,21888,12538,0.5728252923976608,0.6834019907189897
Ti64_DIC_Mclean_fresh_4x4_full_Train,Ti64 DIC McLean fresh 4x4,D6h,Nearest,51,9154,81731,12789,0.15647673465392567,0.8435232653460744,21800,12496,0.5732110091743119,0.6825794094022626
Ti64_DIC_Mclean_fresh_4x4_full_Train,Ti64 DIC McLean fresh 4x4,D6h,Nearest,52,8988,80135,12713,0.15864478692206901,0.8413552130779309,21724,12151,0.5593352973669674,0.6719538181903112
Ti64_DIC_Mclean_fresh_4x4_full_Train,Ti64 DIC McLean fresh 4x4,D6h,Nearest,53,9005,80324,10888,0.1355510183755789,0.8644489816244211,20710,12325,0.5951231289232255,0.7049375348036665
Ti64_DIC_Mclean_fresh_4x4_full_Train,Ti64 DIC McLean fresh 4x4,D6h,Nearest,54,10002,89248,14114,0.15814359985657941,0.8418564001434206,23834,13762,0.5774104220860955,0.6849968613781694
Ti64_DIC_Mclean_fresh_4x4_full_Train,Ti64 DIC McLean fresh 4x4,D6h,Nearest,55,9545,85234,13529,0.15872773775723303,0.841272262242767,22499,12879,0.5724254411307169,0.6812851781200461
Ti64_DIC_Mclean_fresh_4x4_full_Train,Ti64 DIC McLean fresh 4x4,D6h,Nearest,56,10354,92427,15592,0.16869529466497885,0.8313047053350211,24267,13945,0.5746486998804962,0.6795504976953078
Ti64_DIC_Mclean_fresh_4x4_full_Train,Ti64 DIC McLean fresh 4x4,D6h,Nearest,57,9287,82865,12300,0.14843420020515297,0.851565799794847,21650,12517,0.5781524249422633,0.6887158932870382
Ti64_DIC_Mclean_fresh_4x4_full_Train,Ti64 DIC McLean fresh 4x4,D6h,Nearest,58,9920,88555,13891,0.15686296651798318,0.8431370334820169,23208,13432,0.5787659427783522,0.6863745392220169
Ti64_DIC_Mclean_fresh_4x4_full_Train,Ti64 DIC McLean fresh 4x4,D6h,Nearest,59,9598,85679,13592,0.158638639573291,0.841361360426709,22472,12911,0.5745372018511926,0.6828079562247588
Ti64_DIC_Mclean_fresh_4x4_full_Train,Ti64 DIC McLean fresh 4x4,D6h,Nearest,60,9918,88600,13839,0.156196388261851,0.843803611738149,23292,13602,0.5839773312725399,0.6902489961266919
Ti64_DIC_Mclean_fresh_4x4_full_Train,Ti64 DIC McLean fresh 4x4,D6h,Nearest,61,9665,86251,13246,0.15357503101413317,0.8464249689858668,22387,13025,0.5818108723812927,0.68960494527231
Ti64_DIC_Mclean_fresh_4x4_full_Train,Ti64 DIC McLean fresh 4x4,D6h,Nearest,62,8961,80004,11816,0.14769261536923153,0.8523073846307685,20590,12104,0.5878581835842642,0.6958031521410296
Ti64_DIC_Mclean_fresh_4x4_full_Train,Ti64 DIC McLean fresh 4x4,D6h,Nearest,63,9119,81325,11623,0.142920381186597,0.857079618813403,21098,12462,0.5906721016210067,0.6993644180220884
Ti64_DIC_Mclean_fresh_4x4_full_Train,Ti64 DIC McLean fresh 4x4,D6h,Nearest,64,9884,88214,13494,0.15296891649851496,0.847031083501485,22973,13435,0.5848169590388718,0.69191440396969
Ti64_DIC_Mclean_fresh_4x4_full_Train,Ti64 DIC McLean fresh 4x4,D6h,Nearest,65,8868,79164,10794,0.13634985599514932,0.8636501440048507,20303,12266,0.604147170368911,0.7109589118056779
Ti64_DIC_Mclean_fresh_4x4_full_Train,Ti64 DIC McLean fresh 4x4,D6h,Nearest,66,9681,86479,13687,0.15826963771551475,0.8417303622844853,22574,12940,0.5732258350314521,0.6820021576740241
Ti64_DIC_Mclean_fresh_4x4_full_Train,Ti64 DIC McLean fresh 4x4,D6h,Nearest,67,9216,82295,11647,0.14152743180023086,0.8584725681997691,21328,12594,0.5904913728432108,0.6997008427685669
Ti64_DIC_Mclean_fresh_4x4_full_Train,Ti64 DIC McLean fresh 4x4,D6h,Nearest,68,9682,86384,13408,0.15521392850527876,0.8447860714947213,22231,13066,0.587737843551797,0.6931999371288381
Ti64_DIC_Mclean_fresh_4x4_full_Train,Ti64 DIC McLean fresh 4x4,D6h,Nearest,69,9088,81163,11679,0.14389561746115842,0.8561043825388416,20565,12137,0.5901774860199368,0.6986930324458945
Ti64_DIC_Mclean_fresh_4x4_full_Train,Ti64 DIC McLean fresh 4x4,D6h,Nearest,70,9625,85924,13564,0.15786043480284903,0.8421395651971509,22281,13197,0.5922983708092097,0.6954611000444664
Ti64_DIC_Mclean_fresh_4x4_full_Train,Ti64 DIC McLean fresh 4x4,D6h,Nearest,71,9427,84149,12468,0.14816575360372672,0.8518342463962733,21846,12721,0.5823033965027923,0.6917410994543661
Ti64_DIC_Mclean_fresh_4x4_full_Train,Ti64 DIC McLean fresh 4x4,D6h,OCRP w5-local,0,8143,72679,5913,0.08135775120736388,0.9186422487926361,18857,13180,0.6989446889749165,0.7938740179835129
Ti64_DIC_Mclean_fresh_4x4_full_Train,Ti64 DIC McLean fresh 4x4,D6h,OCRP w5-local,1,8769,78170,7068,0.09041831904822822,0.9095816809517718,20552,14310,0.6962826002335539,0.7887664049298537
Ti64_DIC_Mclean_fresh_4x4_full_Train,Ti64 DIC McLean fresh 4x4,D6h,OCRP w5-local,2,9331,83220,9593,0.11527277096851718,0.8847272290314828,23004,14894,0.647452616936185,0.747717653666645
Ti64_DIC_Mclean_fresh_4x4_full_Train,Ti64 DIC McLean fresh 4x4,D6h,OCRP w5-local,3,10084,89894,8976,0.0998509355463101,0.9001490644536899,23692,15922,0.6720411953401992,0.7695471327231425
Ti64_DIC_Mclean_fresh_4x4_full_Train,Ti64 DIC McLean fresh 4x4,D6h,OCRP w5-local,4,9506,84825,6397,0.07541408782788094,0.924585912172119,21648,15246,0.7042682926829268,0.7995271029945766
Ti64_DIC_Mclean_fresh_4x4_full_Train,Ti64 DIC McLean fresh 4x4,D6h,OCRP w5-local,5,8432,75195,5180,0.06888755901323226,0.9311124409867677,18971,13468,0.7099256760318381,0.8056127670332369
Ti64_DIC_Mclean_fresh_4x4_full_Train,Ti64 DIC McLean fresh 4x4,D6h,OCRP w5-local,6,9322,83315,6303,0.07565264358158795,0.924347356418412,21471,14768,0.6878114666294071,0.7887271425171551
Ti64_DIC_Mclean_fresh_4x4_full_Train,Ti64 DIC McLean fresh 4x4,D6h,OCRP w5-local,7,8828,78766,5570,0.0707157910773684,0.9292842089226316,20087,14326,0.7131975904814059,0.8070266092647347
Ti64_DIC_Mclean_fresh_4x4_full_Train,Ti64 DIC McLean fresh 4x4,D6h,OCRP w5-local,8,8985,80054,7017,0.0876533339995503,0.9123466660004497,21323,14152,0.6636964779815223,0.7684069706274604
Ti64_DIC_Mclean_fresh_4x4_full_Train,Ti64 DIC McLean fresh 4x4,D6h,OCRP w5-local,9,9202,81953,7325,0.08938049857845351,0.9106195014215465,22240,14452,0.6498201438848921,0.7584258669894695
Ti64_DIC_Mclean_fresh_4x4_full_Train,Ti64 DIC McLean fresh 4x4,D6h,OCRP w5-local,10,8016,71484,3331,0.046597840076100946,0.9534021599238991,17466,12835,0.7348562922248941,0.8299837922909851
Ti64_DIC_Mclean_fresh_4x4_full_Train,Ti64 DIC McLean fresh 4x4,D6h,OCRP w5-local,11,7239,64656,2015,0.03116493442217273,0.9688350655778273,15045,11540,0.767032236623463,0.8562033818218987
Ti64_DIC_Mclean_fresh_4x4_full_Train,Ti64 DIC McLean fresh 4x4,D6h,OCRP w5-local,12,7904,70526,3632,0.05149873805405099,0.948501261945949,17004,12759,0.7503528581510233,0.8378713915946711
Ti64_DIC_Mclean_fresh_4x4_full_Train,Ti64 DIC McLean fresh 4x4,D6h,OCRP w5-local,13,9002,80410,6344,0.07889565974381296,0.921104340256187,20715,14432,0.6966932174752595,0.7933342999273281
Ti64_DIC_Mclean_fresh_4x4_full_Train,Ti64 DIC McLean fresh 4x4,D6h,OCRP w5-local,14,9679,86535,8543,0.09872306003351246,0.9012769399664875,22797,15368,0.674123788217748,0.7713240372864113
Ti64_DIC_Mclean_fresh_4x4_full_Train,Ti64 DIC McLean fresh 4x4,D6h,OCRP w5-local,15,9791,87447,7913,0.09048909625258728,0.9095109037474127,22980,15876,0.6908616187989556,0.785249892041974
Ti64_DIC_Mclean_fresh_4x4_full_Train,Ti64 DIC McLean fresh 4x4,D6h,OCRP w5-local,16,9655,86129,8510,0.0988052804514159,0.9011947195485841,22678,15343,0.6765587794338125,0.7728852446002905
Ti64_DIC_Mclean_fresh_4x4_full_Train,Ti64 DIC McLean fresh 4x4,D6h,OCRP w5-local,17,10047,89431,11418,0.12767384911272378,0.8723261508872762,25894,15302,0.590947709894184,0.7045832703829513
Ti64_DIC_Mclean_fresh_4x4_full_Train,Ti64 DIC McLean fresh 4x4,D6h,OCRP w5-local,18,9637,86028,8819,0.102513135258288,0.897486864741712,22436,15040,0.67035122125156,0.7674662597007763
Ti64_DIC_Mclean_fresh_4x4_full_Train,Ti64 DIC McLean fresh 4x4,D6h,OCRP w5-local,19,9602,85684,9179,0.10712618458522011,0.89287381541478,22689,15128,0.666754815108643,0.7634226559593662
Ti64_DIC_Mclean_fresh_4x4_full_Train,Ti64 DIC McLean fresh 4x4,D6h,OCRP w5-local,20,9873,88044,8068,0.09163600018172732,0.9083639998182726,23060,15683,0.6800954032957502,0.7778281013473328
Ti64_DIC_Mclean_fresh_4x4_full_Train,Ti64 DIC McLean fresh 4x4,D6h,OCRP w5-local,21,9561,85303,7859,0.09213040573016189,0.9078695942698382,22482,15277,0.6795213948936928,0.7772714060886702
Ti64_DIC_Mclean_fresh_4x4_full_Train,Ti64 DIC McLean fresh 4x4,D6h,OCRP w5-local,22,9802,87510,9540,0.10901611244429209,0.8909838875557079,23697,15726,0.6636283073806811,0.7606811925545811
Ti64_DIC_Mclean_fresh_4x4_full_Train,Ti64 DIC McLean fresh 4x4,D6h,OCRP w5-local,23,9446,84231,9651,0.11457776828008691,0.8854222317199131,22552,15168,0.6725789286981199,0.7644619929498543
Ti64_DIC_Mclean_fresh_4x4_full_Train,Ti64 DIC McLean fresh 4x4,D6h,OCRP w5-local,24,8506,75871,6567,0.086554810138261,0.9134451898617391,19847,13835,0.6970826825212878,0.7907305849265707
Ti64_DIC_Mclean_fresh_4x4_full_Train,Ti64 DIC McLean fresh 4x4,D6h,OCRP w5-local,25,9139,81718,7323,0.0896130595462444,0.9103869404537556,21114,14676,0.6950838306337027,0.7882986764073843
Ti64_DIC_Mclean_fresh_4x4_full_Train,Ti64 DIC McLean fresh 4x4,D6h,OCRP w5-local,26,8725,77883,6456,0.08289357112591965,0.9171064288740803,20350,14363,0.7057985257985258,0.7976959631998374
Ti64_DIC_Mclean_fresh_4x4_full_Train,Ti64 DIC McLean fresh 4x4,D6h,OCRP w5-local,27,8632,76996,5205,0.06760091433321211,0.9323990856667879,19274,13828,0.7174431877140189,0.8109179683845031
Ti64_DIC_Mclean_fresh_4x4_full_Train,Ti64 DIC McLean fresh 4x4,D6h,OCRP w5-local,28,8364,74797,4884,0.06529673650012702,0.934703263499873,18765,13636,0.7266719957367439,0.8176631764953517
Ti64_DIC_Mclean_fresh_4x4_full_Train,Ti64 DIC McLean fresh 4x4,D6h,OCRP w5-local,29,8710,77681,6065,0.07807571993151478,0.9219242800684853,19881,14263,0.717418640913435,0.8069155703379819
Ti64_DIC_Mclean_fresh_4x4_full_Train,Ti64 DIC McLean fresh 4x4,D6h,OCRP w5-local,30,7900,70483,4101,0.058184243008952516,0.9418157569910475,17551,12827,0.7308415474901715,0.8230234411387082
Ti64_DIC_Mclean_fresh_4x4_full_Train,Ti64 DIC McLean fresh 4x4,D6h,OCRP w5-local,31,8896,79345,6882,0.08673514399142983,0.9132648560085702,20687,14458,0.6988930246048243,0.7918262164723818
Ti64_DIC_Mclean_fresh_4x4_full_Train,Ti64 DIC McLean fresh 4x4,D6h,OCRP w5-local,32,8684,77499,6494,0.08379462960812398,0.916205370391876,20205,14325,0.7089829250185598,0.799383019496947
Ti64_DIC_Mclean_fresh_4x4_full_Train,Ti64 DIC McLean fresh 4x4,D6h,OCRP w5-local,33,8745,78112,6302,0.08067902498975829,0.9193209750102417,20233,14427,0.713043048485148,0.8031485883326228
Ti64_DIC_Mclean_fresh_4x4_full_Train,Ti64 DIC McLean fresh 4x4,D6h,OCRP w5-local,34,8605,76764,5903,0.07689802511593977,0.9231019748840602,19971,14382,0.7201442091031997,0.8090894086380391
Ti64_DIC_Mclean_fresh_4x4_full_Train,Ti64 DIC McLean fresh 4x4,D6h,OCRP w5-local,35,8420,75141,5939,0.07903807508550592,0.920961924914494,19582,14030,0.7164743131447248,0.8059496269212189
Ti64_DIC_Mclean_fresh_4x4_full_Train,Ti64 DIC McLean fresh 4x4,D6h,OCRP w5-local,36,8976,80110,7444,0.09292223193109475,0.9070777680689053,21136,14671,0.6941237698713096,0.7864397142016119
Ti64_DIC_Mclean_fresh_4x4_full_Train,Ti64 DIC McLean fresh 4x4,D6h,OCRP w5-local,37,9691,86538,9319,0.10768679655180383,0.8923132034481962,23073,15293,0.66280934425519,0.7606262671982723
Ti64_DIC_Mclean_fresh_4x4_full_Train,Ti64 DIC McLean fresh 4x4,D6h,OCRP w5-local,38,10210,91096,11055,0.1213554931061737,0.8786445068938263,24929,16121,0.6466765614344739,0.7450219107825149
Ti64_DIC_Mclean_fresh_4x4_full_Train,Ti64 DIC McLean fresh 4x4,D6h,OCRP w5-local,39,10248,91586,11437,0.12487716463214901,0.875122835367851,24814,16148,0.6507616668009994,0.7464475773757879
Ti64_DIC_Mclean_fresh_4x4_full_Train,Ti64 DIC McLean fresh 4x4,D6h,OCRP w5-local,40,10078,89932,10179,0.1131855179468932,0.8868144820531068,24299,16135,0.6640190954360262,0.7594132068585527
Ti64_DIC_Mclean_fresh_4x4_full_Train,Ti64 DIC McLean fresh 4x4,D6h,OCRP w5-local,41,9023,80584,7336,0.09103544127866574,0.9089645587213343,21007,14692,0.6993859189793878,0.7905205016382092
Ti64_DIC_Mclean_fresh_4x4_full_Train,Ti64 DIC McLean fresh 4x4,D6h,OCRP w5-local,42,10375,92573,10569,0.11416935823620278,0.8858306417637972,24656,16054,0.6511194029850746,0.7505533710503541
Ti64_DIC_Mclean_fresh_4x4_full_Train,Ti64 DIC McLean fresh 4x4,D6h,OCRP w5-local,43,9906,88432,10127,0.11451736927808938,0.8854826307219106,23837,15733,0.6600243319209632,0.7563085717458456
Ti64_DIC_Mclean_fresh_4x4_full_Train,Ti64 DIC McLean fresh 4x4,D6h,OCRP w5-local,44,9054,80722,8541,0.10580758653155274,0.8941924134684472,21638,14524,0.6712265458914872,0.7668307343105253
Ti64_DIC_Mclean_fresh_4x4_full_Train,Ti64 DIC McLean fresh 4x4,D6h,OCRP w5-local,45,10060,89764,10057,0.11203823359030346,0.8879617664096966,24277,15635,0.6440252090455987,0.7465726163455775
Ti64_DIC_Mclean_fresh_4x4_full_Train,Ti64 DIC McLean fresh 4x4,D6h,OCRP w5-local,46,10001,89243,10419,0.1167486525553825,0.8832513474446175,23986,15844,0.6605519886600517,0.7558390636897235
Ti64_DIC_Mclean_fresh_4x4_full_Train,Ti64 DIC McLean fresh 4x4,D6h,OCRP w5-local,47,9753,86852,10142,0.1167733615806199,0.8832266384193801,23548,15408,0.6543230847630372,0.7517357908910913
Ti64_DIC_Mclean_fresh_4x4_full_Train,Ti64 DIC McLean fresh 4x4,D6h,OCRP w5-local,48,8866,79096,7227,0.09136998078284617,0.9086300192171538,20657,14387,0.6964709299511062,0.7885290888321862
Ti64_DIC_Mclean_fresh_4x4_full_Train,Ti64 DIC McLean fresh 4x4,D6h,OCRP w5-local,49,9412,83985,8968,0.10678097279276061,0.8932190272072393,22445,15073,0.6715526843394966,0.7666851733039137
Ti64_DIC_Mclean_fresh_4x4_full_Train,Ti64 DIC McLean fresh 4x4,D6h,OCRP w5-local,50,9205,82100,8154,0.09931790499390987,0.9006820950060901,21888,14843,0.6781341374269005,0.7737230756128952
Ti64_DIC_Mclean_fresh_4x4_full_Train,Ti64 DIC McLean fresh 4x4,D6h,OCRP w5-local,51,9154,81731,7853,0.09608349341131273,0.9039165065886873,21800,14827,0.6801376146788991,0.7762204692452679
Ti64_DIC_Mclean_fresh_4x4_full_Train,Ti64 DIC McLean fresh 4x4,D6h,OCRP w5-local,52,8988,80135,8395,0.10476071629125851,0.8952392837087415,21724,14481,0.6665899466028355,0.7641776639115926
Ti64_DIC_Mclean_fresh_4x4_full_Train,Ti64 DIC McLean fresh 4x4,D6h,OCRP w5-local,53,9005,80324,6747,0.0839973108908919,0.9160026891091081,20710,14815,0.7153549010140029,0.8033395215904277
Ti64_DIC_Mclean_fresh_4x4_full_Train,Ti64 DIC McLean fresh 4x4,D6h,OCRP w5-local,54,10002,89248,9920,0.11115095016134816,0.8888490498386519,23834,15905,0.6673239909373164,0.7623192019615032
Ti64_DIC_Mclean_fresh_4x4_full_Train,Ti64 DIC McLean fresh 4x4,D6h,OCRP w5-local,55,9545,85234,8249,0.09678062744914001,0.9032193725508599,22499,15406,0.6847415440686253,0.7789509443466636
Ti64_DIC_Mclean_fresh_4x4_full_Train,Ti64 DIC McLean fresh 4x4,D6h,OCRP w5-local,56,10354,92427,9297,0.10058749066831121,0.8994125093316888,24267,16620,0.6848807021881568,0.7776215494314551
Ti64_DIC_Mclean_fresh_4x4_full_Train,Ti64 DIC McLean fresh 4x4,D6h,OCRP w5-local,57,9287,82865,7576,0.09142581306945032,0.9085741869305497,21650,14923,0.689284064665127,0.7838814337778606
Ti64_DIC_Mclean_fresh_4x4_full_Train,Ti64 DIC McLean fresh 4x4,D6h,OCRP w5-local,58,9920,88555,8597,0.09708091016882163,0.9029190898311784,23208,15966,0.687952430196484,0.7809120652425228
Ti64_DIC_Mclean_fresh_4x4_full_Train,Ti64 DIC McLean fresh 4x4,D6h,OCRP w5-local,59,9598,85679,8859,0.10339756533106129,0.8966024346689387,22472,15130,0.6732823068707725,0.7690584405168371
Ti64_DIC_Mclean_fresh_4x4_full_Train,Ti64 DIC McLean fresh 4x4,D6h,OCRP w5-local,60,9918,88600,9312,0.10510158013544019,0.8948984198645598,23292,15986,0.6863300704104414,0.7768588781359707
Ti64_DIC_Mclean_fresh_4x4_full_Train,Ti64 DIC McLean fresh 4x4,D6h,OCRP w5-local,61,9665,86251,8247,0.09561628270976569,0.9043837172902343,22387,15475,0.6912493858042614,0.7835820000172391
Ti64_DIC_Mclean_fresh_4x4_full_Train,Ti64 DIC McLean fresh 4x4,D6h,OCRP w5-local,62,8961,80004,7253,0.09065796710164492,0.909342032898355,20590,14336,0.6962603205439534,0.7886619921208883
Ti64_DIC_Mclean_fresh_4x4_full_Train,Ti64 DIC McLean fresh 4x4,D6h,OCRP w5-local,63,9119,81325,6933,0.08525053796495542,0.9147494620350446,21098,14875,0.7050431320504313,0.796321489688947
Ti64_DIC_Mclean_fresh_4x4_full_Train,Ti64 DIC McLean fresh 4x4,D6h,OCRP w5-local,64,9884,88214,7872,0.0892375359920194,0.9107624640079806,22973,15788,0.6872415444217125,0.7833695022845835
Ti64_DIC_Mclean_fresh_4x4_full_Train,Ti64 DIC McLean fresh 4x4,D6h,OCRP w5-local,65,8868,79164,6289,0.07944267596382194,0.9205573240361781,20303,14608,0.7194995813426587,0.8077044242473456
Ti64_DIC_Mclean_fresh_4x4_full_Train,Ti64 DIC McLean fresh 4x4,D6h,OCRP w5-local,66,9681,86479,8178,0.09456631089628696,0.905433689103713,22574,15666,0.6939842296447241,0.7857317263504429
Ti64_DIC_Mclean_fresh_4x4_full_Train,Ti64 DIC McLean fresh 4x4,D6h,OCRP w5-local,67,9216,82295,7112,0.08642080320797133,0.9135791967920287,21328,15116,0.7087396849212303,0.7982275733623808
Ti64_DIC_Mclean_fresh_4x4_full_Train,Ti64 DIC McLean fresh 4x4,D6h,OCRP w5-local,68,9682,86384,7384,0.08547879236895721,0.9145212076310428,22231,15741,0.7080653142008907,0.7981586652076531
Ti64_DIC_Mclean_fresh_4x4_full_Train,Ti64 DIC McLean fresh 4x4,D6h,OCRP w5-local,69,9088,81163,5873,0.0723605583825142,0.9276394416174858,20565,15163,0.737320690493557,0.8216025602429808
Ti64_DIC_Mclean_fresh_4x4_full_Train,Ti64 DIC McLean fresh 4x4,D6h,OCRP w5-local,70,9625,85924,8542,0.0994134351287184,0.9005865648712816,22281,15621,0.7010906153224721,0.7884145403637194
Ti64_DIC_Mclean_fresh_4x4_full_Train,Ti64 DIC McLean fresh 4x4,D6h,OCRP w5-local,71,9427,84149,7485,0.08894936362880129,0.9110506363711988,21846,15192,0.6954133479813238,0.7887593863173508
Ti64_DIC_Mclean_fresh_4x4_full_Train,Ti64 DIC McLean fresh 4x4,D6h,Q-RBSA,0,8143,72679,4663,0.06415883542701468,0.9358411645729853,18857,12672,0.6720050909476587,0.782276321199365
Ti64_DIC_Mclean_fresh_4x4_full_Train,Ti64 DIC McLean fresh 4x4,D6h,Q-RBSA,1,8769,78170,5705,0.07298196238966355,0.9270180376103364,20552,13730,0.6680615025301674,0.7765193490275433
Ti64_DIC_Mclean_fresh_4x4_full_Train,Ti64 DIC McLean fresh 4x4,D6h,Q-RBSA,2,9331,83220,7398,0.08889689978370584,0.9111031002162941,23004,14435,0.6274995652929926,0.7431636667983812
Ti64_DIC_Mclean_fresh_4x4_full_Train,Ti64 DIC McLean fresh 4x4,D6h,Q-RBSA,3,10084,89894,6886,0.07660133045587025,0.9233986695441297,23692,15811,0.6673560695593449,0.7747714862576489
Ti64_DIC_Mclean_fresh_4x4_full_Train,Ti64 DIC McLean fresh 4x4,D6h,Q-RBSA,4,9506,84825,5938,0.07000294724432655,0.9299970527556735,21648,14764,0.6820029563932003,0.786923989846896
Ti64_DIC_Mclean_fresh_4x4_full_Train,Ti64 DIC McLean fresh 4x4,D6h,Q-RBSA,5,8432,75195,4643,0.061746126737150075,0.9382538732628499,18971,12946,0.6824099942016763,0.7901377121644458
Ti64_DIC_Mclean_fresh_4x4_full_Train,Ti64 DIC McLean fresh 4x4,D6h,Q-RBSA,6,9322,83315,6020,0.07225589629718539,0.9277441037028146,21471,14084,0.655954543337525,0.7685274733494928
Ti64_DIC_Mclean_fresh_4x4_full_Train,Ti64 DIC McLean fresh 4x4,D6h,Q-RBSA,7,8828,78766,5017,0.0636949953025417,0.9363050046974583,20087,13765,0.6852690795041569,0.7913556031207365
Ti64_DIC_Mclean_fresh_4x4_full_Train,Ti64 DIC McLean fresh 4x4,D6h,Q-RBSA,8,8985,80054,6344,0.07924650860669048,0.9207534913933095,21323,13627,0.6390751770388782,0.754481197108381
Ti64_DIC_Mclean_fresh_4x4_full_Train,Ti64 DIC McLean fresh 4x4,D6h,Q-RBSA,9,9202,81953,6832,0.08336485546593779,0.9166351445340623,22240,13752,0.6183453237410071,0.7385071887412826
Ti64_DIC_Mclean_fresh_4x4_full_Train,Ti64 DIC McLean fresh 4x4,D6h,Q-RBSA,10,8016,71484,3615,0.05057075709249622,0.9494292429075037,17466,12151,0.6956944921561892,0.802994547953803
Ti64_DIC_Mclean_fresh_4x4_full_Train,Ti64 DIC McLean fresh 4x4,D6h,Q-RBSA,11,7239,64656,2522,0.03900643405097748,0.9609935659490225,15045,10990,0.7304752409438352,0.8300265470713503
Ti64_DIC_Mclean_fresh_4x4_full_Train,Ti64 DIC McLean fresh 4x4,D6h,Q-RBSA,12,7904,70526,3913,0.055483084252616055,0.944516915747384,17004,11940,0.7021877205363444,0.8055217255881938
Ti64_DIC_Mclean_fresh_4x4_full_Train,Ti64 DIC McLean fresh 4x4,D6h,Q-RBSA,13,9002,80410,5350,0.06653401318244,0.93346598681756,20715,13873,0.6697079411054792,0.7798899086806917
Ti64_DIC_Mclean_fresh_4x4_full_Train,Ti64 DIC McLean fresh 4x4,D6h,Q-RBSA,14,9679,86535,6474,0.07481365921303519,0.9251863407869648,22797,15039,0.6596920647453612,0.7702017836793719
Ti64_DIC_Mclean_fresh_4x4_full_Train,Ti64 DIC McLean fresh 4x4,D6h,Q-RBSA,15,9791,87447,6617,0.07566869074982562,0.9243313092501744,22980,15338,0.667449956483899,0.7751629013565768
Ti64_DIC_Mclean_fresh_4x4_full_Train,Ti64 DIC McLean fresh 4x4,D6h,Q-RBSA,16,9655,86129,7008,0.08136632260910959,0.9186336773908904,22678,14777,0.6516006702531087,0.7624114461680236
Ti64_DIC_Mclean_fresh_4x4_full_Train,Ti64 DIC McLean fresh 4x4,D6h,Q-RBSA,17,10047,89431,9289,0.10386778633807069,0.8961322136619293,25894,14927,0.576465590484282,0.701602819515436
Ti64_DIC_Mclean_fresh_4x4_full_Train,Ti64 DIC McLean fresh 4x4,D6h,Q-RBSA,18,9637,86028,7080,0.08229878644162365,0.9177012135583763,22436,14743,0.6571135674808344,0.7658474197516705
Ti64_DIC_Mclean_fresh_4x4_full_Train,Ti64 DIC McLean fresh 4x4,D6h,Q-RBSA,19,9602,85684,7158,0.0835395172961113,0.9164604827038887,22689,14677,0.64687734144299,0.7584253530263879
Ti64_DIC_Mclean_fresh_4x4_full_Train,Ti64 DIC McLean fresh 4x4,D6h,Q-RBSA,20,9873,88044,7131,0.0809935941120349,0.9190064058879651,23060,15077,0.6538161318300086,0.7640546838761157
Ti64_DIC_Mclean_fresh_4x4_full_Train,Ti64 DIC McLean fresh 4x4,D6h,Q-RBSA,21,9561,85303,6248,0.07324478623260612,0.9267552137673939,22482,14895,0.6625300240192153,0.7726783580930557
Ti64_DIC_Mclean_fresh_4x4_full_Train,Ti64 DIC McLean fresh 4x4,D6h,Q-RBSA,22,9802,87510,7546,0.08623014512627128,0.9137698548737287,23697,15303,0.6457779465755159,0.7567481034882126
Ti64_DIC_Mclean_fresh_4x4_full_Train,Ti64 DIC McLean fresh 4x4,D6h,Q-RBSA,23,9446,84231,6770,0.08037420902043191,0.9196257909795681,22552,14960,0.6633557999290528,0.770746931883751
Ti64_DIC_Mclean_fresh_4x4_full_Train,Ti64 DIC McLean fresh 4x4,D6h,Q-RBSA,24,8506,75871,5430,0.0715688471220888,0.9284311528779112,19847,13172,0.6636771300448431,0.7740409739657548
Ti64_DIC_Mclean_fresh_4x4_full_Train,Ti64 DIC McLean fresh 4x4,D6h,Q-RBSA,25,9139,81718,5869,0.07182016202060745,0.9281798379793925,21114,14218,0.6733920621388652,0.7805193573719791
Ti64_DIC_Mclean_fresh_4x4_full_Train,Ti64 DIC McLean fresh 4x4,D6h,Q-RBSA,26,8725,77883,5464,0.07015651682652184,0.9298434831734782,20350,13656,0.6710565110565111,0.7795334198213331
Ti64_DIC_Mclean_fresh_4x4_full_Train,Ti64 DIC McLean fresh 4x4,D6h,Q-RBSA,27,8632,76996,4830,0.06273053145617954,0.9372694685438204,19274,13258,0.6878696689841237,0.7934326657800739
Ti64_DIC_Mclean_fresh_4x4_full_Train,Ti64 DIC McLean fresh 4x4,D6h,Q-RBSA,28,8364,74797,4512,0.06032327499766033,0.9396767250023397,18765,13042,0.6950173194777511,0.799038328661033
Ti64_DIC_Mclean_fresh_4x4_full_Train,Ti64 DIC McLean fresh 4x4,D6h,Q-RBSA,29,8710,77681,5092,0.0655501345245298,0.9344498654754702,19881,13598,0.683969619234445,0.7898265248548884
Ti64_DIC_Mclean_fresh_4x4_full_Train,Ti64 DIC McLean fresh 4x4,D6h,Q-RBSA,30,7900,70483,4193,0.05948952229615652,0.9405104777038434,17551,11986,0.682924049911686,0.7912819562378994
Ti64_DIC_Mclean_fresh_4x4_full_Train,Ti64 DIC McLean fresh 4x4,D6h,Q-RBSA,31,8896,79345,5791,0.07298506522150104,0.927014934778499,20687,13982,0.6758834050369797,0.7817763548377658
Ti64_DIC_Mclean_fresh_4x4_full_Train,Ti64 DIC McLean fresh 4x4,D6h,Q-RBSA,32,8684,77499,5261,0.06788474689996,0.93211525310004,20205,13702,0.6781489730264786,0.7851046944670099
Ti64_DIC_Mclean_fresh_4x4_full_Train,Ti64 DIC McLean fresh 4x4,D6h,Q-RBSA,33,8745,78112,5127,0.06563652191724703,0.934363478082753,20233,13715,0.6778530124054762,0.785702294991724
Ti64_DIC_Mclean_fresh_4x4_full_Train,Ti64 DIC McLean fresh 4x4,D6h,Q-RBSA,34,8605,76764,5289,0.06889948413318743,0.9311005158668125,19971,13426,0.6722747984577637,0.7807971172513226
Ti64_DIC_Mclean_fresh_4x4_full_Train,Ti64 DIC McLean fresh 4x4,D6h,Q-RBSA,35,8420,75141,5078,0.06757961698673161,0.9324203830132684,19582,13241,0.6761822081503421,0.7838928980640602
Ti64_DIC_Mclean_fresh_4x4_full_Train,Ti64 DIC McLean fresh 4x4,D6h,Q-RBSA,36,8976,80110,6010,0.07502184496317563,0.9249781550368243,21136,14024,0.6635124905374716,0.772726690020075
Ti64_DIC_Mclean_fresh_4x4_full_Train,Ti64 DIC McLean fresh 4x4,D6h,Q-RBSA,37,9691,86538,7103,0.08207954886870508,0.917920451131295,23073,15209,0.6591687253499762,0.7673179966840973
Ti64_DIC_Mclean_fresh_4x4_full_Train,Ti64 DIC McLean fresh 4x4,D6h,Q-RBSA,38,10210,91096,8142,0.08937823834196891,0.9106217616580311,24929,15823,0.6347226122187011,0.7480432621666058
Ti64_DIC_Mclean_fresh_4x4_full_Train,Ti64 DIC McLean fresh 4x4,D6h,Q-RBSA,39,10248,91586,8341,0.09107287139955889,0.9089271286004411,24814,16147,0.6507213669702587,0.7584507730798759
Ti64_DIC_Mclean_fresh_4x4_full_Train,Ti64 DIC McLean fresh 4x4,D6h,Q-RBSA,40,10078,89932,7935,0.08823333185073166,0.9117666681492683,24299,15860,0.6527017572739618,0.7607845538510746
Ti64_DIC_Mclean_fresh_4x4_full_Train,Ti64 DIC McLean fresh 4x4,D6h,Q-RBSA,41,9023,80584,5927,0.07355058076044872,0.9264494192395513,21007,14077,0.6701099633455515,0.7777010904071786
Ti64_DIC_Mclean_fresh_4x4_full_Train,Ti64 DIC McLean fresh 4x4,D6h,Q-RBSA,42,10375,92573,8042,0.08687198211141478,0.9131280178885852,24656,15931,0.6461307592472421,0.7567699578026948
Ti64_DIC_Mclean_fresh_4x4_full_Train,Ti64 DIC McLean fresh 4x4,D6h,Q-RBSA,43,9906,88432,7576,0.08567034557626199,0.914329654423738,23837,15445,0.6479422746150941,0.7584247339063905
Ti64_DIC_Mclean_fresh_4x4_full_Train,Ti64 DIC McLean fresh 4x4,D6h,Q-RBSA,44,9054,80722,6961,0.08623423601992022,0.9137657639800798,21638,13870,0.64100194102967,0.7534574154973427
Ti64_DIC_Mclean_fresh_4x4_full_Train,Ti64 DIC McLean fresh 4x4,D6h,Q-RBSA,45,10060,89764,7682,0.08557996524219064,0.9144200347578093,24277,15565,0.6411418214771183,0.7537764240360112
Ti64_DIC_Mclean_fresh_4x4_full_Train,Ti64 DIC McLean fresh 4x4,D6h,Q-RBSA,46,10001,89243,7773,0.08709926828994992,0.91290073171005,23986,15574,0.6492954223296923,0.7588576691959807
Ti64_DIC_Mclean_fresh_4x4_full_Train,Ti64 DIC McLean fresh 4x4,D6h,Q-RBSA,47,9753,86852,7708,0.08874867590844195,0.9112513240915581,23548,15150,0.6433667402751826,0.7542287168662752
Ti64_DIC_Mclean_fresh_4x4_full_Train,Ti64 DIC McLean fresh 4x4,D6h,Q-RBSA,48,8866,79096,5998,0.0758319004753717,0.9241680995246283,20657,13763,0.6662632521663359,0.7743047103328291
Ti64_DIC_Mclean_fresh_4x4_full_Train,Ti64 DIC McLean fresh 4x4,D6h,Q-RBSA,49,9412,83985,6960,0.08287194141811037,0.9171280585818896,22445,14781,0.658543105368679,0.766617265756109
Ti64_DIC_Mclean_fresh_4x4_full_Train,Ti64 DIC McLean fresh 4x4,D6h,Q-RBSA,50,9205,82100,6466,0.07875761266747869,0.9212423873325213,21888,14351,0.655656067251462,0.7660837752842378
Ti64_DIC_Mclean_fresh_4x4_full_Train,Ti64 DIC McLean fresh 4x4,D6h,Q-RBSA,51,9154,81731,6596,0.08070377213052575,0.9192962278694743,21800,14340,0.6577981651376147,0.7668676961782245
Ti64_DIC_Mclean_fresh_4x4_full_Train,Ti64 DIC McLean fresh 4x4,D6h,Q-RBSA,52,8988,80135,6745,0.08417046234479317,0.9158295376552068,21724,13891,0.6394310440066286,0.753069735451326
Ti64_DIC_Mclean_fresh_4x4_full_Train,Ti64 DIC McLean fresh 4x4,D6h,Q-RBSA,53,9005,80324,5381,0.06699118569792341,0.9330088143020766,20710,14207,0.6859971028488653,0.7906596717941552
Ti64_DIC_Mclean_fresh_4x4_full_Train,Ti64 DIC McLean fresh 4x4,D6h,Q-RBSA,54,10002,89248,7219,0.08088696665471495,0.919113033345285,23834,15791,0.6625409079466309,0.7700167118994042
Ti64_DIC_Mclean_fresh_4x4_full_Train,Ti64 DIC McLean fresh 4x4,D6h,Q-RBSA,55,9545,85234,6657,0.07810263509866955,0.9218973649013305,22499,14881,0.6614071736521623,0.7702239407130511
Ti64_DIC_Mclean_fresh_4x4_full_Train,Ti64 DIC McLean fresh 4x4,D6h,Q-RBSA,56,10354,92427,7694,0.0832440737014076,0.9167559262985924,24267,16128,0.6646062554085795,0.7705783410643808
Ti64_DIC_Mclean_fresh_4x4_full_Train,Ti64 DIC McLean fresh 4x4,D6h,Q-RBSA,57,9287,82865,6198,0.07479635551801123,0.9252036444819888,21650,14338,0.6622632794457275,0.771957375003148
Ti64_DIC_Mclean_fresh_4x4_full_Train,Ti64 DIC McLean fresh 4x4,D6h,Q-RBSA,58,9920,88555,6863,0.07749985884478573,0.9225001411552143,23208,15430,0.6648569458807307,0.7727695695343062
Ti64_DIC_Mclean_fresh_4x4_full_Train,Ti64 DIC McLean fresh 4x4,D6h,Q-RBSA,59,9598,85679,6905,0.08059151017168735,0.9194084898283127,22472,14730,0.6554823780704877,0.7653305706634954
Ti64_DIC_Mclean_fresh_4x4_full_Train,Ti64 DIC McLean fresh 4x4,D6h,Q-RBSA,60,9918,88600,6981,0.07879232505643341,0.9212076749435666,23292,15702,0.6741370427614631,0.7785404757524541
Ti64_DIC_Mclean_fresh_4x4_full_Train,Ti64 DIC McLean fresh 4x4,D6h,Q-RBSA,61,9665,86251,6433,0.07458464249689858,0.9254153575031014,22387,15106,0.6747666056193327,0.7804604650734855
Ti64_DIC_Mclean_fresh_4x4_full_Train,Ti64 DIC McLean fresh 4x4,D6h,Q-RBSA,62,8961,80004,6007,0.07508374581270937,0.9249162541872906,20590,13856,0.6729480330257407,0.7790656302288211
Ti64_DIC_Mclean_fresh_4x4_full_Train,Ti64 DIC McLean fresh 4x4,D6h,Q-RBSA,63,9119,81325,5655,0.06953581309560405,0.9304641869043959,21098,14353,0.6803014503744431,0.7859568409242886
Ti64_DIC_Mclean_fresh_4x4_full_Train,Ti64 DIC McLean fresh 4x4,D6h,Q-RBSA,64,9884,88214,6521,0.07392250663160042,0.9260774933683996,22973,15595,0.6788403778348496,0.7834155339440925
Ti64_DIC_Mclean_fresh_4x4_full_Train,Ti64 DIC McLean fresh 4x4,D6h,Q-RBSA,65,8868,79164,5277,0.06665908746399879,0.9333409125360013,20303,13968,0.6879771462345466,0.792092845690482
Ti64_DIC_Mclean_fresh_4x4_full_Train,Ti64 DIC McLean fresh 4x4,D6h,Q-RBSA,66,9681,86479,6512,0.07530151828767678,0.9246984817123232,22574,15200,0.6733410117834677,0.7792515939750172
Ti64_DIC_Mclean_fresh_4x4_full_Train,Ti64 DIC McLean fresh 4x4,D6h,Q-RBSA,67,9216,82295,5663,0.06881341515280394,0.9311865848471961,21328,14617,0.6853432108027007,0.7895708518741024
Ti64_DIC_Mclean_fresh_4x4_full_Train,Ti64 DIC McLean fresh 4x4,D6h,Q-RBSA,68,9682,86384,6492,0.07515280607519911,0.9248471939248009,22231,15070,0.677882236516576,0.7823372708407441
Ti64_DIC_Mclean_fresh_4x4_full_Train,Ti64 DIC McLean fresh 4x4,D6h,Q-RBSA,69,9088,81163,5425,0.06684080184320441,0.9331591981567956,20565,14178,0.6894237782640409,0.7929851963986614
Ti64_DIC_Mclean_fresh_4x4_full_Train,Ti64 DIC McLean fresh 4x4,D6h,Q-RBSA,70,9625,85924,6378,0.07422838787765933,0.9257716121223407,22281,15295,0.68645931511153,0.7883542438892968
Ti64_DIC_Mclean_fresh_4x4_full_Train,Ti64 DIC McLean fresh 4x4,D6h,Q-RBSA,71,9427,84149,6132,0.07287074118527849,0.9271292588147215,21846,14748,0.6750892611919802,0.7812854470813139
Ti64_DIC_Mclean_fresh_4x4_full_Train,Ti64 DIC McLean fresh 4x4,D6h,QEDSR,0,8143,72679,6902,0.09496553337277618,0.9050344666272239,18857,12663,0.671527814604656,0.7709886564597845
Ti64_DIC_Mclean_fresh_4x4_full_Train,Ti64 DIC McLean fresh 4x4,D6h,QEDSR,1,8769,78170,8273,0.10583343993859537,0.8941665600614046,20552,13695,0.666358505254963,0.7636346325404201
Ti64_DIC_Mclean_fresh_4x4_full_Train,Ti64 DIC McLean fresh 4x4,D6h,QEDSR,2,9331,83220,10203,0.1226027397260274,0.8773972602739726,23004,14425,0.6270648582855156,0.7314042432661535
Ti64_DIC_Mclean_fresh_4x4_full_Train,Ti64 DIC McLean fresh 4x4,D6h,QEDSR,3,10084,89894,8825,0.09817117938905823,0.9018288206109417,23692,15959,0.6736029039338173,0.7711848161370211
Ti64_DIC_Mclean_fresh_4x4_full_Train,Ti64 DIC McLean fresh 4x4,D6h,QEDSR,4,9506,84825,7506,0.08848806366047746,0.9115119363395225,21648,14974,0.6917036215816703,0.7865394074624631
Ti64_DIC_Mclean_fresh_4x4_full_Train,Ti64 DIC McLean fresh 4x4,D6h,QEDSR,5,8432,75195,5668,0.07537735221756765,0.9246226477824323,18971,13190,0.6952717305360814,0.793710993779548
Ti64_DIC_Mclean_fresh_4x4_full_Train,Ti64 DIC McLean fresh 4x4,D6h,QEDSR,6,9322,83315,7757,0.09310448298625698,0.906895517013743,21471,14291,0.6655954543337526,0.7677316368471715
Ti64_DIC_Mclean_fresh_4x4_full_Train,Ti64 DIC McLean fresh 4x4,D6h,QEDSR,7,8828,78766,6918,0.08782977426808522,0.9121702257319148,20087,13926,0.6932842136705332,0.7878058724800696
Ti64_DIC_Mclean_fresh_4x4_full_Train,Ti64 DIC McLean fresh 4x4,D6h,QEDSR,8,8985,80054,7875,0.09837109950783221,0.9016289004921678,21323,13796,0.6470008910566055,0.7533817381072223
Ti64_DIC_Mclean_fresh_4x4_full_Train,Ti64 DIC McLean fresh 4x4,D6h,QEDSR,9,9202,81953,8318,0.10149719961441314,0.8985028003855868,22240,14020,0.6303956834532374,0.7409416556049521
Ti64_DIC_Mclean_fresh_4x4_full_Train,Ti64 DIC McLean fresh 4x4,D6h,QEDSR,10,8016,71484,4518,0.06320295450730233,0.9367970454926977,17466,12420,0.7110958433527997,0.8084900294481433
Ti64_DIC_Mclean_fresh_4x4_full_Train,Ti64 DIC McLean fresh 4x4,D6h,QEDSR,11,7239,64656,2777,0.04295038356842366,0.9570496164315764,15045,11259,0.7483549351944168,0.8399330270341205
Ti64_DIC_Mclean_fresh_4x4_full_Train,Ti64 DIC McLean fresh 4x4,D6h,QEDSR,12,7904,70526,4839,0.06861299378952443,0.9313870062104755,17004,12198,0.7173606210303458,0.8104822717020361
Ti64_DIC_Mclean_fresh_4x4_full_Train,Ti64 DIC McLean fresh 4x4,D6h,QEDSR,13,9002,80410,6689,0.08318617087426937,0.9168138291257306,20715,14055,0.6784938450398262,0.7798527521464781
Ti64_DIC_Mclean_fresh_4x4_full_Train,Ti64 DIC McLean fresh 4x4,D6h,QEDSR,14,9679,86535,8400,0.09707054948864621,0.9029294505113538,22797,15184,0.6660525507742246,0.7666097675938764
Ti64_DIC_Mclean_fresh_4x4_full_Train,Ti64 DIC McLean fresh 4x4,D6h,QEDSR,15,9791,87447,8822,0.10088396400105207,0.899116035998948,22980,15553,0.6768059181897302,0.7722806991627483
Ti64_DIC_Mclean_fresh_4x4_full_Train,Ti64 DIC McLean fresh 4x4,D6h,QEDSR,16,9655,86129,8906,0.1034030349824101,0.8965969650175899,22678,14900,0.6570244289619896,0.7583393370257333
Ti64_DIC_Mclean_fresh_4x4_full_Train,Ti64 DIC McLean fresh 4x4,D6h,QEDSR,17,10047,89431,10893,0.12180340150507095,0.878196598494929,25894,15125,0.5841121495327103,0.7015827588408735
Ti64_DIC_Mclean_fresh_4x4_full_Train,Ti64 DIC McLean fresh 4x4,D6h,QEDSR,18,9637,86028,8955,0.10409401590179941,0.8959059840982005,22436,14936,0.6657158138705651,0.7638453588842287
Ti64_DIC_Mclean_fresh_4x4_full_Train,Ti64 DIC McLean fresh 4x4,D6h,QEDSR,19,9602,85684,9318,0.10874842444330331,0.8912515755566967,22689,14713,0.6484640133985632,0.7507160124623274
Ti64_DIC_Mclean_fresh_4x4_full_Train,Ti64 DIC McLean fresh 4x4,D6h,QEDSR,20,9873,88044,8349,0.09482758620689655,0.9051724137931034,23060,15479,0.6712489158716392,0.7708548343034065
Ti64_DIC_Mclean_fresh_4x4_full_Train,Ti64 DIC McLean fresh 4x4,D6h,QEDSR,21,9561,85303,7694,0.09019612440359659,0.9098038755964034,22482,15125,0.6727604305666756,0.7735294479899552
Ti64_DIC_Mclean_fresh_4x4_full_Train,Ti64 DIC McLean fresh 4x4,D6h,QEDSR,22,9802,87510,11155,0.12747114615472518,0.8725288538452748,23697,15247,0.6434147782419716,0.7406580919286704
Ti64_DIC_Mclean_fresh_4x4_full_Train,Ti64 DIC McLean fresh 4x4,D6h,QEDSR,23,9446,84231,9683,0.11495767591504316,0.8850423240849569,22552,14900,0.6606952820148989,0.7565880335690782
Ti64_DIC_Mclean_fresh_4x4_full_Train,Ti64 DIC McLean fresh 4x4,D6h,QEDSR,24,8506,75871,7879,0.10384731979280622,0.8961526802071937,19847,13161,0.6631228901093364,0.7622249287950925
Ti64_DIC_Mclean_fresh_4x4_full_Train,Ti64 DIC McLean fresh 4x4,D6h,QEDSR,25,9139,81718,7918,0.09689419711691427,0.9031058028830857,21114,14298,0.67718101733447,0.7739938073682573
Ti64_DIC_Mclean_fresh_4x4_full_Train,Ti64 DIC McLean fresh 4x4,D6h,QEDSR,26,8725,77883,7858,0.10089493214180245,0.8991050678581975,20350,13722,0.6742997542997543,0.7706425171812321
Ti64_DIC_Mclean_fresh_4x4_full_Train,Ti64 DIC McLean fresh 4x4,D6h,QEDSR,27,8632,76996,6515,0.0846147851836459,0.9153852148163542,19274,13610,0.7061326138839888,0.7972571661048085
Ti64_DIC_Mclean_fresh_4x4_full_Train,Ti64 DIC McLean fresh 4x4,D6h,QEDSR,28,8364,74797,6144,0.0821423319117077,0.9178576680882923,18765,13275,0.7074340527577938,0.7990242756574147
Ti64_DIC_Mclean_fresh_4x4_full_Train,Ti64 DIC McLean fresh 4x4,D6h,QEDSR,29,8710,77681,7177,0.09239067468235476,0.9076093253176453,19881,13790,0.6936270811327399,0.7863203766700521
Ti64_DIC_Mclean_fresh_4x4_full_Train,Ti64 DIC McLean fresh 4x4,D6h,QEDSR,30,7900,70483,5343,0.0758055133862066,0.9241944866137934,17551,12349,0.703606632100735,0.7989543226827557
Ti64_DIC_Mclean_fresh_4x4_full_Train,Ti64 DIC McLean fresh 4x4,D6h,QEDSR,31,8896,79345,8122,0.10236309786375954,0.8976369021362405,20687,14072,0.6802339633586311,0.7739582762441
Ti64_DIC_Mclean_fresh_4x4_full_Train,Ti64 DIC McLean fresh 4x4,D6h,QEDSR,32,8684,77499,8371,0.10801429695867043,0.8919857030413296,20205,13645,0.6753278891363523,0.7686819344656279
Ti64_DIC_Mclean_fresh_4x4_full_Train,Ti64 DIC McLean fresh 4x4,D6h,QEDSR,33,8745,78112,8207,0.10506708316263827,0.8949329168373618,20233,13710,0.6776058913655909,0.7712519572333822
Ti64_DIC_Mclean_fresh_4x4_full_Train,Ti64 DIC McLean fresh 4x4,D6h,QEDSR,34,8605,76764,8202,0.10684695951227138,0.8931530404877286,19971,13374,0.6696710229833258,0.7654331978682934
Ti64_DIC_Mclean_fresh_4x4_full_Train,Ti64 DIC McLean fresh 4x4,D6h,QEDSR,35,8420,75141,7648,0.10178198320490811,0.898218016795092,19582,13171,0.672607496680625,0.7692110505809171
Ti64_DIC_Mclean_fresh_4x4_full_Train,Ti64 DIC McLean fresh 4x4,D6h,QEDSR,36,8976,80110,8749,0.10921233304206716,0.8907876669579329,21136,14006,0.662660862982589,0.7599738423817516
Ti64_DIC_Mclean_fresh_4x4_full_Train,Ti64 DIC McLean fresh 4x4,D6h,QEDSR,37,9691,86538,9928,0.11472416741778178,0.8852758325822182,23073,15230,0.6600788800762797,0.7562689333948411
Ti64_DIC_Mclean_fresh_4x4_full_Train,Ti64 DIC McLean fresh 4x4,D6h,QEDSR,38,10210,91096,10843,0.11902827786071836,0.8809717221392817,24929,15887,0.6372899033254442,0.7395752803312051
Ti64_DIC_Mclean_fresh_4x4_full_Train,Ti64 DIC McLean fresh 4x4,D6h,QEDSR,39,10248,91586,11083,0.1210119450571048,0.8789880549428952,24814,16155,0.6510437656161844,0.7480363290909363
Ti64_DIC_Mclean_fresh_4x4_full_Train,Ti64 DIC McLean fresh 4x4,D6h,QEDSR,40,10078,89932,10716,0.11915669617043989,0.8808433038295601,24299,15868,0.6530309889295856,0.7500197069697467
Ti64_DIC_Mclean_fresh_4x4_full_Train,Ti64 DIC McLean fresh 4x4,D6h,QEDSR,41,9023,80584,8735,0.10839620768390748,0.8916037923160925,21007,14086,0.6705383919645832,0.7654291385063041
Ti64_DIC_Mclean_fresh_4x4_full_Train,Ti64 DIC McLean fresh 4x4,D6h,QEDSR,42,10375,92573,11458,0.12377259028010328,0.8762274097198968,24656,15945,0.6466985723556132,0.7441661927028811
Ti64_DIC_Mclean_fresh_4x4_full_Train,Ti64 DIC McLean fresh 4x4,D6h,QEDSR,43,9906,88432,10599,0.1198548036909716,0.8801451963090284,23837,15409,0.6464320174518605,0.745398306449143
Ti64_DIC_Mclean_fresh_4x4_full_Train,Ti64 DIC McLean fresh 4x4,D6h,QEDSR,44,9054,80722,9933,0.12305195609623151,0.8769480439037685,21638,13836,0.6394306312967927,0.7395876115887845
Ti64_DIC_Mclean_fresh_4x4_full_Train,Ti64 DIC McLean fresh 4x4,D6h,QEDSR,45,10060,89764,11058,0.12318969742881333,0.8768103025711866,24277,15577,0.6416361164888578,0.7410115370253967
Ti64_DIC_Mclean_fresh_4x4_full_Train,Ti64 DIC McLean fresh 4x4,D6h,QEDSR,46,10001,89243,10677,0.11963963560167185,0.8803603643983282,23986,15640,0.6520470274326691,0.749195496883611
Ti64_DIC_Mclean_fresh_4x4_full_Train,Ti64 DIC McLean fresh 4x4,D6h,QEDSR,47,9753,86852,10702,0.12322111177635518,0.8767788882236448,23548,15150,0.6433667402751826,0.7421530736046583
Ti64_DIC_Mclean_fresh_4x4_full_Train,Ti64 DIC McLean fresh 4x4,D6h,QEDSR,48,8866,79096,9095,0.11498685142105795,0.8850131485789421,20657,13779,0.667037808006971,0.7607188774059654
Ti64_DIC_Mclean_fresh_4x4_full_Train,Ti64 DIC McLean fresh 4x4,D6h,QEDSR,49,9412,83985,9992,0.11897362624278145,0.8810263737572186,22445,14805,0.6596123858320339,0.7544090459334932
Ti64_DIC_Mclean_fresh_4x4_full_Train,Ti64 DIC McLean fresh 4x4,D6h,QEDSR,50,9205,82100,8812,0.10733252131546894,0.892667478684531,21888,14426,0.6590826023391813,0.7582942795618464
Ti64_DIC_Mclean_fresh_4x4_full_Train,Ti64 DIC McLean fresh 4x4,D6h,QEDSR,51,9154,81731,9477,0.11595355495466836,0.8840464450453316,21800,14344,0.6579816513761468,0.7544432441328858
Ti64_DIC_Mclean_fresh_4x4_full_Train,Ti64 DIC McLean fresh 4x4,D6h,QEDSR,52,8988,80135,9684,0.12084607225307294,0.879153927746927,21724,13876,0.6387405634321488,0.7399081799374012
Ti64_DIC_Mclean_fresh_4x4_full_Train,Ti64 DIC McLean fresh 4x4,D6h,QEDSR,53,9005,80324,7666,0.09543847417957273,0.9045615258204273,20710,14301,0.6905359729599228,0.7831900856369343
Ti64_DIC_Mclean_fresh_4x4_full_Train,Ti64 DIC McLean fresh 4x4,D6h,QEDSR,54,10002,89248,10860,0.12168339906776622,0.8783166009322337,23834,15750,0.6608206763447176,0.7542014332856595
Ti64_DIC_Mclean_fresh_4x4_full_Train,Ti64 DIC McLean fresh 4x4,D6h,QEDSR,55,9545,85234,9610,0.11274843372363141,0.8872515662763686,22499,14945,0.6642517445219788,0.7597256114467115
Ti64_DIC_Mclean_fresh_4x4_full_Train,Ti64 DIC McLean fresh 4x4,D6h,QEDSR,56,10354,92427,9656,0.10447163707574626,0.8955283629242538,24267,16307,0.6719825277125314,0.7678152879839177
Ti64_DIC_Mclean_fresh_4x4_full_Train,Ti64 DIC McLean fresh 4x4,D6h,QEDSR,57,9287,82865,8608,0.10387980450129729,0.8961201954987027,21650,14486,0.6690993071593534,0.7661460912305995
Ti64_DIC_Mclean_fresh_4x4_full_Train,Ti64 DIC McLean fresh 4x4,D6h,QEDSR,58,9920,88555,9028,0.10194794195697589,0.8980520580430241,23208,15608,0.6725267149258877,0.769097368209576
Ti64_DIC_Mclean_fresh_4x4_full_Train,Ti64 DIC McLean fresh 4x4,D6h,QEDSR,59,9598,85679,8833,0.10309410707407883,0.8969058929259212,22472,14899,0.6630028479886081,0.7624178848296272
Ti64_DIC_Mclean_fresh_4x4_full_Train,Ti64 DIC McLean fresh 4x4,D6h,QEDSR,60,9918,88600,9511,0.10734762979683973,0.8926523702031602,23292,15825,0.6794178258629573,0.7715736029249669
Ti64_DIC_Mclean_fresh_4x4_full_Train,Ti64 DIC McLean fresh 4x4,D6h,QEDSR,61,9665,86251,8501,0.09856117610230607,0.9014388238976939,22387,15305,0.683655693036137,0.7775861657430543
Ti64_DIC_Mclean_fresh_4x4_full_Train,Ti64 DIC McLean fresh 4x4,D6h,QEDSR,62,8961,80004,8284,0.10354482275886205,0.896455177241138,20590,13956,0.677804759592035,0.7719456891182455
Ti64_DIC_Mclean_fresh_4x4_full_Train,Ti64 DIC McLean fresh 4x4,D6h,QEDSR,63,9119,81325,8127,0.09993237011988933,0.9000676298801107,21098,14479,0.6862735804341644,0.7787639014538907
Ti64_DIC_Mclean_fresh_4x4_full_Train,Ti64 DIC McLean fresh 4x4,D6h,QEDSR,64,9884,88214,9035,0.10242138436075907,0.8975786156392409,22973,15776,0.6867191920950682,0.7781169156007044
Ti64_DIC_Mclean_fresh_4x4_full_Train,Ti64 DIC McLean fresh 4x4,D6h,QEDSR,65,8868,79164,7710,0.09739275428224951,0.9026072457177505,20303,14171,0.697975668620401,0.7872105720833245
Ti64_DIC_Mclean_fresh_4x4_full_Train,Ti64 DIC McLean fresh 4x4,D6h,QEDSR,66,9681,86479,9091,0.10512378727783624,0.8948762127221638,22574,15306,0.6780366793656419,0.771509851269712
Ti64_DIC_Mclean_fresh_4x4_full_Train,Ti64 DIC McLean fresh 4x4,D6h,QEDSR,67,9216,82295,8384,0.10187739230815968,0.8981226076918403,21328,14756,0.6918604651162791,0.7816127551492623
Ti64_DIC_Mclean_fresh_4x4_full_Train,Ti64 DIC McLean fresh 4x4,D6h,QEDSR,68,9682,86384,8474,0.09809686979070198,0.901903130209298,22231,15293,0.6879132742566686,0.7805066467068252
Ti64_DIC_Mclean_fresh_4x4_full_Train,Ti64 DIC McLean fresh 4x4,D6h,QEDSR,69,9088,81163,7844,0.09664502297845078,0.9033549770215492,20565,14326,0.6966204716751763,0.7866315332469234
Ti64_DIC_Mclean_fresh_4x4_full_Train,Ti64 DIC McLean fresh 4x4,D6h,QEDSR,70,9625,85924,8714,0.10141520413388576,0.8985847958661143,22281,15455,0.6936403213500292,0.7829227661658726
Ti64_DIC_Mclean_fresh_4x4_full_Train,Ti64 DIC McLean fresh 4x4,D6h,QEDSR,71,9427,84149,8419,0.10004872309831371,0.8999512769016863,21846,14846,0.6795752082761146,0.7743897708305603
Ti64_DIC_Mclean_fresh_4x4_full_Train,Ti64 DIC McLean fresh 4x4,D6h,RCAN,0,8143,72679,44288,0.6093644656640845,0.39063553433591547,18857,7856,0.41660921673649043,0.40320451454884454
Ti64_DIC_Mclean_fresh_4x4_full_Train,Ti64 DIC McLean fresh 4x4,D6h,RCAN,1,8769,78170,49577,0.6342202891134706,0.3657797108865294,20552,8263,0.4020533281432464,0.38305970869664707
Ti64_DIC_Mclean_fresh_4x4_full_Train,Ti64 DIC McLean fresh 4x4,D6h,RCAN,2,9331,83220,52460,0.6303773131458784,0.3696226868541216,23004,8954,0.38923665449487044,0.37917619304982286
Ti64_DIC_Mclean_fresh_4x4_full_Train,Ti64 DIC McLean fresh 4x4,D6h,RCAN,3,10084,89894,32826,0.3651634146884108,0.6348365853115892,23692,13233,0.5585429680904946,0.5942510236605338
Ti64_DIC_Mclean_fresh_4x4_full_Train,Ti64 DIC McLean fresh 4x4,D6h,RCAN,4,9506,84825,28534,0.33638667845564396,0.663613321544356,21648,12537,0.579129711751663,0.6184998528637943
Ti64_DIC_Mclean_fresh_4x4_full_Train,Ti64 DIC McLean fresh 4x4,D6h,RCAN,5,8432,75195,20679,0.27500498703371234,0.7249950129662877,18971,11656,0.6144114701386326,0.6651382644157331
Ti64_DIC_Mclean_fresh_4x4_full_Train,Ti64 DIC McLean fresh 4x4,D6h,RCAN,6,9322,83315,30666,0.36807297605473205,0.6319270239452679,21471,11723,0.5459922686414234,0.585824973902967
Ti64_DIC_Mclean_fresh_4x4_full_Train,Ti64 DIC McLean fresh 4x4,D6h,RCAN,7,8828,78766,32277,0.4097834090851383,0.5902165909148618,20087,10950,0.5451286901976403,0.5667773539747566
Ti64_DIC_Mclean_fresh_4x4_full_Train,Ti64 DIC McLean fresh 4x4,D6h,RCAN,8,8985,80054,30220,0.37749519074624627,0.6225048092537537,21323,11094,0.5202832622051307,0.5668222148721968
Ti64_DIC_Mclean_fresh_4x4_full_Train,Ti64 DIC McLean fresh 4x4,D6h,RCAN,9,9202,81953,26570,0.32421021805181016,0.6757897819481898,22240,12109,0.5444694244604317,0.6030634666817817
Ti64_DIC_Mclean_fresh_4x4_full_Train,Ti64 DIC McLean fresh 4x4,D6h,RCAN,10,8016,71484,14761,0.20649376084158694,0.7935062391584131,17466,11655,0.6672964616970113,0.7249492425155591
Ti64_DIC_Mclean_fresh_4x4_full_Train,Ti64 DIC McLean fresh 4x4,D6h,RCAN,11,7239,64656,5740,0.08877753031427864,0.9112224696857214,15045,11430,0.7597208374875374,0.8286034539115779
Ti64_DIC_Mclean_fresh_4x4_full_Train,Ti64 DIC McLean fresh 4x4,D6h,RCAN,12,7904,70526,16331,0.23155999205966593,0.7684400079403341,17004,11319,0.665666901905434,0.7133709152002364
Ti64_DIC_Mclean_fresh_4x4_full_Train,Ti64 DIC McLean fresh 4x4,D6h,RCAN,13,9002,80410,26802,0.333316751647805,0.666683248352195,20715,12025,0.5804972242336471,0.6206123069087469
Ti64_DIC_Mclean_fresh_4x4_full_Train,Ti64 DIC McLean fresh 4x4,D6h,RCAN,14,9679,86535,36026,0.4163170971283296,0.5836829028716704,22797,12160,0.5334035180067552,0.5574116880721223
Ti64_DIC_Mclean_fresh_4x4_full_Train,Ti64 DIC McLean fresh 4x4,D6h,RCAN,15,9791,87447,29558,0.33801045204523883,0.6619895479547612,22980,13668,0.5947780678851174,0.6265865850299569
Ti64_DIC_Mclean_fresh_4x4_full_Train,Ti64 DIC McLean fresh 4x4,D6h,RCAN,16,9655,86129,28965,0.33629787876325046,0.6637021212367495,22678,13288,0.585942322956169,0.6224028994416293
Ti64_DIC_Mclean_fresh_4x4_full_Train,Ti64 DIC McLean fresh 4x4,D6h,RCAN,17,10047,89431,29549,0.33041115496863505,0.669588845031365,25894,13674,0.5280760021626631,0.5904720359878679
Ti64_DIC_Mclean_fresh_4x4_full_Train,Ti64 DIC McLean fresh 4x4,D6h,RCAN,18,9637,86028,26977,0.3135839494118194,0.6864160505881807,22436,13532,0.603137814227135,0.6420879153605106
Ti64_DIC_Mclean_fresh_4x4_full_Train,Ti64 DIC McLean fresh 4x4,D6h,RCAN,19,9602,85684,40166,0.46876896503431215,0.5312310349656879,22689,11220,0.4945127594869761,0.5122147000970771
Ti64_DIC_Mclean_fresh_4x4_full_Train,Ti64 DIC McLean fresh 4x4,D6h,RCAN,20,9873,88044,25728,0.29221752759983644,0.7077824724001636,23060,13915,0.6034258456201215,0.6514513842743357
Ti64_DIC_Mclean_fresh_4x4_full_Train,Ti64 DIC McLean fresh 4x4,D6h,RCAN,21,9561,85303,29408,0.3447475469795904,0.6552524530204096,22482,13067,0.5812205319811404,0.616020218712651
Ti64_DIC_Mclean_fresh_4x4_full_Train,Ti64 DIC McLean fresh 4x4,D6h,RCAN,22,9802,87510,52647,0.6016112444292081,0.3983887555707919,23697,10081,0.4254124994725071,0.4114573878870928
Ti64_DIC_Mclean_fresh_4x4_full_Train,Ti64 DIC McLean fresh 4x4,D6h,RCAN,23,9446,84231,59475,0.7060939559069701,0.2939060440930299,22552,7979,0.35380454061724015,0.3210856681043088
Ti64_DIC_Mclean_fresh_4x4_full_Train,Ti64 DIC McLean fresh 4x4,D6h,RCAN,24,8506,75871,46783,0.6166124079028878,0.38338759209711215,19847,8034,0.4047966947145664,0.3938013803935882
Ti64_DIC_Mclean_fresh_4x4_full_Train,Ti64 DIC McLean fresh 4x4,D6h,RCAN,25,9139,81718,40441,0.4948848478915294,0.5051151521084706,21114,10326,0.4890593918726911,0.4969576230077591
Ti64_DIC_Mclean_fresh_4x4_full_Train,Ti64 DIC McLean fresh 4x4,D6h,RCAN,26,8725,77883,43757,0.5618299243737401,0.43817007562625987,20350,9173,0.4507616707616708,0.44437669409292724
Ti64_DIC_Mclean_fresh_4x4_full_Train,Ti64 DIC McLean fresh 4x4,D6h,RCAN,27,8632,76996,28116,0.3651618265883942,0.6348381734116058,19274,10826,0.5616893224032375,0.5960277966139662
Ti64_DIC_Mclean_fresh_4x4_full_Train,Ti64 DIC McLean fresh 4x4,D6h,RCAN,28,8364,74797,30453,0.4071419976737035,0.5928580023262965,18765,10090,0.5377031707966959,0.5639352124617226
Ti64_DIC_Mclean_fresh_4x4_full_Train,Ti64 DIC McLean fresh 4x4,D6h,RCAN,29,8710,77681,36683,0.4722261556880061,0.5277738443119939,19881,10134,0.5097329108193753,0.5185965230297139
Ti64_DIC_Mclean_fresh_4x4_full_Train,Ti64 DIC McLean fresh 4x4,D6h,RCAN,30,7900,70483,20305,0.28808365137692776,0.7119163486230722,17551,10850,0.6181983932539457,0.6617557553402278
Ti64_DIC_Mclean_fresh_4x4_full_Train,Ti64 DIC McLean fresh 4x4,D6h,RCAN,31,8896,79345,43779,0.5517549940134854,0.4482450059865146,20687,9470,0.457775414511529,0.4529600851720375
Ti64_DIC_Mclean_fresh_4x4_full_Train,Ti64 DIC McLean fresh 4x4,D6h,RCAN,32,8684,77499,52435,0.6765893753467787,0.32341062465322135,20205,7525,0.372432566196486,0.34619480497531524
Ti64_DIC_Mclean_fresh_4x4_full_Train,Ti64 DIC McLean fresh 4x4,D6h,RCAN,33,8745,78112,47683,0.6104439778779189,0.38955602212208107,20233,8373,0.4138288933919834,0.4013257765633057
Ti64_DIC_Mclean_fresh_4x4_full_Train,Ti64 DIC McLean fresh 4x4,D6h,RCAN,34,8605,76764,54687,0.7124042519931217,0.28759574800687826,19971,7095,0.3552651344449452,0.3178689040520835
Ti64_DIC_Mclean_fresh_4x4_full_Train,Ti64 DIC McLean fresh 4x4,D6h,RCAN,35,8420,75141,54940,0.7311587548741699,0.2688412451258301,19582,6744,0.34439791645388623,0.3019649444425398
Ti64_DIC_Mclean_fresh_4x4_full_Train,Ti64 DIC McLean fresh 4x4,D6h,RCAN,36,8976,80110,50248,0.6272375483709899,0.3727624516290101,21136,8862,0.41928463285389855,0.3946572640312806
Ti64_DIC_Mclean_fresh_4x4_full_Train,Ti64 DIC McLean fresh 4x4,D6h,RCAN,37,9691,86538,46217,0.5340659594628949,0.4659340405371051,23073,10716,0.4644389546222858,0.4651852962970355
Ti64_DIC_Mclean_fresh_4x4_full_Train,Ti64 DIC McLean fresh 4x4,D6h,RCAN,38,10210,91096,49126,0.5392772459822605,0.46072275401773954,24929,11650,0.46732720927433913,0.46400148138691444
Ti64_DIC_Mclean_fresh_4x4_full_Train,Ti64 DIC McLean fresh 4x4,D6h,RCAN,39,10248,91586,46590,0.5087022033935318,0.4912977966064682,24814,12198,0.49157733537519144,0.49143752623912557
Ti64_DIC_Mclean_fresh_4x4_full_Train,Ti64 DIC McLean fresh 4x4,D6h,RCAN,40,10078,89932,47968,0.5333807765867544,0.4666192234132456,24299,11706,0.4817482200913618,0.47406304777617025
Ti64_DIC_Mclean_fresh_4x4_full_Train,Ti64 DIC McLean fresh 4x4,D6h,RCAN,41,9023,80584,43350,0.5379479797478408,0.4620520202521592,21007,9880,0.4703194173370781,0.46614906502563547
Ti64_DIC_Mclean_fresh_4x4_full_Train,Ti64 DIC McLean fresh 4x4,D6h,RCAN,42,10375,92573,59413,0.6417962040767826,0.3582037959232174,24656,9687,0.3928861129136924,0.3747442093294345
Ti64_DIC_Mclean_fresh_4x4_full_Train,Ti64 DIC McLean fresh 4x4,D6h,RCAN,43,9906,88432,55829,0.6313212411796635,0.3686787588203365,23837,9558,0.40097327683852835,0.38414848054913764
Ti64_DIC_Mclean_fresh_4x4_full_Train,Ti64 DIC McLean fresh 4x4,D6h,RCAN,44,9054,80722,49262,0.6102673372810387,0.38973266271896134,21638,8785,0.40599870598022,0.39769943216085907
Ti64_DIC_Mclean_fresh_4x4_full_Train,Ti64 DIC McLean fresh 4x4,D6h,RCAN,45,10060,89764,51740,0.5764003386658348,0.42359966133416516,24277,10382,0.42764756765662976,0.4256139900613686
Ti64_DIC_Mclean_fresh_4x4_full_Train,Ti64 DIC McLean fresh 4x4,D6h,RCAN,46,10001,89243,50184,0.5623298185852111,0.43767018141478886,23986,10742,0.44784457600266825,0.4426989277883103
Ti64_DIC_Mclean_fresh_4x4_full_Train,Ti64 DIC McLean fresh 4x4,D6h,RCAN,47,9753,86852,50867,0.5856744807258325,0.4143255192741675,23548,10125,0.4299728214710379,0.4220041753784019
Ti64_DIC_Mclean_fresh_4x4_full_Train,Ti64 DIC McLean fresh 4x4,D6h,RCAN,48,8866,79096,42853,0.5417846667340953,0.4582153332659047,20657,9634,0.46637943554243116,0.46226134019959847
Ti64_DIC_Mclean_fresh_4x4_full_Train,Ti64 DIC McLean fresh 4x4,D6h,RCAN,49,9412,83985,44015,0.5240816812526047,0.4759183187473953,22445,10567,0.4707952773446202,0.4733429366451982
Ti64_DIC_Mclean_fresh_4x4_full_Train,Ti64 DIC McLean fresh 4x4,D6h,RCAN,50,9205,82100,36660,0.44652862362971985,0.5534713763702801,21888,11363,0.5191429093567251,0.5357578104225768
Ti64_DIC_Mclean_fresh_4x4_full_Train,Ti64 DIC McLean fresh 4x4,D6h,RCAN,51,9154,81731,45689,0.5590167745408718,0.44098322545912816,21800,9861,0.4523394495412844,0.44658915539344174
Ti64_DIC_Mclean_fresh_4x4_full_Train,Ti64 DIC McLean fresh 4x4,D6h,RCAN,52,8988,80135,45813,0.5716977600299494,0.42830223997005057,21724,9480,0.4363837230712576,0.43230521615154516
Ti64_DIC_Mclean_fresh_4x4_full_Train,Ti64 DIC McLean fresh 4x4,D6h,RCAN,53,9005,80324,45203,0.5627583287684876,0.43724167123151236,20710,9134,0.4410429744084983,0.4391340966111589
Ti64_DIC_Mclean_fresh_4x4_full_Train,Ti64 DIC McLean fresh 4x4,D6h,RCAN,54,10002,89248,53564,0.6001703119397633,0.39982968806023667,23834,10270,0.43089703784509525,0.4147824377262608
Ti64_DIC_Mclean_fresh_4x4_full_Train,Ti64 DIC McLean fresh 4x4,D6h,RCAN,55,9545,85234,51377,0.6027758875566088,0.3972241124433912,22499,9455,0.42024089959553756,0.4084084722791787
Ti64_DIC_Mclean_fresh_4x4_full_Train,Ti64 DIC McLean fresh 4x4,D6h,RCAN,56,10354,92427,35612,0.38529866813809815,0.6147013318619019,24267,13773,0.5675608851526764,0.5901912908915504
Ti64_DIC_Mclean_fresh_4x4_full_Train,Ti64 DIC McLean fresh 4x4,D6h,RCAN,57,9287,82865,42714,0.5154649128099922,0.4845350871900078,21650,10322,0.4767667436489607,0.4806195271710509
Ti64_DIC_Mclean_fresh_4x4_full_Train,Ti64 DIC McLean fresh 4x4,D6h,RCAN,58,9920,88555,29082,0.3284060753204223,0.6715939246795777,23208,13835,0.5961306446053085,0.6316162499841498
Ti64_DIC_Mclean_fresh_4x4_full_Train,Ti64 DIC McLean fresh 4x4,D6h,RCAN,59,9598,85679,33867,0.39527772266249606,0.6047222773375039,22472,12224,0.5439658241367035,0.5727372844613828
Ti64_DIC_Mclean_fresh_4x4_full_Train,Ti64 DIC McLean fresh 4x4,D6h,RCAN,60,9918,88600,41442,0.4677426636568849,0.5322573363431151,23292,12032,0.516572213635583,0.5242974904056169
Ti64_DIC_Mclean_fresh_4x4_full_Train,Ti64 DIC McLean fresh 4x4,D6h,RCAN,61,9665,86251,32266,0.37409421340042437,0.6259057865995756,22387,13004,0.5808728279805244,0.6025490672752356
Ti64_DIC_Mclean_fresh_4x4_full_Train,Ti64 DIC McLean fresh 4x4,D6h,RCAN,62,8961,80004,37455,0.46816409179541024,0.5318359082045898,20590,10600,0.5148130160271976,0.5231860303784821
Ti64_DIC_Mclean_fresh_4x4_full_Train,Ti64 DIC McLean fresh 4x4,D6h,RCAN,63,9119,81325,38470,0.47304027051952047,0.5269597294804795,21098,10967,0.5198123044838373,0.5233616154494344
Ti64_DIC_Mclean_fresh_4x4_full_Train,Ti64 DIC McLean fresh 4x4,D6h,RCAN,64,9884,88214,33281,0.377275715872764,0.622724284127236,22973,13452,0.5855569581682845,0.6035689785240965
Ti64_DIC_Mclean_fresh_4x4_full_Train,Ti64 DIC McLean fresh 4x4,D6h,RCAN,65,8868,79164,41425,0.523280784194836,0.47671921580516396,20303,9825,0.4839186327143772,0.48029194655744883
Ti64_DIC_Mclean_fresh_4x4_full_Train,Ti64 DIC McLean fresh 4x4,D6h,RCAN,66,9681,86479,43416,0.50204095792042,0.49795904207957997,22574,11310,0.5010188712678303,0.49948427060680806
Ti64_DIC_Mclean_fresh_4x4_full_Train,Ti64 DIC McLean fresh 4x4,D6h,RCAN,67,9216,82295,41277,0.5015736071450271,0.4984263928549729,21328,10531,0.49376406601650413,0.49608427524274346
Ti64_DIC_Mclean_fresh_4x4_full_Train,Ti64 DIC McLean fresh 4x4,D6h,RCAN,68,9682,86384,32358,0.3745832561585479,0.6254167438414522,22231,12802,0.575862534298952,0.5996175538115671
Ti64_DIC_Mclean_fresh_4x4_full_Train,Ti64 DIC McLean fresh 4x4,D6h,RCAN,69,9088,81163,37506,0.46210711777534097,0.537892882224659,20565,10933,0.5316314125942134,0.5347438186991289
Ti64_DIC_Mclean_fresh_4x4_full_Train,Ti64 DIC McLean fresh 4x4,D6h,RCAN,70,9625,85924,39765,0.46279270052604626,0.5372072994739537,22281,11814,0.5302275481351825,0.533694604178218
Ti64_DIC_Mclean_fresh_4x4_full_Train,Ti64 DIC McLean fresh 4x4,D6h,RCAN,71,9427,84149,36632,0.4353230579091849,0.5646769420908151,21846,11794,0.5398699990845006,0.5519949018829798
Ti64_DIC_Mclean_fresh_4x4_full_Train,Ti64 DIC McLean fresh 4x4,D6h,SAN,0,8143,72679,7335,0.10092323779908914,0.8990767622009108,18857,13983,0.7415283449117038,0.8127378130582058
Ti64_DIC_Mclean_fresh_4x4_full_Train,Ti64 DIC McLean fresh 4x4,D6h,SAN,1,8769,78170,9060,0.1159012408852501,0.8840987591147499,20552,14950,0.7274231218372907,0.7981447685808561
Ti64_DIC_Mclean_fresh_4x4_full_Train,Ti64 DIC McLean fresh 4x4,D6h,SAN,2,9331,83220,10598,0.1273491949050709,0.8726508050949291,23004,15824,0.6878803686315423,0.7693269671273205
Ti64_DIC_Mclean_fresh_4x4_full_Train,Ti64 DIC McLean fresh 4x4,D6h,SAN,3,10084,89894,9669,0.10756001512892963,0.8924399848710703,23692,17253,0.7282204963700827,0.8020101634928635
Ti64_DIC_Mclean_fresh_4x4_full_Train,Ti64 DIC McLean fresh 4x4,D6h,SAN,4,9506,84825,7996,0.09426466254052461,0.9057353374594754,21648,16139,0.7455192165558019,0.8178546397316347
Ti64_DIC_Mclean_fresh_4x4_full_Train,Ti64 DIC McLean fresh 4x4,D6h,SAN,5,8432,75195,6281,0.08352948999268568,0.9164705100073143,18971,14244,0.750830214537979,0.8254224801997677
Ti64_DIC_Mclean_fresh_4x4_full_Train,Ti64 DIC McLean fresh 4x4,D6h,SAN,6,9322,83315,8374,0.10051011222468943,0.8994898877753106,21471,15601,0.7266079828606027,0.8038587895134948
Ti64_DIC_Mclean_fresh_4x4_full_Train,Ti64 DIC McLean fresh 4x4,D6h,SAN,7,8828,78766,7401,0.09396186171698448,0.9060381382830155,20087,15088,0.7511325733061184,0.8213453853156653
Ti64_DIC_Mclean_fresh_4x4_full_Train,Ti64 DIC McLean fresh 4x4,D6h,SAN,8,8985,80054,8632,0.10782721662877558,0.8921727833712244,21323,14944,0.700839469117854,0.7850158074833438
Ti64_DIC_Mclean_fresh_4x4_full_Train,Ti64 DIC McLean fresh 4x4,D6h,SAN,9,9202,81953,9034,0.11023391456078484,0.8897660854392152,22240,15143,0.6808902877697842,0.771439375660161
Ti64_DIC_Mclean_fresh_4x4_full_Train,Ti64 DIC McLean fresh 4x4,D6h,SAN,10,8016,71484,5283,0.07390464999160651,0.9260953500083935,17466,13449,0.7700103057368601,0.8408709223814439
Ti64_DIC_Mclean_fresh_4x4_full_Train,Ti64 DIC McLean fresh 4x4,D6h,SAN,11,7239,64656,3035,0.04694073249195744,0.9530592675080426,15045,11984,0.7965437022266534,0.867800718808101
Ti64_DIC_Mclean_fresh_4x4_full_Train,Ti64 DIC McLean fresh 4x4,D6h,SAN,12,7904,70526,4955,0.07025777727362958,0.9297422227263704,17004,13054,0.7677017172430016,0.8409876569982496
Ti64_DIC_Mclean_fresh_4x4_full_Train,Ti64 DIC McLean fresh 4x4,D6h,SAN,13,9002,80410,7324,0.09108319860713841,0.9089168013928616,20715,15175,0.7325609461742698,0.811265279726023
Ti64_DIC_Mclean_fresh_4x4_full_Train,Ti64 DIC McLean fresh 4x4,D6h,SAN,14,9679,86535,9011,0.1041312763621656,0.8958687236378344,22797,16530,0.725095407290433,0.8014863310675963
Ti64_DIC_Mclean_fresh_4x4_full_Train,Ti64 DIC McLean fresh 4x4,D6h,SAN,15,9791,87447,8389,0.09593239333539172,0.9040676066646083,22980,16912,0.7359442993907745,0.8113885014273927
Ti64_DIC_Mclean_fresh_4x4_full_Train,Ti64 DIC McLean fresh 4x4,D6h,SAN,16,9655,86129,9107,0.10573674372162686,0.8942632562783731,22678,16228,0.7155833847781992,0.7950073149706496
Ti64_DIC_Mclean_fresh_4x4_full_Train,Ti64 DIC McLean fresh 4x4,D6h,SAN,17,10047,89431,11215,0.12540394270443134,0.8745960572955687,25894,16544,0.6389124893797791,0.7384039494139889
Ti64_DIC_Mclean_fresh_4x4_full_Train,Ti64 DIC McLean fresh 4x4,D6h,SAN,18,9637,86028,8359,0.09716603896405822,0.9028339610359418,22436,16515,0.7360937778570155,0.8109820163339914
Ti64_DIC_Mclean_fresh_4x4_full_Train,Ti64 DIC McLean fresh 4x4,D6h,SAN,19,9602,85684,9523,0.11114093646421735,0.8888590635357827,22689,16236,0.7155890519635065,0.7928680378758222
Ti64_DIC_Mclean_fresh_4x4_full_Train,Ti64 DIC McLean fresh 4x4,D6h,SAN,20,9873,88044,8611,0.09780337104175185,0.9021966289582481,23060,16771,0.7272766695576757,0.8053480350890262
Ti64_DIC_Mclean_fresh_4x4_full_Train,Ti64 DIC McLean fresh 4x4,D6h,SAN,21,9561,85303,8034,0.09418191622803418,0.9058180837719658,22482,16430,0.7308068677163954,0.8089551316204106
Ti64_DIC_Mclean_fresh_4x4_full_Train,Ti64 DIC McLean fresh 4x4,D6h,SAN,22,9802,87510,10929,0.12488858416181008,0.87511141583819,23697,16797,0.7088239017597164,0.7832389130505683
Ti64_DIC_Mclean_fresh_4x4_full_Train,Ti64 DIC McLean fresh 4x4,D6h,SAN,23,9446,84231,10275,0.12198596716173381,0.8780140328382662,22552,16337,0.7244146860588861,0.7938527966368183
Ti64_DIC_Mclean_fresh_4x4_full_Train,Ti64 DIC McLean fresh 4x4,D6h,SAN,24,8506,75871,8294,0.10931713039237653,0.8906828696076234,19847,14328,0.7219227087217212,0.797472362095289
Ti64_DIC_Mclean_fresh_4x4_full_Train,Ti64 DIC McLean fresh 4x4,D6h,SAN,25,9139,81718,8359,0.10229080496341075,0.8977091950365892,21114,15564,0.7371412333049162,0.8095400676497895
Ti64_DIC_Mclean_fresh_4x4_full_Train,Ti64 DIC McLean fresh 4x4,D6h,SAN,26,8725,77883,7660,0.09835265719091457,0.9016473428090854,20350,15166,0.7452579852579853,0.816027334010482
Ti64_DIC_Mclean_fresh_4x4_full_Train,Ti64 DIC McLean fresh 4x4,D6h,SAN,27,8632,76996,6322,0.08210816146293314,0.9178918385370669,19274,14646,0.7598837812597281,0.8314474388887202
Ti64_DIC_Mclean_fresh_4x4_full_Train,Ti64 DIC McLean fresh 4x4,D6h,SAN,28,8364,74797,6356,0.08497667018730698,0.9150233298126931,18765,14342,0.7642952304822809,0.8328949411873531
Ti64_DIC_Mclean_fresh_4x4_full_Train,Ti64 DIC McLean fresh 4x4,D6h,SAN,29,8710,77681,7110,0.09152817291229516,0.9084718270877048,19881,14944,0.7516724510839495,0.8226673476353382
Ti64_DIC_Mclean_fresh_4x4_full_Train,Ti64 DIC McLean fresh 4x4,D6h,SAN,30,7900,70483,5493,0.0779336861370827,0.9220663138629173,17551,13301,0.7578485556378554,0.8319309946592647
Ti64_DIC_Mclean_fresh_4x4_full_Train,Ti64 DIC McLean fresh 4x4,D6h,SAN,31,8896,79345,8581,0.10814796143424286,0.8918520385657571,20687,15262,0.7377580122782423,0.8075195496957057
Ti64_DIC_Mclean_fresh_4x4_full_Train,Ti64 DIC McLean fresh 4x4,D6h,SAN,32,8684,77499,8813,0.11371759635608202,0.886282403643918,20205,14906,0.7377381836179163,0.8052168497927648
Ti64_DIC_Mclean_fresh_4x4_full_Train,Ti64 DIC McLean fresh 4x4,D6h,SAN,33,8745,78112,8190,0.10484944694797214,0.8951505530520278,20233,14998,0.7412642712400533,0.8109717811255996
Ti64_DIC_Mclean_fresh_4x4_full_Train,Ti64 DIC McLean fresh 4x4,D6h,SAN,34,8605,76764,8370,0.10903548538377364,0.8909645146162264,19971,14803,0.7412247759250914,0.8092259599186513
Ti64_DIC_Mclean_fresh_4x4_full_Train,Ti64 DIC McLean fresh 4x4,D6h,SAN,35,8420,75141,8089,0.10765094954818274,0.8923490504518172,19582,14453,0.738075783883158,0.8079136321279822
Ti64_DIC_Mclean_fresh_4x4_full_Train,Ti64 DIC McLean fresh 4x4,D6h,SAN,36,8976,80110,8842,0.11037323679940082,0.8896267632005992,21136,15448,0.7308856926570779,0.8024813023532229
Ti64_DIC_Mclean_fresh_4x4_full_Train,Ti64 DIC McLean fresh 4x4,D6h,SAN,37,9691,86538,9874,0.11410016408976403,0.8858998359102359,23073,16665,0.7222727863736835,0.7957620146799254
Ti64_DIC_Mclean_fresh_4x4_full_Train,Ti64 DIC McLean fresh 4x4,D6h,SAN,38,10210,91096,11039,0.12117985421972424,0.8788201457802758,24929,17562,0.7044807252597377,0.7820520597143168
Ti64_DIC_Mclean_fresh_4x4_full_Train,Ti64 DIC McLean fresh 4x4,D6h,SAN,39,10248,91586,11137,0.1216015548227895,0.8783984451772104,24814,17651,0.7113323124042878,0.7860868190923251
Ti64_DIC_Mclean_fresh_4x4_full_Train,Ti64 DIC McLean fresh 4x4,D6h,SAN,40,10078,89932,10801,0.12010185473468843,0.8798981452653116,24299,17381,0.7152969257994156,0.7891052946957691
Ti64_DIC_Mclean_fresh_4x4_full_Train,Ti64 DIC McLean fresh 4x4,D6h,SAN,41,9023,80584,8485,0.10529385485952547,0.8947061451404745,21007,15631,0.7440853048983672,0.8124739664531614
Ti64_DIC_Mclean_fresh_4x4_full_Train,Ti64 DIC McLean fresh 4x4,D6h,SAN,42,10375,92573,11110,0.12001339483434695,0.8799866051656531,24656,17549,0.7117537313432836,0.7869798049252941
Ti64_DIC_Mclean_fresh_4x4_full_Train,Ti64 DIC McLean fresh 4x4,D6h,SAN,43,9906,88432,10722,0.12124570291297268,0.8787542970870273,23837,16991,0.712799429458405,0.7871246206150294
Ti64_DIC_Mclean_fresh_4x4_full_Train,Ti64 DIC McLean fresh 4x4,D6h,SAN,44,9054,80722,10054,0.12455092787591983,0.8754490721240802,21638,15133,0.699371476106849,0.7775668288244965
Ti64_DIC_Mclean_fresh_4x4_full_Train,Ti64 DIC McLean fresh 4x4,D6h,SAN,45,10060,89764,10814,0.12047145849115458,0.8795285415088454,24277,17042,0.7019812991720559,0.7807888036428059
Ti64_DIC_Mclean_fresh_4x4_full_Train,Ti64 DIC McLean fresh 4x4,D6h,SAN,46,10001,89243,10504,0.11770110821016774,0.8822988917898322,23986,17272,0.7200867172517301,0.7929822996897629
Ti64_DIC_Mclean_fresh_4x4_full_Train,Ti64 DIC McLean fresh 4x4,D6h,SAN,47,9753,86852,10825,0.1246373140514899,0.8753626859485101,23548,16637,0.7065143536606081,0.7819271495771202
Ti64_DIC_Mclean_fresh_4x4_full_Train,Ti64 DIC McLean fresh 4x4,D6h,SAN,48,8866,79096,8897,0.11248356427632245,0.8875164357236776,20657,15003,0.7262913298155589,0.7988504034983747
Ti64_DIC_Mclean_fresh_4x4_full_Train,Ti64 DIC McLean fresh 4x4,D6h,SAN,49,9412,83985,9366,0.11151991427040543,0.8884800857295946,22445,16287,0.7256404544441969,0.7988462783628609
Ti64_DIC_Mclean_fresh_4x4_full_Train,Ti64 DIC McLean fresh 4x4,D6h,SAN,50,9205,82100,8803,0.10722289890377588,0.8927771010962241,21888,15846,0.7239583333333334,0.7995537283140417
Ti64_DIC_Mclean_fresh_4x4_full_Train,Ti64 DIC McLean fresh 4x4,D6h,SAN,51,9154,81731,9396,0.11496249892941479,0.8850375010705852,21800,15726,0.7213761467889909,0.7948699180148717
Ti64_DIC_Mclean_fresh_4x4_full_Train,Ti64 DIC McLean fresh 4x4,D6h,SAN,52,8988,80135,9606,0.11987271479378549,0.8801272852062145,21724,15232,0.7011600073651262,0.780516047496912
Ti64_DIC_Mclean_fresh_4x4_full_Train,Ti64 DIC McLean fresh 4x4,D6h,SAN,53,9005,80324,8301,0.10334395697425428,0.8966560430257458,20710,15666,0.7564461612747465,0.8206050659978874
Ti64_DIC_Mclean_fresh_4x4_full_Train,Ti64 DIC McLean fresh 4x4,D6h,SAN,54,10002,89248,10977,0.1229943528146289,0.8770056471853711,23834,17253,0.7238818494587564,0.7931206548881492
Ti64_DIC_Mclean_fresh_4x4_full_Train,Ti64 DIC McLean fresh 4x4,D6h,SAN,55,9545,85234,9954,0.11678438181946171,0.8832156181805383,22499,16403,0.7290546246499845,0.7987648892745862
Ti64_DIC_Mclean_fresh_4x4_full_Train,Ti64 DIC McLean fresh 4x4,D6h,SAN,56,10354,92427,9834,0.1063974812554773,0.8936025187445227,24267,17876,0.736638232991305,0.807563888589644
Ti64_DIC_Mclean_fresh_4x4_full_Train,Ti64 DIC McLean fresh 4x4,D6h,SAN,57,9287,82865,8980,0.10836903397091655,0.8916309660290834,21650,15720,0.7260969976905312,0.800394852535089
Ti64_DIC_Mclean_fresh_4x4_full_Train,Ti64 DIC McLean fresh 4x4,D6h,SAN,58,9920,88555,8829,0.09970075094573994,0.9002992490542601,23208,17053,0.7347897276801103,0.8091677571754029
Ti64_DIC_Mclean_fresh_4x4_full_Train,Ti64 DIC McLean fresh 4x4,D6h,SAN,59,9598,85679,9305,0.10860304158545268,0.8913969584145474,22472,16256,0.7233891064435742,0.7986529773412122
Ti64_DIC_Mclean_fresh_4x4_full_Train,Ti64 DIC McLean fresh 4x4,D6h,SAN,60,9918,88600,9980,0.1126410835214447,0.8873589164785554,23292,17310,0.74317362184441,0.8088912356371233
Ti64_DIC_Mclean_fresh_4x4_full_Train,Ti64 DIC McLean fresh 4x4,D6h,SAN,61,9665,86251,8582,0.0995002956487461,0.9004997043512539,22387,16712,0.7465046678876134,0.8163029121966809
Ti64_DIC_Mclean_fresh_4x4_full_Train,Ti64 DIC McLean fresh 4x4,D6h,SAN,62,8961,80004,8156,0.10194490275486226,0.8980550972451378,20590,15220,0.7391937833899952,0.810917329523882
Ti64_DIC_Mclean_fresh_4x4_full_Train,Ti64 DIC McLean fresh 4x4,D6h,SAN,63,9119,81325,8061,0.09912081155856133,0.9008791884414387,21098,15777,0.7477959996208171,0.8172305353244843
Ti64_DIC_Mclean_fresh_4x4_full_Train,Ti64 DIC McLean fresh 4x4,D6h,SAN,64,9884,88214,8920,0.10111773641372118,0.8988822635862788,22973,17153,0.746659121577504,0.815729883650575
Ti64_DIC_Mclean_fresh_4x4_full_Train,Ti64 DIC McLean fresh 4x4,D6h,SAN,65,8868,79164,7741,0.09778434642008994,0.9022156535799101,20303,15351,0.7560951583509826,0.8227177710624072
Ti64_DIC_Mclean_fresh_4x4_full_Train,Ti64 DIC McLean fresh 4x4,D6h,SAN,66,9681,86479,8997,0.10403681818707432,0.8959631818129257,22574,16953,0.7509967218924426,0.8170999317761187
Ti64_DIC_Mclean_fresh_4x4_full_Train,Ti64 DIC McLean fresh 4x4,D6h,SAN,67,9216,82295,8426,0.10238775138222249,0.8976122486177776,21328,16092,0.7545011252813203,0.8198583249163531
Ti64_DIC_Mclean_fresh_4x4_full_Train,Ti64 DIC McLean fresh 4x4,D6h,SAN,68,9682,86384,8427,0.0975527875532506,0.9024472124467494,22231,16702,0.7512932391705276,0.81996239344146
Ti64_DIC_Mclean_fresh_4x4_full_Train,Ti64 DIC McLean fresh 4x4,D6h,SAN,69,9088,81163,7133,0.08788487364932297,0.912115126350677,20565,15868,0.7716022368101143,0.8359955027123065
Ti64_DIC_Mclean_fresh_4x4_full_Train,Ti64 DIC McLean fresh 4x4,D6h,SAN,70,9625,85924,8980,0.10451096317676085,0.8954890368232391,22281,16832,0.7554418562901126,0.8195253999874669
Ti64_DIC_Mclean_fresh_4x4_full_Train,Ti64 DIC McLean fresh 4x4,D6h,SAN,71,9427,84149,8653,0.10282950480694958,0.8971704951930504,21846,16308,0.7464982147761604,0.8149284207326687
Ti64_DIC_Mclean_fresh_4x4_full_Train,Ti64 DIC McLean fresh 4x4,D6h,SLERP,0,8143,72679,54466,0.749404917514,0.25059508248600004,18857,4707,0.24961552739035903,0.2501043458139962
Ti64_DIC_Mclean_fresh_4x4_full_Train,Ti64 DIC McLean fresh 4x4,D6h,SLERP,1,8769,78170,59898,0.766253038249968,0.23374696175003196,20552,4920,0.23939275982872713,0.23653617619845255
Ti64_DIC_Mclean_fresh_4x4_full_Train,Ti64 DIC McLean fresh 4x4,D6h,SLERP,2,9331,83220,65450,0.7864695986541697,0.21353040134583035,23004,4792,0.20831159798295948,0.21088871754385727
Ti64_DIC_Mclean_fresh_4x4_full_Train,Ti64 DIC McLean fresh 4x4,D6h,SLERP,3,10084,89894,61659,0.6859078470198233,0.3140921529801767,23692,6996,0.2952895492149249,0.3044007719016383
Ti64_DIC_Mclean_fresh_4x4_full_Train,Ti64 DIC McLean fresh 4x4,D6h,SLERP,4,9506,84825,53802,0.6342705570291777,0.3657294429708223,21648,7069,0.3265428677014043,0.3450270631063124
Ti64_DIC_Mclean_fresh_4x4_full_Train,Ti64 DIC McLean fresh 4x4,D6h,SLERP,5,8432,75195,45532,0.6055189839749984,0.39448101602500163,18971,6550,0.34526382373095776,0.36823514450468475
Ti64_DIC_Mclean_fresh_4x4_full_Train,Ti64 DIC McLean fresh 4x4,D6h,SLERP,6,9322,83315,60418,0.725175538618496,0.27482446138150396,21471,5833,0.2716687625168832,0.273237500733456
Ti64_DIC_Mclean_fresh_4x4_full_Train,Ti64 DIC McLean fresh 4x4,D6h,SLERP,7,8828,78766,53129,0.6745169235456923,0.32548307645430774,20087,6345,0.31587593966246824,0.32060755375898803
Ti64_DIC_Mclean_fresh_4x4_full_Train,Ti64 DIC McLean fresh 4x4,D6h,SLERP,8,8985,80054,50363,0.6291128488270418,0.37088715117295823,21323,6830,0.3203114008347793,0.343748934654889
Ti64_DIC_Mclean_fresh_4x4_full_Train,Ti64 DIC McLean fresh 4x4,D6h,SLERP,9,9202,81953,54161,0.6608787963832928,0.33912120361670717,22240,6535,0.29383992805755393,0.31486088193107425
Ti64_DIC_Mclean_fresh_4x4_full_Train,Ti64 DIC McLean fresh 4x4,D6h,SLERP,10,8016,71484,43894,0.6140395053438532,0.3859604946561468,17466,6400,0.3664261994732623,0.37593976158049186
Ti64_DIC_Mclean_fresh_4x4_full_Train,Ti64 DIC McLean fresh 4x4,D6h,SLERP,11,7239,64656,31775,0.49144704281118534,0.5085529571888147,15045,6991,0.4646726487205052,0.48562357627403074
Ti64_DIC_Mclean_fresh_4x4_full_Train,Ti64 DIC McLean fresh 4x4,D6h,SLERP,12,7904,70526,39372,0.5582622011740351,0.44173779882596487,17004,6819,0.40102328863796755,0.42039706729688486
Ti64_DIC_Mclean_fresh_4x4_full_Train,Ti64 DIC McLean fresh 4x4,D6h,SLERP,13,9002,80410,49625,0.6171496082576794,0.3828503917423206,20715,6978,0.33685734974656045,0.35838427427487385
Ti64_DIC_Mclean_fresh_4x4_full_Train,Ti64 DIC McLean fresh 4x4,D6h,SLERP,14,9679,86535,59758,0.6905645114693476,0.3094354885306524,22797,6521,0.28604640961530026,0.297281616040174
Ti64_DIC_Mclean_fresh_4x4_full_Train,Ti64 DIC McLean fresh 4x4,D6h,SLERP,15,9791,87447,59664,0.6822875570345467,0.3177124429654533,22980,7165,0.311792863359443,0.3147248206546362
Ti64_DIC_Mclean_fresh_4x4_full_Train,Ti64 DIC McLean fresh 4x4,D6h,SLERP,16,9655,86129,59142,0.6866676729092408,0.3133323270907592,22678,6886,0.3036422964988094,0.30841121734188237
Ti64_DIC_Mclean_fresh_4x4_full_Train,Ti64 DIC McLean fresh 4x4,D6h,SLERP,17,10047,89431,62284,0.6964475405619975,0.30355245943800246,25894,7029,0.27145284621920135,0.28660667399270323
Ti64_DIC_Mclean_fresh_4x4_full_Train,Ti64 DIC McLean fresh 4x4,D6h,SLERP,18,9637,86028,55875,0.6494978379132376,0.35050216208676244,22436,7303,0.32550365484043503,0.3375406895381868
Ti64_DIC_Mclean_fresh_4x4_full_Train,Ti64 DIC McLean fresh 4x4,D6h,SLERP,19,9602,85684,58968,0.6882031651183418,0.3117968348816582,22689,6426,0.2832209440698136,0.29682270700810487
Ti64_DIC_Mclean_fresh_4x4_full_Train,Ti64 DIC McLean fresh 4x4,D6h,SLERP,20,9873,88044,47462,0.539071373404207,0.46092862659579303,23060,9079,0.3937120555073721,0.4246770855153692
Ti64_DIC_Mclean_fresh_4x4_full_Train,Ti64 DIC McLean fresh 4x4,D6h,SLERP,21,9561,85303,43333,0.5079891680245713,0.4920108319754287,22482,9294,0.4133973845743261,0.4492912421227255
Ti64_DIC_Mclean_fresh_4x4_full_Train,Ti64 DIC McLean fresh 4x4,D6h,SLERP,22,9802,87510,67905,0.7759684607473432,0.22403153925265684,23697,5416,0.22855213740135882,0.22626926149903523
Ti64_DIC_Mclean_fresh_4x4_full_Train,Ti64 DIC McLean fresh 4x4,D6h,SLERP,23,9446,84231,68382,0.8118388716743242,0.18816112832567577,22552,4538,0.20122383824051082,0.19447337570965012
Ti64_DIC_Mclean_fresh_4x4_full_Train,Ti64 DIC McLean fresh 4x4,D6h,SLERP,24,8506,75871,54464,0.7178500349277063,0.28214996507229373,19847,5368,0.27046908852723334,0.27618607568459463
Ti64_DIC_Mclean_fresh_4x4_full_Train,Ti64 DIC McLean fresh 4x4,D6h,SLERP,25,9139,81718,52985,0.6483883599696517,0.3516116400303483,21114,6879,0.32580278488206876,0.3382155658514356
Ti64_DIC_Mclean_fresh_4x4_full_Train,Ti64 DIC McLean fresh 4x4,D6h,SLERP,26,8725,77883,51055,0.6555345839271728,0.3444654160728272,20350,6458,0.31734643734643736,0.3303503012676258
Ti64_DIC_Mclean_fresh_4x4_full_Train,Ti64 DIC McLean fresh 4x4,D6h,SLERP,27,8632,76996,37621,0.4886097979115798,0.5113902020884202,19274,8441,0.4379474940334129,0.47182800892196336
Ti64_DIC_Mclean_fresh_4x4_full_Train,Ti64 DIC McLean fresh 4x4,D6h,SLERP,28,8364,74797,37696,0.5039774322499565,0.4960225677500435,18765,7804,0.4158806288302691,0.4524299907347127
Ti64_DIC_Mclean_fresh_4x4_full_Train,Ti64 DIC McLean fresh 4x4,D6h,SLERP,29,8710,77681,42877,0.5519625133559043,0.4480374866440957,19881,7606,0.38257632915849304,0.41272739197112995
Ti64_DIC_Mclean_fresh_4x4_full_Train,Ti64 DIC McLean fresh 4x4,D6h,SLERP,30,7900,70483,27945,0.396478583488217,0.603521416511783,17551,8590,0.4894308016637229,0.5405212886573879
Ti64_DIC_Mclean_fresh_4x4_full_Train,Ti64 DIC McLean fresh 4x4,D6h,SLERP,31,8896,79345,53602,0.6755561156972714,0.32444388430272864,20687,6349,0.3069077198240441,0.3154322633896795
Ti64_DIC_Mclean_fresh_4x4_full_Train,Ti64 DIC McLean fresh 4x4,D6h,SLERP,32,8684,77499,59318,0.765403424560317,0.23459657543968304,20205,4890,0.24201930215293244,0.23825013871614897
Ti64_DIC_Mclean_fresh_4x4_full_Train,Ti64 DIC McLean fresh 4x4,D6h,SLERP,33,8745,78112,53443,0.6841842482589103,0.31581575174108967,20233,6026,0.29783027726980676,0.3065594445671903
Ti64_DIC_Mclean_fresh_4x4_full_Train,Ti64 DIC McLean fresh 4x4,D6h,SLERP,34,8605,76764,57927,0.7546115366578083,0.24538846334219167,19971,4806,0.24064894096439837,0.24299559377504001
Ti64_DIC_Mclean_fresh_4x4_full_Train,Ti64 DIC McLean fresh 4x4,D6h,SLERP,35,8420,75141,58685,0.7809983896940419,0.2190016103059581,19582,4498,0.22970074558267797,0.2242236195593806
Ti64_DIC_Mclean_fresh_4x4_full_Train,Ti64 DIC McLean fresh 4x4,D6h,SLERP,36,8976,80110,59755,0.7459118711771314,0.2540881288228686,21136,5395,0.25525170325510976,0.2546685869602739
Ti64_DIC_Mclean_fresh_4x4_full_Train,Ti64 DIC McLean fresh 4x4,D6h,SLERP,37,9691,86538,58494,0.6759342716494487,0.32406572835055125,23073,7040,0.3051185368179257,0.31430684567637385
Ti64_DIC_Mclean_fresh_4x4_full_Train,Ti64 DIC McLean fresh 4x4,D6h,SLERP,38,10210,91096,61533,0.6754742249934136,0.3245257750065864,24929,7466,0.29949055317100565,0.3115059638225088
Ti64_DIC_Mclean_fresh_4x4_full_Train,Ti64 DIC McLean fresh 4x4,D6h,SLERP,39,10248,91586,61247,0.6687375799794728,0.3312624200205272,24814,7652,0.3083743048279197,0.3194088598138205
Ti64_DIC_Mclean_fresh_4x4_full_Train,Ti64 DIC McLean fresh 4x4,D6h,SLERP,40,10078,89932,62402,0.6938798203086777,0.3061201796913223,24299,7235,0.297748878554673,0.30187650438918867
Ti64_DIC_Mclean_fresh_4x4_full_Train,Ti64 DIC McLean fresh 4x4,D6h,SLERP,41,9023,80584,57592,0.7146828154472352,0.2853171845527648,21007,5979,0.2846194125767601,0.28496787142450425
Ti64_DIC_Mclean_fresh_4x4_full_Train,Ti64 DIC McLean fresh 4x4,D6h,SLERP,42,10375,92573,70855,0.7653959577846672,0.23460404221533282,24656,5899,0.23925210902011682,0.23690527911612258
Ti64_DIC_Mclean_fresh_4x4_full_Train,Ti64 DIC McLean fresh 4x4,D6h,SLERP,43,9906,88432,68598,0.7757146734213859,0.2242853265786141,23837,5457,0.22892981499349752,0.22658377273667782
Ti64_DIC_Mclean_fresh_4x4_full_Train,Ti64 DIC McLean fresh 4x4,D6h,SLERP,44,9054,80722,59976,0.7429944748643492,0.2570055251356508,21638,5306,0.2452167483131528,0.2509727764143181
Ti64_DIC_Mclean_fresh_4x4_full_Train,Ti64 DIC McLean fresh 4x4,D6h,SLERP,45,10060,89764,63049,0.702386257296912,0.29761374270308805,24277,6835,0.28154220043662725,0.2893549794086943
Ti64_DIC_Mclean_fresh_4x4_full_Train,Ti64 DIC McLean fresh 4x4,D6h,SLERP,46,10001,89243,64995,0.7282924150913798,0.27170758490862024,23986,6563,0.2736179438005503,0.27265941821461587
Ti64_DIC_Mclean_fresh_4x4_full_Train,Ti64 DIC McLean fresh 4x4,D6h,SLERP,47,9753,86852,65059,0.7490788928291807,0.2509211071708193,23548,6016,0.25547817224392727,0.2531791352922559
Ti64_DIC_Mclean_fresh_4x4_full_Train,Ti64 DIC McLean fresh 4x4,D6h,SLERP,48,8866,79096,56411,0.713196621826641,0.286803378173359,20657,5810,0.28126058963063366,0.28400494248890673
Ti64_DIC_Mclean_fresh_4x4_full_Train,Ti64 DIC McLean fresh 4x4,D6h,SLERP,49,9412,83985,58916,0.7015062213490504,0.2984937786509496,22445,6507,0.28990866562708845,0.2941385913950876
Ti64_DIC_Mclean_fresh_4x4_full_Train,Ti64 DIC McLean fresh 4x4,D6h,SLERP,50,9205,82100,51892,0.6320584652862363,0.3679415347137637,21888,7373,0.3368512426900585,0.3517106507877969
Ti64_DIC_Mclean_fresh_4x4_full_Train,Ti64 DIC McLean fresh 4x4,D6h,SLERP,51,9154,81731,58369,0.7141598659015551,0.2858401340984449,21800,5969,0.2738073394495413,0.2796943802112405
Ti64_DIC_Mclean_fresh_4x4_full_Train,Ti64 DIC McLean fresh 4x4,D6h,SLERP,52,8988,80135,59094,0.7374305858863168,0.2625694141136832,21724,5554,0.25566194071073467,0.2590696427711473
Ti64_DIC_Mclean_fresh_4x4_full_Train,Ti64 DIC McLean fresh 4x4,D6h,SLERP,53,9005,80324,55488,0.6908022508839201,0.3091977491160799,20710,6144,0.29666827619507485,0.30280345621478044
Ti64_DIC_Mclean_fresh_4x4_full_Train,Ti64 DIC McLean fresh 4x4,D6h,SLERP,54,10002,89248,70503,0.7899672821799928,0.2100327178200072,23834,5376,0.2255601241923303,0.21751967133836264
Ti64_DIC_Mclean_fresh_4x4_full_Train,Ti64 DIC McLean fresh 4x4,D6h,SLERP,55,9545,85234,62280,0.7306943238613699,0.2693056761386301,22499,6066,0.2696119827547891,0.2694587423983994
Ti64_DIC_Mclean_fresh_4x4_full_Train,Ti64 DIC McLean fresh 4x4,D6h,SLERP,56,10354,92427,62933,0.6808941110281628,0.3191058889718372,24267,7492,0.3087320229117732,0.31383325141919266
Ti64_DIC_Mclean_fresh_4x4_full_Train,Ti64 DIC McLean fresh 4x4,D6h,SLERP,57,9287,82865,53183,0.6418029324805407,0.35819706751945934,21650,7089,0.3274364896073903,0.34212675023586625
Ti64_DIC_Mclean_fresh_4x4_full_Train,Ti64 DIC McLean fresh 4x4,D6h,SLERP,58,9920,88555,58223,0.6574784032522162,0.3425215967477838,23208,7532,0.3245432609445019,0.3332901581324871
Ti64_DIC_Mclean_fresh_4x4_full_Train,Ti64 DIC McLean fresh 4x4,D6h,SLERP,59,9598,85679,61506,0.7178655213062711,0.2821344786937289,22472,6213,0.27647739409042366,0.27927729163194126
Ti64_DIC_Mclean_fresh_4x4_full_Train,Ti64 DIC McLean fresh 4x4,D6h,SLERP,60,9918,88600,64782,0.7311738148984198,0.2688261851015802,23292,6459,0.2773055126223596,0.2730000231687311
Ti64_DIC_Mclean_fresh_4x4_full_Train,Ti64 DIC McLean fresh 4x4,D6h,SLERP,61,9665,86251,59825,0.6936151464910552,0.30638485350894484,22387,6711,0.29977218921695625,0.30304245205585983
Ti64_DIC_Mclean_fresh_4x4_full_Train,Ti64 DIC McLean fresh 4x4,D6h,SLERP,62,8961,80004,49980,0.6247187640617969,0.37528123593820306,20590,6853,0.3328314715881496,0.3527839698091657
Ti64_DIC_Mclean_fresh_4x4_full_Train,Ti64 DIC McLean fresh 4x4,D6h,SLERP,63,9119,81325,51201,0.6295849984629572,0.37041500153704277,21098,7159,0.3393212626789269,0.35418701952791626
Ti64_DIC_Mclean_fresh_4x4_full_Train,Ti64 DIC McLean fresh 4x4,D6h,SLERP,64,9884,88214,63120,0.7155326818872287,0.28446731811277126,22973,6655,0.28968789448483,0.2870538719347659
Ti64_DIC_Mclean_fresh_4x4_full_Train,Ti64 DIC McLean fresh 4x4,D6h,SLERP,65,8868,79164,51289,0.6478828760547723,0.35211712394522765,20303,6539,0.3220706299561641,0.33642433660691884
Ti64_DIC_Mclean_fresh_4x4_full_Train,Ti64 DIC McLean fresh 4x4,D6h,SLERP,66,9681,86479,60557,0.7002509279709525,0.29974907202904755,22574,6650,0.2945866926552671,0.29714546222007954
Ti64_DIC_Mclean_fresh_4x4_full_Train,Ti64 DIC McLean fresh 4x4,D6h,SLERP,67,9216,82295,53872,0.6546205723312474,0.3453794276687526,21328,6828,0.3201425356339085,0.3322824845057084
Ti64_DIC_Mclean_fresh_4x4_full_Train,Ti64 DIC McLean fresh 4x4,D6h,SLERP,68,9682,86384,59832,0.6926282644934247,0.30737173550657526,22231,6712,0.30192074130718366,0.30462185493023036
Ti64_DIC_Mclean_fresh_4x4_full_Train,Ti64 DIC McLean fresh 4x4,D6h,SLERP,69,9088,81163,47698,0.5876815790446386,0.4123184209553614,20565,7602,0.36965718453683444,0.38982409566880877
Ti64_DIC_Mclean_fresh_4x4_full_Train,Ti64 DIC McLean fresh 4x4,D6h,SLERP,70,9625,85924,62045,0.7220916158465621,0.2779083841534379,22281,6419,0.2880929940307886,0.2829090583272849
Ti64_DIC_Mclean_fresh_4x4_full_Train,Ti64 DIC McLean fresh 4x4,D6h,SLERP,71,9427,84149,59506,0.7071504117695991,0.29284958823040086,21846,6384,0.29222741005218345,0.2925381683252743
Ti64_DIC_Mclean_fresh_4x4_full_Train,Ti64 DIC McLean fresh 4x4,D6h,Symm-SLERP,0,8143,72679,48151,0.6625159949916757,0.3374840050083243,18857,5927,0.31431298721960016,0.32548663776560577
Ti64_DIC_Mclean_fresh_4x4_full_Train,Ti64 DIC McLean fresh 4x4,D6h,Symm-SLERP,1,8769,78170,55897,0.7150697198413714,0.28493028015862865,20552,5943,0.2891689373297003,0.2870339614361151
Ti64_DIC_Mclean_fresh_4x4_full_Train,Ti64 DIC McLean fresh 4x4,D6h,Symm-SLERP,2,9331,83220,61593,0.7401225666906993,0.2598774333093007,23004,5896,0.25630325160841594,0.2580779681341265
Ti64_DIC_Mclean_fresh_4x4_full_Train,Ti64 DIC McLean fresh 4x4,D6h,Symm-SLERP,3,10084,89894,40976,0.4558257503281643,0.5441742496718357,23692,10925,0.46112611852101976,0.4992198699804381
Ti64_DIC_Mclean_fresh_4x4_full_Train,Ti64 DIC McLean fresh 4x4,D6h,Symm-SLERP,4,9506,84825,36253,0.427385794282346,0.572614205717654,21648,10487,0.4844327420546933,0.5248453162839359
Ti64_DIC_Mclean_fresh_4x4_full_Train,Ti64 DIC McLean fresh 4x4,D6h,Symm-SLERP,5,8432,75195,27762,0.3692000797925394,0.6307999202074606,18971,9609,0.5065099362184387,0.5618634632341187
Ti64_DIC_Mclean_fresh_4x4_full_Train,Ti64 DIC McLean fresh 4x4,D6h,Symm-SLERP,6,9322,83315,39296,0.471655764268139,0.5283442357318611,21471,9532,0.443947650319035,0.48248305961999527
Ti64_DIC_Mclean_fresh_4x4_full_Train,Ti64 DIC McLean fresh 4x4,D6h,Symm-SLERP,7,8828,78766,38783,0.49238250006347917,0.5076174999365208,20087,8886,0.4423756658535371,0.47275630524473045
Ti64_DIC_Mclean_fresh_4x4_full_Train,Ti64 DIC McLean fresh 4x4,D6h,Symm-SLERP,8,8985,80054,34056,0.4254128463287281,0.5745871536712719,21323,9755,0.4574872203723679,0.5093940638499486
Ti64_DIC_Mclean_fresh_4x4_full_Train,Ti64 DIC McLean fresh 4x4,D6h,Symm-SLERP,9,9202,81953,32599,0.39777677449269705,0.602223225507303,22240,10239,0.460386690647482,0.5218388302372534
Ti64_DIC_Mclean_fresh_4x4_full_Train,Ti64 DIC McLean fresh 4x4,D6h,Symm-SLERP,10,8016,71484,19662,0.2750545576632533,0.7249454423367467,17466,10314,0.5905187220886293,0.6508635776933882
Ti64_DIC_Mclean_fresh_4x4_full_Train,Ti64 DIC McLean fresh 4x4,D6h,Symm-SLERP,11,7239,64656,7368,0.11395694135115071,0.8860430586488492,15045,10701,0.7112662013958125,0.7890926276614373
Ti64_DIC_Mclean_fresh_4x4_full_Train,Ti64 DIC McLean fresh 4x4,D6h,Symm-SLERP,12,7904,70526,21661,0.3071349573207044,0.6928650426792956,17004,9640,0.5669254293107504,0.6236002264009419
Ti64_DIC_Mclean_fresh_4x4_full_Train,Ti64 DIC McLean fresh 4x4,D6h,Symm-SLERP,13,9002,80410,34109,0.42418853376445714,0.5758114662355429,20715,9899,0.47786628047308716,0.5222865994527316
Ti64_DIC_Mclean_fresh_4x4_full_Train,Ti64 DIC McLean fresh 4x4,D6h,Symm-SLERP,14,9679,86535,46821,0.5410643092390363,0.45893569076096374,22797,9075,0.39807869456507433,0.42634645064433196
Ti64_DIC_Mclean_fresh_4x4_full_Train,Ti64 DIC McLean fresh 4x4,D6h,Symm-SLERP,15,9791,87447,41371,0.47309799078298853,0.5269020092170115,22980,10368,0.4511749347258486,0.4861069082296897
Ti64_DIC_Mclean_fresh_4x4_full_Train,Ti64 DIC McLean fresh 4x4,D6h,Symm-SLERP,16,9655,86129,41453,0.48128969336692634,0.5187103066330736,22678,9912,0.43707557985713025,0.4744066872174811
Ti64_DIC_Mclean_fresh_4x4_full_Train,Ti64 DIC McLean fresh 4x4,D6h,Symm-SLERP,17,10047,89431,40295,0.45057083114356317,0.5494291688564368,25894,10530,0.40665791303004556,0.4673836168231362
Ti64_DIC_Mclean_fresh_4x4_full_Train,Ti64 DIC McLean fresh 4x4,D6h,Symm-SLERP,18,9637,86028,38624,0.4489701027572418,0.5510298972427582,22436,10400,0.463540738099483,0.5035131047265702
Ti64_DIC_Mclean_fresh_4x4_full_Train,Ti64 DIC McLean fresh 4x4,D6h,Symm-SLERP,19,9602,85684,51624,0.602492880817889,0.397507119182111,22689,7924,0.3492441271100533,0.3718159897237656
Ti64_DIC_Mclean_fresh_4x4_full_Train,Ti64 DIC McLean fresh 4x4,D6h,Symm-SLERP,20,9873,88044,32690,0.37129162691381584,0.6287083730861842,23060,11509,0.49908933217692975,0.5564502225767923
Ti64_DIC_Mclean_fresh_4x4_full_Train,Ti64 DIC McLean fresh 4x4,D6h,Symm-SLERP,21,9561,85303,36889,0.43244669003434816,0.5675533099656518,22482,10413,0.4631705364291433,0.5100764321081573
Ti64_DIC_Mclean_fresh_4x4_full_Train,Ti64 DIC McLean fresh 4x4,D6h,Symm-SLERP,22,9802,87510,64801,0.7404982287738544,0.2595017712261456,23697,6156,0.25977971895176605,0.25964067070257807
Ti64_DIC_Mclean_fresh_4x4_full_Train,Ti64 DIC McLean fresh 4x4,D6h,Symm-SLERP,23,9446,84231,64351,0.7639823817834289,0.23601761821657108,22552,5558,0.24645264278112805,0.24112228443716927
Ti64_DIC_Mclean_fresh_4x4_full_Train,Ti64 DIC McLean fresh 4x4,D6h,Symm-SLERP,24,8506,75871,49828,0.6567463194105785,0.3432536805894215,19847,6223,0.31354864715070285,0.3277294328375068
Ti64_DIC_Mclean_fresh_4x4_full_Train,Ti64 DIC McLean fresh 4x4,D6h,Symm-SLERP,25,9139,81718,47102,0.5763968770650285,0.4236031229349715,21114,7985,0.3781850904613053,0.3996077335391708
Ti64_DIC_Mclean_fresh_4x4_full_Train,Ti64 DIC McLean fresh 4x4,D6h,Symm-SLERP,26,8725,77883,47586,0.6109934131967182,0.3890065868032818,20350,7177,0.3526781326781327,0.3699526578603411
Ti64_DIC_Mclean_fresh_4x4_full_Train,Ti64 DIC McLean fresh 4x4,D6h,Symm-SLERP,27,8632,76996,32143,0.41746324484388797,0.582536755156112,19274,9418,0.48863754280377714,0.5314715432857166
Ti64_DIC_Mclean_fresh_4x4_full_Train,Ti64 DIC McLean fresh 4x4,D6h,Symm-SLERP,28,8364,74797,34849,0.46591440833188497,0.5340855916681151,18765,8398,0.4475353050892619,0.4869948449560094
Ti64_DIC_Mclean_fresh_4x4_full_Train,Ti64 DIC McLean fresh 4x4,D6h,Symm-SLERP,29,8710,77681,40012,0.5150809078152959,0.4849190921847041,19881,8200,0.41245410190634274,0.4457607380770248
Ti64_DIC_Mclean_fresh_4x4_full_Train,Ti64 DIC McLean fresh 4x4,D6h,Symm-SLERP,30,7900,70483,25748,0.3653079465970518,0.6346920534029482,17551,9007,0.5131901316164321,0.5675106777900962
Ti64_DIC_Mclean_fresh_4x4_full_Train,Ti64 DIC McLean fresh 4x4,D6h,Symm-SLERP,31,8896,79345,50607,0.6378095658201525,0.36219043417984753,20687,7094,0.3429206748199352,0.35229224590848673
Ti64_DIC_Mclean_fresh_4x4_full_Train,Ti64 DIC McLean fresh 4x4,D6h,Symm-SLERP,32,8684,77499,55300,0.7135575942915392,0.2864424057084608,20205,5894,0.2917099727790151,0.28905219274742033
Ti64_DIC_Mclean_fresh_4x4_full_Train,Ti64 DIC McLean fresh 4x4,D6h,Symm-SLERP,33,8745,78112,51282,0.656518844735764,0.34348115526423595,20233,6575,0.32496416744921663,0.33396618649925425
Ti64_DIC_Mclean_fresh_4x4_full_Train,Ti64 DIC McLean fresh 4x4,D6h,Symm-SLERP,34,8605,76764,54653,0.7119613360429368,0.28803866395706323,19971,5603,0.2805568073706875,0.28424851070447815
Ti64_DIC_Mclean_fresh_4x4_full_Train,Ti64 DIC McLean fresh 4x4,D6h,Symm-SLERP,35,8420,75141,55655,0.7406741991722229,0.2593258008277771,19582,5143,0.2626391584107854,0.2609719632634622
Ti64_DIC_Mclean_fresh_4x4_full_Train,Ti64 DIC McLean fresh 4x4,D6h,Symm-SLERP,36,8976,80110,57671,0.719897640743977,0.280102359256023,21136,5917,0.27994890234670705,0.28002560977737617
Ti64_DIC_Mclean_fresh_4x4_full_Train,Ti64 DIC McLean fresh 4x4,D6h,Symm-SLERP,37,9691,86538,55309,0.6391296309135871,0.3608703690864129,23073,7758,0.3362371603172539,0.34811854133336395
Ti64_DIC_Mclean_fresh_4x4_full_Train,Ti64 DIC McLean fresh 4x4,D6h,Symm-SLERP,38,10210,91096,58878,0.6463291472732063,0.35367085272679366,24929,8193,0.32865337558666613,0.34070348016977337
Ti64_DIC_Mclean_fresh_4x4_full_Train,Ti64 DIC McLean fresh 4x4,D6h,Symm-SLERP,39,10248,91586,58445,0.638143384360055,0.361856615639945,24814,8402,0.3385991778834529,0.3498417850213161
Ti64_DIC_Mclean_fresh_4x4_full_Train,Ti64 DIC McLean fresh 4x4,D6h,Symm-SLERP,40,10078,89932,60099,0.6682715829738024,0.3317284170261976,24299,7794,0.32075394049137823,0.32614888573827505
Ti64_DIC_Mclean_fresh_4x4_full_Train,Ti64 DIC McLean fresh 4x4,D6h,Symm-SLERP,41,9023,80584,53044,0.6582448128660776,0.3417551871339224,21007,6842,0.3257009568239158,0.3335349968883833
Ti64_DIC_Mclean_fresh_4x4_full_Train,Ti64 DIC McLean fresh 4x4,D6h,Symm-SLERP,42,10375,92573,60576,0.654359262419928,0.34564073758007197,24656,7976,0.32349123945489944,0.3341993939710922
Ti64_DIC_Mclean_fresh_4x4_full_Train,Ti64 DIC McLean fresh 4x4,D6h,Symm-SLERP,43,9906,88432,64290,0.7269992762800797,0.27300072371992035,23837,6546,0.27461509418131475,0.2738055293699869
Ti64_DIC_Mclean_fresh_4x4_full_Train,Ti64 DIC McLean fresh 4x4,D6h,Symm-SLERP,44,9054,80722,55996,0.6936894526894775,0.30631054731052254,21638,6279,0.29018393566873096,0.29802924483545296
Ti64_DIC_Mclean_fresh_4x4_full_Train,Ti64 DIC McLean fresh 4x4,D6h,Symm-SLERP,45,10060,89764,57000,0.6349984403547079,0.36500155964529213,24277,8107,0.33393747168101495,0.34877919968579196
Ti64_DIC_Mclean_fresh_4x4_full_Train,Ti64 DIC McLean fresh 4x4,D6h,Symm-SLERP,46,10001,89243,57435,0.6435798886187152,0.3564201113812848,23986,8098,0.3376136079379638,0.3467620560658518
Ti64_DIC_Mclean_fresh_4x4_full_Train,Ti64 DIC McLean fresh 4x4,D6h,Symm-SLERP,47,9753,86852,59882,0.6894717450375352,0.31052825496246483,23548,7127,0.30265839986410736,0.30654282515693265
Ti64_DIC_Mclean_fresh_4x4_full_Train,Ti64 DIC McLean fresh 4x4,D6h,Symm-SLERP,48,8866,79096,51953,0.65683473247699,0.34316526752301,20657,6705,0.3245873069661616,0.3336178527348305
Ti64_DIC_Mclean_fresh_4x4_full_Train,Ti64 DIC McLean fresh 4x4,D6h,Symm-SLERP,49,9412,83985,53312,0.6347800202417099,0.3652199797582901,22445,7598,0.3385163733570951,0.3513615361150942
Ti64_DIC_Mclean_fresh_4x4_full_Train,Ti64 DIC McLean fresh 4x4,D6h,Symm-SLERP,50,9205,82100,46826,0.5703532277710109,0.42964677222898906,21888,8354,0.3816703216374269,0.4042400264627496
Ti64_DIC_Mclean_fresh_4x4_full_Train,Ti64 DIC McLean fresh 4x4,D6h,Symm-SLERP,51,9154,81731,54245,0.66370165543062,0.33629834456938,21800,6877,0.31545871559633026,0.3255453613592022
Ti64_DIC_Mclean_fresh_4x4_full_Train,Ti64 DIC McLean fresh 4x4,D6h,Symm-SLERP,52,8988,80135,52873,0.6597990890372496,0.3402009109627504,21724,6946,0.31973853802246366,0.32965249182301043
Ti64_DIC_Mclean_fresh_4x4_full_Train,Ti64 DIC McLean fresh 4x4,D6h,Symm-SLERP,53,9005,80324,50563,0.6294880733031224,0.3705119266968776,20710,7122,0.34389183969097054,0.35670592483987934
Ti64_DIC_Mclean_fresh_4x4_full_Train,Ti64 DIC McLean fresh 4x4,D6h,Symm-SLERP,54,10002,89248,64784,0.7258874148440301,0.2741125851559699,23834,6851,0.28744650499286734,0.28062124168183206
Ti64_DIC_Mclean_fresh_4x4_full_Train,Ti64 DIC McLean fresh 4x4,D6h,Symm-SLERP,55,9545,85234,57470,0.6742614449632776,0.32573855503672244,22499,7171,0.3187252766789635,0.3221937553972377
Ti64_DIC_Mclean_fresh_4x4_full_Train,Ti64 DIC McLean fresh 4x4,D6h,Symm-SLERP,56,10354,92427,47570,0.5146764473584559,0.48532355264154414,24267,10295,0.4242386780401368,0.45272992973791965
Ti64_DIC_Mclean_fresh_4x4_full_Train,Ti64 DIC McLean fresh 4x4,D6h,Symm-SLERP,57,9287,82865,47697,0.5755988656248114,0.42440113437518856,21650,8197,0.3786143187066975,0.4002023765124881
Ti64_DIC_Mclean_fresh_4x4_full_Train,Ti64 DIC McLean fresh 4x4,D6h,Symm-SLERP,58,9920,88555,40544,0.4578397606007566,0.5421602393992434,23208,10610,0.4571699413995174,0.49605099423133076
Ti64_DIC_Mclean_fresh_4x4_full_Train,Ti64 DIC McLean fresh 4x4,D6h,Symm-SLERP,59,9598,85679,42661,0.4979166423511012,0.5020833576488988,22472,9688,0.43111427554289783,0.4639002399837065
Ti64_DIC_Mclean_fresh_4x4_full_Train,Ti64 DIC McLean fresh 4x4,D6h,Symm-SLERP,60,9918,88600,52290,0.5901805869074492,0.40981941309255077,23292,8849,0.37991585093594366,0.39430147834833856
Ti64_DIC_Mclean_fresh_4x4_full_Train,Ti64 DIC McLean fresh 4x4,D6h,Symm-SLERP,61,9665,86251,43700,0.5066607923386396,0.4933392076613604,22387,9604,0.42899897261803727,0.4589249751643347
Ti64_DIC_Mclean_fresh_4x4_full_Train,Ti64 DIC McLean fresh 4x4,D6h,Symm-SLERP,62,8961,80004,44742,0.5592470376481176,0.44075296235188244,20590,7905,0.38392423506556583,0.4103805572743932
Ti64_DIC_Mclean_fresh_4x4_full_Train,Ti64 DIC McLean fresh 4x4,D6h,Symm-SLERP,63,9119,81325,46607,0.5730956040577928,0.4269043959422072,21098,8210,0.38913641103422125,0.4071464149132464
Ti64_DIC_Mclean_fresh_4x4_full_Train,Ti64 DIC McLean fresh 4x4,D6h,Symm-SLERP,64,9884,88214,44257,0.5017004103657016,0.49829958963429843,22973,10006,0.4355547817002568,0.4648193029804655
Ti64_DIC_Mclean_fresh_4x4_full_Train,Ti64 DIC McLean fresh 4x4,D6h,Symm-SLERP,65,8868,79164,47774,0.6034813804254459,0.39651861957455414,20303,7474,0.36812293749692165,0.38179352837963726
Ti64_DIC_Mclean_fresh_4x4_full_Train,Ti64 DIC McLean fresh 4x4,D6h,Symm-SLERP,66,9681,86479,52144,0.6029671943477607,0.3970328056522393,22574,8342,0.3695401789669531,0.3827934899880808
Ti64_DIC_Mclean_fresh_4x4_full_Train,Ti64 DIC McLean fresh 4x4,D6h,Symm-SLERP,67,9216,82295,48308,0.5870101464244486,0.4129898535755514,21328,8086,0.379126031507877,0.3953340847914619
Ti64_DIC_Mclean_fresh_4x4_full_Train,Ti64 DIC McLean fresh 4x4,D6h,Symm-SLERP,68,9682,86384,42060,0.4868957214298944,0.5131042785701057,22231,9946,0.44739327965453646,0.4780010194269851
Ti64_DIC_Mclean_fresh_4x4_full_Train,Ti64 DIC McLean fresh 4x4,D6h,Symm-SLERP,69,9088,81163,44126,0.543671377351749,0.456328622648251,20565,8250,0.4011670313639679,0.4269735899363488
Ti64_DIC_Mclean_fresh_4x4_full_Train,Ti64 DIC McLean fresh 4x4,D6h,Symm-SLERP,70,9625,85924,48992,0.5701782970997625,0.42982170290023747,22281,8967,0.40245051837888784,0.4156860284891874
Ti64_DIC_Mclean_fresh_4x4_full_Train,Ti64 DIC McLean fresh 4x4,D6h,Symm-SLERP,71,9427,84149,46059,0.5473505329831608,0.45264946701683917,21846,8881,0.406527510757118,0.4283505397191976
