dataset_label,variant_label,dataset_root,scan_index,scan_file,hr_path,height,width,num_pixels,scan_mean_dS_rad,scan_std_dS_rad,scan_max_dS_rad
IN718 (FCC),LUT lookup only (no refinement),/data/home/umang/Materials/Materials_data_mount/datasets/IN718,0,IN718_test_hr_x_block_104.npy,/data/home/umang/Materials/Materials_data_mount/datasets/IN718/Test/HR_Data/IN718_test_hr_x_block_104.npy,128,128,16384,0.008379318751394749,0.002620308892801404,0.013028992339968681
IN718 (FCC),LUT lookup only (no refinement),/data/home/umang/Materials/Materials_data_mount/datasets/IN718,1,IN718_test_hr_x_block_115.npy,/data/home/umang/Materials/Materials_data_mount/datasets/IN718/Test/HR_Data/IN718_test_hr_x_block_115.npy,128,128,16384,0.007964136078953743,0.002563012298196554,0.015128877945244312
IN718 (FCC),LUT lookup only (no refinement),/data/home/umang/Materials/Materials_data_mount/datasets/IN718,2,IN718_test_hr_x_block_118.npy,/data/home/umang/Materials/Materials_data_mount/datasets/IN718/Test/HR_Data/IN718_test_hr_x_block_118.npy,128,128,16384,0.008468049578368664,0.0025021142791956663,0.015223138965666294
IN718 (FCC),LUT lookup only (no refinement),/data/home/umang/Materials/Materials_data_mount/datasets/IN718,3,IN718_test_hr_x_block_120.npy,/data/home/umang/Materials/Materials_data_mount/datasets/IN718/Test/HR_Data/IN718_test_hr_x_block_120.npy,128,128,16384,0.008002148009836674,0.0026104305870831013,0.01358442846685648
IN718 (FCC),LUT lookup only (no refinement),/data/home/umang/Materials/Materials_data_mount/datasets/IN718,4,IN718_test_hr_x_block_140.npy,/data/home/umang/Materials/Materials_data_mount/datasets/IN718/Test/HR_Data/IN718_test_hr_x_block_140.npy,128,128,16384,0.006379021797329187,0.003143311943858862,0.01401633769273758
IN718 (FCC),LUT lookup only (no refinement),/data/home/umang/Materials/Materials_data_mount/datasets/IN718,5,IN718_test_hr_x_block_152.npy,/data/home/umang/Materials/Materials_data_mount/datasets/IN718/Test/HR_Data/IN718_test_hr_x_block_152.npy,128,128,16384,0.007683449890464544,0.0025708747562021017,0.013028992339968681
IN718 (FCC),LUT lookup only (no refinement),/data/home/umang/Materials/Materials_data_mount/datasets/IN718,6,IN718_test_hr_x_block_153.npy,/data/home/umang/Materials/Materials_data_mount/datasets/IN718/Test/HR_Data/IN718_test_hr_x_block_153.npy,128,128,16384,0.0074953557923436165,0.002367675071582198,0.013566865585744381
IN718 (FCC),LUT lookup only (no refinement),/data/home/umang/Materials/Materials_data_mount/datasets/IN718,7,IN718_test_hr_x_block_154.npy,/data/home/umang/Materials/Materials_data_mount/datasets/IN718/Test/HR_Data/IN718_test_hr_x_block_154.npy,128,128,16384,0.008483817800879478,0.002068017143756151,0.013028992339968681
IN718 (FCC),LUT lookup only (no refinement),/data/home/umang/Materials/Materials_data_mount/datasets/IN718,8,IN718_test_hr_x_block_158.npy,/data/home/umang/Materials/Materials_data_mount/datasets/IN718/Test/HR_Data/IN718_test_hr_x_block_158.npy,128,128,16384,0.007915085181593895,0.0025307436008006334,0.012410434894263744
IN718 (FCC),LUT lookup only (no refinement),/data/home/umang/Materials/Materials_data_mount/datasets/IN718,9,IN718_test_hr_x_block_176.npy,/data/home/umang/Materials/Materials_data_mount/datasets/IN718/Test/HR_Data/IN718_test_hr_x_block_176.npy,128,128,16384,0.006428108550608158,0.002739946823567152,0.012197280302643776
IN718 (FCC),LUT lookup only (no refinement),/data/home/umang/Materials/Materials_data_mount/datasets/IN718,10,IN718_test_hr_x_block_191.npy,/data/home/umang/Materials/Materials_data_mount/datasets/IN718/Test/HR_Data/IN718_test_hr_x_block_191.npy,128,128,16384,0.005754070822149515,0.002463117940351367,0.015128877945244312
IN718 (FCC),LUT lookup only (no refinement),/data/home/umang/Materials/Materials_data_mount/datasets/IN718,11,IN718_test_hr_x_block_193.npy,/data/home/umang/Materials/Materials_data_mount/datasets/IN718/Test/HR_Data/IN718_test_hr_x_block_193.npy,128,128,16384,0.007850151509046555,0.0027399971149861813,0.013174572959542274
IN718 (FCC),LUT lookup only (no refinement),/data/home/umang/Materials/Materials_data_mount/datasets/IN718,12,IN718_test_hr_x_block_209.npy,/data/home/umang/Materials/Materials_data_mount/datasets/IN718/Test/HR_Data/IN718_test_hr_x_block_209.npy,128,128,16384,0.007390582002699375,0.0023149235639721155,0.012582148425281048
IN718 (FCC),LUT lookup only (no refinement),/data/home/umang/Materials/Materials_data_mount/datasets/IN718,13,IN718_test_hr_x_block_241.npy,/data/home/umang/Materials/Materials_data_mount/datasets/IN718/Test/HR_Data/IN718_test_hr_x_block_241.npy,128,128,16384,0.0068449098616838455,0.0027608524542301893,0.01694277673959732
IN718 (FCC),LUT lookup only (no refinement),/data/home/umang/Materials/Materials_data_mount/datasets/IN718,14,IN718_test_hr_x_block_254.npy,/data/home/umang/Materials/Materials_data_mount/datasets/IN718/Test/HR_Data/IN718_test_hr_x_block_254.npy,128,128,16384,0.0074444967322051525,0.002394388196989894,0.01663030870258808
IN718 (FCC),LUT lookup only (no refinement),/data/home/umang/Materials/Materials_data_mount/datasets/IN718,15,IN718_test_hr_x_block_256.npy,/data/home/umang/Materials/Materials_data_mount/datasets/IN718/Test/HR_Data/IN718_test_hr_x_block_256.npy,128,128,16384,0.007305186707526445,0.002181998221203685,0.016091113910079002
IN718 (FCC),LUT lookup only (no refinement),/data/home/umang/Materials/Materials_data_mount/datasets/IN718,16,IN718_test_hr_x_block_258.npy,/data/home/umang/Materials/Materials_data_mount/datasets/IN718/Test/HR_Data/IN718_test_hr_x_block_258.npy,128,128,16384,0.007404180243611336,0.0023120036348700523,0.01694277673959732
IN718 (FCC),LUT lookup only (no refinement),/data/home/umang/Materials/Materials_data_mount/datasets/IN718,17,IN718_test_hr_x_block_268.npy,/data/home/umang/Materials/Materials_data_mount/datasets/IN718/Test/HR_Data/IN718_test_hr_x_block_268.npy,128,128,16384,0.007356122136116028,0.0024237059988081455,0.01663030870258808
IN718 (FCC),LUT lookup only (no refinement),/data/home/umang/Materials/Materials_data_mount/datasets/IN718,18,IN718_test_hr_x_block_27.npy,/data/home/umang/Materials/Materials_data_mount/datasets/IN718/Test/HR_Data/IN718_test_hr_x_block_27.npy,128,128,16384,0.0073703923262655735,0.0026353986468166113,0.013318561017513275
IN718 (FCC),LUT lookup only (no refinement),/data/home/umang/Materials/Materials_data_mount/datasets/IN718,19,IN718_test_hr_x_block_279.npy,/data/home/umang/Materials/Materials_data_mount/datasets/IN718/Test/HR_Data/IN718_test_hr_x_block_279.npy,128,128,16384,0.00808230135589838,0.0026696622371673584,0.01694277673959732
IN718 (FCC),LUT lookup only (no refinement),/data/home/umang/Materials/Materials_data_mount/datasets/IN718,20,IN718_test_hr_x_block_297.npy,/data/home/umang/Materials/Materials_data_mount/datasets/IN718/Test/HR_Data/IN718_test_hr_x_block_297.npy,128,128,16384,0.007944278419017792,0.002224008087068796,0.013758818618953228
IN718 (FCC),LUT lookup only (no refinement),/data/home/umang/Materials/Materials_data_mount/datasets/IN718,21,IN718_test_hr_x_block_322.npy,/data/home/umang/Materials/Materials_data_mount/datasets/IN718/Test/HR_Data/IN718_test_hr_x_block_322.npy,128,128,16384,0.007771877106279135,0.002278907923027873,0.014810336753726006
IN718 (FCC),LUT lookup only (no refinement),/data/home/umang/Materials/Materials_data_mount/datasets/IN718,22,IN718_test_hr_x_block_370.npy,/data/home/umang/Materials/Materials_data_mount/datasets/IN718/Test/HR_Data/IN718_test_hr_x_block_370.npy,128,128,16384,0.008118296042084694,0.0023533266503363848,0.013192657381296158
IN718 (FCC),LUT lookup only (no refinement),/data/home/umang/Materials/Materials_data_mount/datasets/IN718,23,IN718_test_hr_x_block_375.npy,/data/home/umang/Materials/Materials_data_mount/datasets/IN718/Test/HR_Data/IN718_test_hr_x_block_375.npy,128,128,16384,0.007870208472013474,0.0022079129703342915,0.012544193305075169
IN718 (FCC),LUT lookup only (no refinement),/data/home/umang/Materials/Materials_data_mount/datasets/IN718,24,IN718_test_hr_x_block_381.npy,/data/home/umang/Materials/Materials_data_mount/datasets/IN718/Test/HR_Data/IN718_test_hr_x_block_381.npy,128,128,16384,0.007804472930729389,0.0024139077868312597,0.013192657381296158
IN718 (FCC),LUT lookup only (no refinement),/data/home/umang/Materials/Materials_data_mount/datasets/IN718,25,IN718_test_hr_x_block_389.npy,/data/home/umang/Materials/Materials_data_mount/datasets/IN718/Test/HR_Data/IN718_test_hr_x_block_389.npy,128,128,16384,0.007313113659620285,0.0023101402912288904,0.01278888899832964
IN718 (FCC),LUT lookup only (no refinement),/data/home/umang/Materials/Materials_data_mount/datasets/IN718,26,IN718_test_hr_x_block_392.npy,/data/home/umang/Materials/Materials_data_mount/datasets/IN718/Test/HR_Data/IN718_test_hr_x_block_392.npy,128,128,16384,0.007370630279183388,0.002346375724300742,0.012770232744514942
IN718 (FCC),LUT lookup only (no refinement),/data/home/umang/Materials/Materials_data_mount/datasets/IN718,27,IN718_test_hr_x_block_396.npy,/data/home/umang/Materials/Materials_data_mount/datasets/IN718/Test/HR_Data/IN718_test_hr_x_block_396.npy,128,128,16384,0.007822620682418346,0.0024934327229857445,0.013192657381296158
IN718 (FCC),LUT lookup only (no refinement),/data/home/umang/Materials/Materials_data_mount/datasets/IN718,28,IN718_test_hr_x_block_40.npy,/data/home/umang/Materials/Materials_data_mount/datasets/IN718/Test/HR_Data/IN718_test_hr_x_block_40.npy,128,128,16384,0.00765530439093709,0.002736613852903247,0.012601083144545555
IN718 (FCC),LUT lookup only (no refinement),/data/home/umang/Materials/Materials_data_mount/datasets/IN718,29,IN718_test_hr_x_block_403.npy,/data/home/umang/Materials/Materials_data_mount/datasets/IN718/Test/HR_Data/IN718_test_hr_x_block_403.npy,128,128,16384,0.00743265962228179,0.002158612012863159,0.013047277927398682
IN718 (FCC),LUT lookup only (no refinement),/data/home/umang/Materials/Materials_data_mount/datasets/IN718,30,IN718_test_hr_x_block_408.npy,/data/home/umang/Materials/Materials_data_mount/datasets/IN718/Test/HR_Data/IN718_test_hr_x_block_408.npy,128,128,16384,0.00733356224372983,0.00254424917511642,0.012582148425281048
IN718 (FCC),LUT lookup only (no refinement),/data/home/umang/Materials/Materials_data_mount/datasets/IN718,31,IN718_test_hr_x_block_41.npy,/data/home/umang/Materials/Materials_data_mount/datasets/IN718/Test/HR_Data/IN718_test_hr_x_block_41.npy,128,128,16384,0.007908408530056477,0.002438371069729328,0.013496387749910355
IN718 (FCC),LUT lookup only (no refinement),/data/home/umang/Materials/Materials_data_mount/datasets/IN718,32,IN718_test_hr_x_block_411.npy,/data/home/umang/Materials/Materials_data_mount/datasets/IN718/Test/HR_Data/IN718_test_hr_x_block_411.npy,128,128,16384,0.0074409907683730125,0.0022253161296248436,0.012918730266392231
IN718 (FCC),LUT lookup only (no refinement),/data/home/umang/Materials/Materials_data_mount/datasets/IN718,33,IN718_test_hr_x_block_412.npy,/data/home/umang/Materials/Materials_data_mount/datasets/IN718/Test/HR_Data/IN718_test_hr_x_block_412.npy,128,128,16384,0.007857630029320717,0.0023353176657110453,0.014118028804659843
IN718 (FCC),LUT lookup only (no refinement),/data/home/umang/Materials/Materials_data_mount/datasets/IN718,34,IN718_test_hr_x_block_416.npy,/data/home/umang/Materials/Materials_data_mount/datasets/IN718/Test/HR_Data/IN718_test_hr_x_block_416.npy,128,128,16384,0.008169926702976227,0.002087915549054742,0.012352666817605495
IN718 (FCC),LUT lookup only (no refinement),/data/home/umang/Materials/Materials_data_mount/datasets/IN718,35,IN718_test_hr_x_block_427.npy,/data/home/umang/Materials/Materials_data_mount/datasets/IN718/Test/HR_Data/IN718_test_hr_x_block_427.npy,128,128,16384,0.008221943862736225,0.0021747334394603968,0.012992342002689838
IN718 (FCC),LUT lookup only (no refinement),/data/home/umang/Materials/Materials_data_mount/datasets/IN718,36,IN718_test_hr_x_block_446.npy,/data/home/umang/Materials/Materials_data_mount/datasets/IN718/Test/HR_Data/IN718_test_hr_x_block_446.npy,128,128,16384,0.008030352182686329,0.0025603603571653366,0.01438569463789463
IN718 (FCC),LUT lookup only (no refinement),/data/home/umang/Materials/Materials_data_mount/datasets/IN718,37,IN718_test_hr_x_block_447.npy,/data/home/umang/Materials/Materials_data_mount/datasets/IN718/Test/HR_Data/IN718_test_hr_x_block_447.npy,128,128,16384,0.006466304417699575,0.0027808318845927715,0.012371952645480633
IN718 (FCC),LUT lookup only (no refinement),/data/home/umang/Materials/Materials_data_mount/datasets/IN718,38,IN718_test_hr_x_block_454.npy,/data/home/umang/Materials/Materials_data_mount/datasets/IN718/Test/HR_Data/IN718_test_hr_x_block_454.npy,128,128,16384,0.008205177262425423,0.0024723652750253677,0.012676539830863476
IN718 (FCC),LUT lookup only (no refinement),/data/home/umang/Materials/Materials_data_mount/datasets/IN718,39,IN718_test_hr_x_block_458.npy,/data/home/umang/Materials/Materials_data_mount/datasets/IN718/Test/HR_Data/IN718_test_hr_x_block_458.npy,128,128,16384,0.006746996194124222,0.0026455367915332317,0.015942256897687912
IN718 (FCC),LUT lookup only (no refinement),/data/home/umang/Materials/Materials_data_mount/datasets/IN718,40,IN718_test_hr_x_block_467.npy,/data/home/umang/Materials/Materials_data_mount/datasets/IN718/Test/HR_Data/IN718_test_hr_x_block_467.npy,128,128,16384,0.007095830515027046,0.002324808854609728,0.015238793566823006
IN718 (FCC),LUT lookup only (no refinement),/data/home/umang/Materials/Materials_data_mount/datasets/IN718,41,IN718_test_hr_x_block_47.npy,/data/home/umang/Materials/Materials_data_mount/datasets/IN718/Test/HR_Data/IN718_test_hr_x_block_47.npy,128,128,16384,0.007714184932410717,0.00240754010155797,0.013246762566268444
IN718 (FCC),LUT lookup only (no refinement),/data/home/umang/Materials/Materials_data_mount/datasets/IN718,42,IN718_test_hr_x_block_496.npy,/data/home/umang/Materials/Materials_data_mount/datasets/IN718/Test/HR_Data/IN718_test_hr_x_block_496.npy,128,128,16384,0.007841940969228745,0.0022021939512342215,0.012275219894945621
IN718 (FCC),LUT lookup only (no refinement),/data/home/umang/Materials/Materials_data_mount/datasets/IN718,43,IN718_test_hr_x_block_516.npy,/data/home/umang/Materials/Materials_data_mount/datasets/IN718/Test/HR_Data/IN718_test_hr_x_block_516.npy,128,128,16384,0.0078032235614955425,0.002521029906347394,0.012371952645480633
IN718 (FCC),LUT lookup only (no refinement),/data/home/umang/Materials/Materials_data_mount/datasets/IN718,44,IN718_test_hr_x_block_518.npy,/data/home/umang/Materials/Materials_data_mount/datasets/IN718/Test/HR_Data/IN718_test_hr_x_block_518.npy,128,128,16384,0.007306274957954884,0.0030434513464570045,0.01278888899832964
IN718 (FCC),LUT lookup only (no refinement),/data/home/umang/Materials/Materials_data_mount/datasets/IN718,45,IN718_test_hr_x_block_519.npy,/data/home/umang/Materials/Materials_data_mount/datasets/IN718/Test/HR_Data/IN718_test_hr_x_block_519.npy,128,128,16384,0.007822737097740173,0.002671413356438279,0.012544193305075169
IN718 (FCC),LUT lookup only (no refinement),/data/home/umang/Materials/Materials_data_mount/datasets/IN718,46,IN718_test_hr_x_block_522.npy,/data/home/umang/Materials/Materials_data_mount/datasets/IN718/Test/HR_Data/IN718_test_hr_x_block_522.npy,128,128,16384,0.007844443432986736,0.002153104403987527,0.012955588288605213
IN718 (FCC),LUT lookup only (no refinement),/data/home/umang/Materials/Materials_data_mount/datasets/IN718,47,IN718_test_hr_x_block_527.npy,/data/home/umang/Materials/Materials_data_mount/datasets/IN718/Test/HR_Data/IN718_test_hr_x_block_527.npy,128,128,16384,0.0067440178245306015,0.003020740579813719,0.01278888899832964
IN718 (FCC),LUT lookup only (no refinement),/data/home/umang/Materials/Materials_data_mount/datasets/IN718,48,IN718_test_hr_x_block_531.npy,/data/home/umang/Materials/Materials_data_mount/datasets/IN718/Test/HR_Data/IN718_test_hr_x_block_531.npy,128,128,16384,0.0069689322263002396,0.002956465817987919,0.01278888899832964
IN718 (FCC),LUT lookup only (no refinement),/data/home/umang/Materials/Materials_data_mount/datasets/IN718,49,IN718_test_hr_x_block_535.npy,/data/home/umang/Materials/Materials_data_mount/datasets/IN718/Test/HR_Data/IN718_test_hr_x_block_535.npy,128,128,16384,0.007524625863879919,0.002977420575916767,0.013010679744184017
IN718 (FCC),LUT lookup only (no refinement),/data/home/umang/Materials/Materials_data_mount/datasets/IN718,50,IN718_test_hr_x_block_536.npy,/data/home/umang/Materials/Materials_data_mount/datasets/IN718/Test/HR_Data/IN718_test_hr_x_block_536.npy,128,128,16384,0.007934985682368279,0.0027539958246052265,0.013010679744184017
IN718 (FCC),LUT lookup only (no refinement),/data/home/umang/Materials/Materials_data_mount/datasets/IN718,51,IN718_test_hr_x_block_539.npy,/data/home/umang/Materials/Materials_data_mount/datasets/IN718/Test/HR_Data/IN718_test_hr_x_block_539.npy,128,128,16384,0.008462416008114815,0.002600130857899785,0.01654406450688839
IN718 (FCC),LUT lookup only (no refinement),/data/home/umang/Materials/Materials_data_mount/datasets/IN718,52,IN718_test_hr_x_block_54.npy,/data/home/umang/Materials/Materials_data_mount/datasets/IN718/Test/HR_Data/IN718_test_hr_x_block_54.npy,128,128,16384,0.007636574562638998,0.0022929850965738297,0.013246762566268444
IN718 (FCC),LUT lookup only (no refinement),/data/home/umang/Materials/Materials_data_mount/datasets/IN718,53,IN718_test_hr_x_block_541.npy,/data/home/umang/Materials/Materials_data_mount/datasets/IN718/Test/HR_Data/IN718_test_hr_x_block_541.npy,128,128,16384,0.007542488165199757,0.002454042434692383,0.013028992339968681
IN718 (FCC),LUT lookup only (no refinement),/data/home/umang/Materials/Materials_data_mount/datasets/IN718,54,IN718_test_hr_x_block_542.npy,/data/home/umang/Materials/Materials_data_mount/datasets/IN718/Test/HR_Data/IN718_test_hr_x_block_542.npy,128,128,16384,0.007161794696003199,0.002456340007483959,0.01278888899832964
IN718 (FCC),LUT lookup only (no refinement),/data/home/umang/Materials/Materials_data_mount/datasets/IN718,55,IN718_test_hr_x_block_544.npy,/data/home/umang/Materials/Materials_data_mount/datasets/IN718/Test/HR_Data/IN718_test_hr_x_block_544.npy,128,128,16384,0.007660605479031801,0.0029609252233058214,0.017221922054886818
IN718 (FCC),LUT lookup only (no refinement),/data/home/umang/Materials/Materials_data_mount/datasets/IN718,56,IN718_test_hr_x_block_71.npy,/data/home/umang/Materials/Materials_data_mount/datasets/IN718/Test/HR_Data/IN718_test_hr_x_block_71.npy,128,128,16384,0.007686658762395382,0.002111007459461689,0.01372411847114563
IN718 (FCC),LUT lookup only (no refinement),/data/home/umang/Materials/Materials_data_mount/datasets/IN718,57,IN718_test_hr_x_block_72.npy,/data/home/umang/Materials/Materials_data_mount/datasets/IN718/Test/HR_Data/IN718_test_hr_x_block_72.npy,128,128,16384,0.008624965324997902,0.0023431868758052588,0.012844696640968323
IN718 (FCC),LUT lookup only (no refinement),/data/home/umang/Materials/Materials_data_mount/datasets/IN718,58,IN718_test_hr_x_block_75.npy,/data/home/umang/Materials/Materials_data_mount/datasets/IN718/Test/HR_Data/IN718_test_hr_x_block_75.npy,128,128,16384,0.007636872585862875,0.0020977454259991646,0.013318561017513275
IN718 (FCC),LUT lookup only (no refinement),/data/home/umang/Materials/Materials_data_mount/datasets/IN718,59,IN718_test_hr_x_block_85.npy,/data/home/umang/Materials/Materials_data_mount/datasets/IN718/Test/HR_Data/IN718_test_hr_x_block_85.npy,128,128,16384,0.00806234311312437,0.0027186977677047253,0.015128877945244312
IN718 (FCC),LUT lookup only (no refinement),/data/home/umang/Materials/Materials_data_mount/datasets/IN718,60,IN718_test_hr_x_block_87.npy,/data/home/umang/Materials/Materials_data_mount/datasets/IN718/Test/HR_Data/IN718_test_hr_x_block_87.npy,128,128,16384,0.007517736870795488,0.0022458306048065424,0.01500227302312851
IN718 (FCC),LUT lookup only (no refinement),/data/home/umang/Materials/Materials_data_mount/datasets/IN718,61,IN718_test_hr_x_block_94.npy,/data/home/umang/Materials/Materials_data_mount/datasets/IN718/Test/HR_Data/IN718_test_hr_x_block_94.npy,128,128,16384,0.007808043621480465,0.0027692164294421673,0.015128877945244312
IN718 (FCC),LUT lookup only (no refinement),/data/home/umang/Materials/Materials_data_mount/datasets/IN718,62,IN718_test_hr_y_block_103.npy,/data/home/umang/Materials/Materials_data_mount/datasets/IN718/Test/HR_Data/IN718_test_hr_y_block_103.npy,128,128,16384,0.0070876674726605415,0.0022389786317944527,0.013654450885951519
IN718 (FCC),LUT lookup only (no refinement),/data/home/umang/Materials/Materials_data_mount/datasets/IN718,63,IN718_test_hr_y_block_106.npy,/data/home/umang/Materials/Materials_data_mount/datasets/IN718/Test/HR_Data/IN718_test_hr_y_block_106.npy,128,128,16384,0.008017433807253838,0.002213286003097892,0.012807518243789673
IN718 (FCC),LUT lookup only (no refinement),/data/home/umang/Materials/Materials_data_mount/datasets/IN718,64,IN718_test_hr_y_block_113.npy,/data/home/umang/Materials/Materials_data_mount/datasets/IN718/Test/HR_Data/IN718_test_hr_y_block_113.npy,128,128,16384,0.00828307680785656,0.0024289421271532774,0.012676539830863476
IN718 (FCC),LUT lookup only (no refinement),/data/home/umang/Materials/Materials_data_mount/datasets/IN718,65,IN718_test_hr_y_block_120.npy,/data/home/umang/Materials/Materials_data_mount/datasets/IN718/Test/HR_Data/IN718_test_hr_y_block_120.npy,128,128,16384,0.0076598720625042915,0.0019645369611680508,0.012216811999678612
IN718 (FCC),LUT lookup only (no refinement),/data/home/umang/Materials/Materials_data_mount/datasets/IN718,66,IN718_test_hr_y_block_159.npy,/data/home/umang/Materials/Materials_data_mount/datasets/IN718/Test/HR_Data/IN718_test_hr_y_block_159.npy,128,128,16384,0.007743853144347668,0.002209689700976014,0.012601083144545555
IN718 (FCC),LUT lookup only (no refinement),/data/home/umang/Materials/Materials_data_mount/datasets/IN718,67,IN718_test_hr_y_block_161.npy,/data/home/umang/Materials/Materials_data_mount/datasets/IN718/Test/HR_Data/IN718_test_hr_y_block_161.npy,128,128,16384,0.006498770788311958,0.0025809681974351406,0.01372411847114563
IN718 (FCC),LUT lookup only (no refinement),/data/home/umang/Materials/Materials_data_mount/datasets/IN718,68,IN718_test_hr_y_block_164.npy,/data/home/umang/Materials/Materials_data_mount/datasets/IN718/Test/HR_Data/IN718_test_hr_y_block_164.npy,128,128,16384,0.007742513902485371,0.0020847171545028687,0.013047277927398682
IN718 (FCC),LUT lookup only (no refinement),/data/home/umang/Materials/Materials_data_mount/datasets/IN718,69,IN718_test_hr_y_block_165.npy,/data/home/umang/Materials/Materials_data_mount/datasets/IN718/Test/HR_Data/IN718_test_hr_y_block_165.npy,128,128,16384,0.0077431765384972095,0.002217348897829652,0.013336450792849064
IN718 (FCC),LUT lookup only (no refinement),/data/home/umang/Materials/Materials_data_mount/datasets/IN718,70,IN718_test_hr_y_block_177.npy,/data/home/umang/Materials/Materials_data_mount/datasets/IN718/Test/HR_Data/IN718_test_hr_y_block_177.npy,128,128,16384,0.007978582754731178,0.0021282481029629707,0.0141349071636796
IN718 (FCC),LUT lookup only (no refinement),/data/home/umang/Materials/Materials_data_mount/datasets/IN718,71,IN718_test_hr_y_block_180.npy,/data/home/umang/Materials/Materials_data_mount/datasets/IN718/Test/HR_Data/IN718_test_hr_y_block_180.npy,128,128,16384,0.007365763187408447,0.002256799256429076,0.01372411847114563
IN718 (FCC),LUT lookup only (no refinement),/data/home/umang/Materials/Materials_data_mount/datasets/IN718,72,IN718_test_hr_y_block_188.npy,/data/home/umang/Materials/Materials_data_mount/datasets/IN718/Test/HR_Data/IN718_test_hr_y_block_188.npy,128,128,16384,0.006595451384782791,0.002638076664879918,0.015594491735100746
IN718 (FCC),LUT lookup only (no refinement),/data/home/umang/Materials/Materials_data_mount/datasets/IN718,73,IN718_test_hr_y_block_189.npy,/data/home/umang/Materials/Materials_data_mount/datasets/IN718/Test/HR_Data/IN718_test_hr_y_block_189.npy,128,128,16384,0.007892431691288948,0.0020354825537651777,0.01372411847114563
IN718 (FCC),LUT lookup only (no refinement),/data/home/umang/Materials/Materials_data_mount/datasets/IN718,74,IN718_test_hr_y_block_206.npy,/data/home/umang/Materials/Materials_data_mount/datasets/IN718/Test/HR_Data/IN718_test_hr_y_block_206.npy,128,128,16384,0.007306479383260012,0.0018559728050604463,0.01223631203174591
IN718 (FCC),LUT lookup only (no refinement),/data/home/umang/Materials/Materials_data_mount/datasets/IN718,75,IN718_test_hr_y_block_224.npy,/data/home/umang/Materials/Materials_data_mount/datasets/IN718/Test/HR_Data/IN718_test_hr_y_block_224.npy,128,128,16384,0.007224532309919596,0.0020584992598742247,0.012275219894945621
IN718 (FCC),LUT lookup only (no refinement),/data/home/umang/Materials/Materials_data_mount/datasets/IN718,76,IN718_test_hr_y_block_230.npy,/data/home/umang/Materials/Materials_data_mount/datasets/IN718/Test/HR_Data/IN718_test_hr_y_block_230.npy,128,128,16384,0.0076778484508395195,0.00225907564163208,0.012881766073405743
IN718 (FCC),LUT lookup only (no refinement),/data/home/umang/Materials/Materials_data_mount/datasets/IN718,77,IN718_test_hr_y_block_251.npy,/data/home/umang/Materials/Materials_data_mount/datasets/IN718/Test/HR_Data/IN718_test_hr_y_block_251.npy,128,128,16384,0.007069860585033894,0.0021705678664147854,0.012657717801630497
IN718 (FCC),LUT lookup only (no refinement),/data/home/umang/Materials/Materials_data_mount/datasets/IN718,78,IN718_test_hr_y_block_267.npy,/data/home/umang/Materials/Materials_data_mount/datasets/IN718/Test/HR_Data/IN718_test_hr_y_block_267.npy,128,128,16384,0.006672365590929985,0.0026197524275630713,0.012992342002689838
IN718 (FCC),LUT lookup only (no refinement),/data/home/umang/Materials/Materials_data_mount/datasets/IN718,79,IN718_test_hr_y_block_268.npy,/data/home/umang/Materials/Materials_data_mount/datasets/IN718/Test/HR_Data/IN718_test_hr_y_block_268.npy,128,128,16384,0.007616044487804174,0.0022022067569196224,0.01716645434498787
IN718 (FCC),LUT lookup only (no refinement),/data/home/umang/Materials/Materials_data_mount/datasets/IN718,80,IN718_test_hr_y_block_269.npy,/data/home/umang/Materials/Materials_data_mount/datasets/IN718/Test/HR_Data/IN718_test_hr_y_block_269.npy,128,128,16384,0.007607015315443277,0.0021872466895729303,0.013246762566268444
IN718 (FCC),LUT lookup only (no refinement),/data/home/umang/Materials/Materials_data_mount/datasets/IN718,81,IN718_test_hr_y_block_281.npy,/data/home/umang/Materials/Materials_data_mount/datasets/IN718/Test/HR_Data/IN718_test_hr_y_block_281.npy,128,128,16384,0.007684509735554457,0.002837463514879346,0.013028992339968681
IN718 (FCC),LUT lookup only (no refinement),/data/home/umang/Materials/Materials_data_mount/datasets/IN718,82,IN718_test_hr_y_block_29.npy,/data/home/umang/Materials/Materials_data_mount/datasets/IN718/Test/HR_Data/IN718_test_hr_y_block_29.npy,128,128,16384,0.007806744426488876,0.0023256377317011356,0.013514041900634766
IN718 (FCC),LUT lookup only (no refinement),/data/home/umang/Materials/Materials_data_mount/datasets/IN718,83,IN718_test_hr_y_block_295.npy,/data/home/umang/Materials/Materials_data_mount/datasets/IN718/Test/HR_Data/IN718_test_hr_y_block_295.npy,128,128,16384,0.007922487333416939,0.002415671246126294,0.01358442846685648
IN718 (FCC),LUT lookup only (no refinement),/data/home/umang/Materials/Materials_data_mount/datasets/IN718,84,IN718_test_hr_y_block_297.npy,/data/home/umang/Materials/Materials_data_mount/datasets/IN718/Test/HR_Data/IN718_test_hr_y_block_297.npy,128,128,16384,0.00777488062158227,0.0020757336169481277,0.012255781330168247
IN718 (FCC),LUT lookup only (no refinement),/data/home/umang/Materials/Materials_data_mount/datasets/IN718,85,IN718_test_hr_y_block_301.npy,/data/home/umang/Materials/Materials_data_mount/datasets/IN718/Test/HR_Data/IN718_test_hr_y_block_301.npy,128,128,16384,0.00769474683329463,0.0023573599755764008,0.014451837167143822
IN718 (FCC),LUT lookup only (no refinement),/data/home/umang/Materials/Materials_data_mount/datasets/IN718,86,IN718_test_hr_y_block_315.npy,/data/home/umang/Materials/Materials_data_mount/datasets/IN718/Test/HR_Data/IN718_test_hr_y_block_315.npy,128,128,16384,0.008388007991015911,0.0026994026266038418,0.01716645434498787
IN718 (FCC),LUT lookup only (no refinement),/data/home/umang/Materials/Materials_data_mount/datasets/IN718,87,IN718_test_hr_y_block_318.npy,/data/home/umang/Materials/Materials_data_mount/datasets/IN718/Test/HR_Data/IN718_test_hr_y_block_318.npy,128,128,16384,0.00799943320453167,0.002381911501288414,0.012918730266392231
IN718 (FCC),LUT lookup only (no refinement),/data/home/umang/Materials/Materials_data_mount/datasets/IN718,88,IN718_test_hr_y_block_322.npy,/data/home/umang/Materials/Materials_data_mount/datasets/IN718/Test/HR_Data/IN718_test_hr_y_block_322.npy,128,128,16384,0.008152916096150875,0.0025396919809281826,0.014451837167143822
IN718 (FCC),LUT lookup only (no refinement),/data/home/umang/Materials/Materials_data_mount/datasets/IN718,89,IN718_test_hr_y_block_324.npy,/data/home/umang/Materials/Materials_data_mount/datasets/IN718/Test/HR_Data/IN718_test_hr_y_block_324.npy,128,128,16384,0.00770551385357976,0.0025503525976091623,0.01697089709341526
IN718 (FCC),LUT lookup only (no refinement),/data/home/umang/Materials/Materials_data_mount/datasets/IN718,90,IN718_test_hr_y_block_328.npy,/data/home/umang/Materials/Materials_data_mount/datasets/IN718/Test/HR_Data/IN718_test_hr_y_block_328.npy,128,128,16384,0.007248029112815857,0.002002042718231678,0.012314003892242908
IN718 (FCC),LUT lookup only (no refinement),/data/home/umang/Materials/Materials_data_mount/datasets/IN718,91,IN718_test_hr_y_block_373.npy,/data/home/umang/Materials/Materials_data_mount/datasets/IN718/Test/HR_Data/IN718_test_hr_y_block_373.npy,128,128,16384,0.007549094036221504,0.002924468368291855,0.013879588805139065
IN718 (FCC),LUT lookup only (no refinement),/data/home/umang/Materials/Materials_data_mount/datasets/IN718,92,IN718_test_hr_y_block_375.npy,/data/home/umang/Materials/Materials_data_mount/datasets/IN718/Test/HR_Data/IN718_test_hr_y_block_375.npy,128,128,16384,0.007494169753044844,0.002218151930719614,0.015238793566823006
IN718 (FCC),LUT lookup only (no refinement),/data/home/umang/Materials/Materials_data_mount/datasets/IN718,93,IN718_test_hr_y_block_38.npy,/data/home/umang/Materials/Materials_data_mount/datasets/IN718/Test/HR_Data/IN718_test_hr_y_block_38.npy,128,128,16384,0.0070194341242313385,0.0022129130084067583,0.01263886783272028
IN718 (FCC),LUT lookup only (no refinement),/data/home/umang/Materials/Materials_data_mount/datasets/IN718,94,IN718_test_hr_y_block_407.npy,/data/home/umang/Materials/Materials_data_mount/datasets/IN718/Test/HR_Data/IN718_test_hr_y_block_407.npy,128,128,16384,0.008097721263766289,0.002197910798713565,0.015238793566823006
IN718 (FCC),LUT lookup only (no refinement),/data/home/umang/Materials/Materials_data_mount/datasets/IN718,95,IN718_test_hr_y_block_52.npy,/data/home/umang/Materials/Materials_data_mount/datasets/IN718/Test/HR_Data/IN718_test_hr_y_block_52.npy,128,128,16384,0.00760160805657506,0.002363514620810747,0.012955588288605213
IN718 (FCC),LUT lookup only (no refinement),/data/home/umang/Materials/Materials_data_mount/datasets/IN718,96,IN718_test_hr_y_block_56.npy,/data/home/umang/Materials/Materials_data_mount/datasets/IN718/Test/HR_Data/IN718_test_hr_y_block_56.npy,128,128,16384,0.007840875536203384,0.0018895239336416125,0.01244879886507988
IN718 (FCC),LUT lookup only (no refinement),/data/home/umang/Materials/Materials_data_mount/datasets/IN718,97,IN718_test_hr_y_block_63.npy,/data/home/umang/Materials/Materials_data_mount/datasets/IN718/Test/HR_Data/IN718_test_hr_y_block_63.npy,128,128,16384,0.005427376367151737,0.0031212028115987778,0.011940466240048409
IN718 (FCC),LUT lookup only (no refinement),/data/home/umang/Materials/Materials_data_mount/datasets/IN718,98,IN718_test_hr_y_block_68.npy,/data/home/umang/Materials/Materials_data_mount/datasets/IN718/Test/HR_Data/IN718_test_hr_y_block_68.npy,128,128,16384,0.0067169442772865295,0.002712154993787408,0.014235752634704113
IN718 (FCC),LUT lookup only (no refinement),/data/home/umang/Materials/Materials_data_mount/datasets/IN718,99,IN718_test_hr_z_block_11.npy,/data/home/umang/Materials/Materials_data_mount/datasets/IN718/Test/HR_Data/IN718_test_hr_z_block_11.npy,128,128,16384,0.008002578280866146,0.0021103082690387964,0.013010679744184017
IN718 (FCC),LUT lookup only (no refinement),/data/home/umang/Materials/Materials_data_mount/datasets/IN718,100,IN718_test_hr_z_block_117.npy,/data/home/umang/Materials/Materials_data_mount/datasets/IN718/Test/HR_Data/IN718_test_hr_z_block_117.npy,128,128,16384,0.007411291357129812,0.0020824873354285955,0.013246762566268444
IN718 (FCC),LUT lookup only (no refinement),/data/home/umang/Materials/Materials_data_mount/datasets/IN718,101,IN718_test_hr_z_block_125.npy,/data/home/umang/Materials/Materials_data_mount/datasets/IN718/Test/HR_Data/IN718_test_hr_z_block_125.npy,128,128,16384,0.008141422644257545,0.0020413303282111883,0.013047277927398682
IN718 (FCC),LUT lookup only (no refinement),/data/home/umang/Materials/Materials_data_mount/datasets/IN718,102,IN718_test_hr_z_block_144.npy,/data/home/umang/Materials/Materials_data_mount/datasets/IN718/Test/HR_Data/IN718_test_hr_z_block_144.npy,128,128,16384,0.007067466154694557,0.0027916021645069122,0.01213849801570177
IN718 (FCC),LUT lookup only (no refinement),/data/home/umang/Materials/Materials_data_mount/datasets/IN718,103,IN718_test_hr_z_block_155.npy,/data/home/umang/Materials/Materials_data_mount/datasets/IN718/Test/HR_Data/IN718_test_hr_z_block_155.npy,128,128,16384,0.007522843778133392,0.0020245404448360205,0.013083774596452713
IN718 (FCC),LUT lookup only (no refinement),/data/home/umang/Materials/Materials_data_mount/datasets/IN718,104,IN718_test_hr_z_block_158.npy,/data/home/umang/Materials/Materials_data_mount/datasets/IN718/Test/HR_Data/IN718_test_hr_z_block_158.npy,128,128,16384,0.00846792571246624,0.001980943139642477,0.012391208671033382
IN718 (FCC),LUT lookup only (no refinement),/data/home/umang/Materials/Materials_data_mount/datasets/IN718,105,IN718_test_hr_z_block_167.npy,/data/home/umang/Materials/Materials_data_mount/datasets/IN718/Test/HR_Data/IN718_test_hr_z_block_167.npy,128,128,16384,0.007270318455994129,0.0026152492500841618,0.012506122700870037
IN718 (FCC),LUT lookup only (no refinement),/data/home/umang/Materials/Materials_data_mount/datasets/IN718,106,IN718_test_hr_z_block_189.npy,/data/home/umang/Materials/Materials_data_mount/datasets/IN718/Test/HR_Data/IN718_test_hr_z_block_189.npy,128,128,16384,0.007672455161809921,0.0022342924494296312,0.01694277673959732
IN718 (FCC),LUT lookup only (no refinement),/data/home/umang/Materials/Materials_data_mount/datasets/IN718,107,IN718_test_hr_z_block_191.npy,/data/home/umang/Materials/Materials_data_mount/datasets/IN718/Test/HR_Data/IN718_test_hr_z_block_191.npy,128,128,16384,0.0081127705052495,0.0022756331600248814,0.012844696640968323
IN718 (FCC),LUT lookup only (no refinement),/data/home/umang/Materials/Materials_data_mount/datasets/IN718,108,IN718_test_hr_z_block_196.npy,/data/home/umang/Materials/Materials_data_mount/datasets/IN718/Test/HR_Data/IN718_test_hr_z_block_196.npy,128,128,16384,0.007969789206981659,0.0026449859142303467,0.016194501891732216
IN718 (FCC),LUT lookup only (no refinement),/data/home/umang/Materials/Materials_data_mount/datasets/IN718,109,IN718_test_hr_z_block_198.npy,/data/home/umang/Materials/Materials_data_mount/datasets/IN718/Test/HR_Data/IN718_test_hr_z_block_198.npy,128,128,16384,0.007833465933799744,0.0027919586282223463,0.01660161092877388
IN718 (FCC),LUT lookup only (no refinement),/data/home/umang/Materials/Materials_data_mount/datasets/IN718,110,IN718_test_hr_z_block_223.npy,/data/home/umang/Materials/Materials_data_mount/datasets/IN718/Test/HR_Data/IN718_test_hr_z_block_223.npy,128,128,16384,0.00807449035346508,0.0024400842376053333,0.012844696640968323
IN718 (FCC),LUT lookup only (no refinement),/data/home/umang/Materials/Materials_data_mount/datasets/IN718,111,IN718_test_hr_z_block_238.npy,/data/home/umang/Materials/Materials_data_mount/datasets/IN718/Test/HR_Data/IN718_test_hr_z_block_238.npy,128,128,16384,0.00698514562100172,0.0028198554646223783,0.01663030870258808
IN718 (FCC),LUT lookup only (no refinement),/data/home/umang/Materials/Materials_data_mount/datasets/IN718,112,IN718_test_hr_z_block_243.npy,/data/home/umang/Materials/Materials_data_mount/datasets/IN718/Test/HR_Data/IN718_test_hr_z_block_243.npy,128,128,16384,0.006854933220893145,0.002639258513227105,0.016194501891732216
IN718 (FCC),LUT lookup only (no refinement),/data/home/umang/Materials/Materials_data_mount/datasets/IN718,113,IN718_test_hr_z_block_25.npy,/data/home/umang/Materials/Materials_data_mount/datasets/IN718/Test/HR_Data/IN718_test_hr_z_block_25.npy,128,128,16384,0.007695426233112812,0.0023069519083946943,0.014794230461120605
IN718 (FCC),LUT lookup only (no refinement),/data/home/umang/Materials/Materials_data_mount/datasets/IN718,114,IN718_test_hr_z_block_255.npy,/data/home/umang/Materials/Materials_data_mount/datasets/IN718/Test/HR_Data/IN718_test_hr_z_block_255.npy,128,128,16384,0.006795015186071396,0.0024767338763922453,0.01694277673959732
IN718 (FCC),LUT lookup only (no refinement),/data/home/umang/Materials/Materials_data_mount/datasets/IN718,115,IN718_test_hr_z_block_261.npy,/data/home/umang/Materials/Materials_data_mount/datasets/IN718/Test/HR_Data/IN718_test_hr_z_block_261.npy,128,128,16384,0.007004769518971443,0.002202794421464205,0.012544193305075169
IN718 (FCC),LUT lookup only (no refinement),/data/home/umang/Materials/Materials_data_mount/datasets/IN718,116,IN718_test_hr_z_block_271.npy,/data/home/umang/Materials/Materials_data_mount/datasets/IN718/Test/HR_Data/IN718_test_hr_z_block_271.npy,128,128,16384,0.006693507544696331,0.0021393639035522938,0.012391208671033382
IN718 (FCC),LUT lookup only (no refinement),/data/home/umang/Materials/Materials_data_mount/datasets/IN718,117,IN718_test_hr_z_block_282.npy,/data/home/umang/Materials/Materials_data_mount/datasets/IN718/Test/HR_Data/IN718_test_hr_z_block_282.npy,128,128,16384,0.0076204934157431126,0.002160836011171341,0.01418541930615902
IN718 (FCC),LUT lookup only (no refinement),/data/home/umang/Materials/Materials_data_mount/datasets/IN718,118,IN718_test_hr_z_block_30.npy,/data/home/umang/Materials/Materials_data_mount/datasets/IN718/Test/HR_Data/IN718_test_hr_z_block_30.npy,128,128,16384,0.007213733159005642,0.0024881791323423386,0.013083774596452713
IN718 (FCC),LUT lookup only (no refinement),/data/home/umang/Materials/Materials_data_mount/datasets/IN718,119,IN718_test_hr_z_block_345.npy,/data/home/umang/Materials/Materials_data_mount/datasets/IN718/Test/HR_Data/IN718_test_hr_z_block_345.npy,128,128,16384,0.007821033708751202,0.0022637329529970884,0.01418541930615902
IN718 (FCC),LUT lookup only (no refinement),/data/home/umang/Materials/Materials_data_mount/datasets/IN718,120,IN718_test_hr_z_block_349.npy,/data/home/umang/Materials/Materials_data_mount/datasets/IN718/Test/HR_Data/IN718_test_hr_z_block_349.npy,128,128,16384,0.007632986642420292,0.0030123707838356495,0.015128877945244312
IN718 (FCC),LUT lookup only (no refinement),/data/home/umang/Materials/Materials_data_mount/datasets/IN718,121,IN718_test_hr_z_block_353.npy,/data/home/umang/Materials/Materials_data_mount/datasets/IN718/Test/HR_Data/IN718_test_hr_z_block_353.npy,128,128,16384,0.00829924363642931,0.002226121723651886,0.0165728610008955
IN718 (FCC),LUT lookup only (no refinement),/data/home/umang/Materials/Materials_data_mount/datasets/IN718,122,IN718_test_hr_z_block_356.npy,/data/home/umang/Materials/Materials_data_mount/datasets/IN718/Test/HR_Data/IN718_test_hr_z_block_356.npy,128,128,16384,0.007147184573113918,0.003337075235322118,0.01418541930615902
IN718 (FCC),LUT lookup only (no refinement),/data/home/umang/Materials/Materials_data_mount/datasets/IN718,123,IN718_test_hr_z_block_376.npy,/data/home/umang/Materials/Materials_data_mount/datasets/IN718/Test/HR_Data/IN718_test_hr_z_block_376.npy,128,128,16384,0.00829334743320942,0.0023125261068344116,0.0165728610008955
IN718 (FCC),LUT lookup only (no refinement),/data/home/umang/Materials/Materials_data_mount/datasets/IN718,124,IN718_test_hr_z_block_385.npy,/data/home/umang/Materials/Materials_data_mount/datasets/IN718/Test/HR_Data/IN718_test_hr_z_block_385.npy,128,128,16384,0.008584585040807724,0.0024707538541406393,0.013028992339968681
IN718 (FCC),LUT lookup only (no refinement),/data/home/umang/Materials/Materials_data_mount/datasets/IN718,125,IN718_test_hr_z_block_386.npy,/data/home/umang/Materials/Materials_data_mount/datasets/IN718/Test/HR_Data/IN718_test_hr_z_block_386.npy,128,128,16384,0.007220887579023838,0.0028947058599442244,0.013028992339968681
IN718 (FCC),LUT lookup only (no refinement),/data/home/umang/Materials/Materials_data_mount/datasets/IN718,126,IN718_test_hr_z_block_415.npy,/data/home/umang/Materials/Materials_data_mount/datasets/IN718/Test/HR_Data/IN718_test_hr_z_block_415.npy,128,128,16384,0.00830038357526064,0.0020723689813166857,0.012992342002689838
IN718 (FCC),LUT lookup only (no refinement),/data/home/umang/Materials/Materials_data_mount/datasets/IN718,127,IN718_test_hr_z_block_419.npy,/data/home/umang/Materials/Materials_data_mount/datasets/IN718/Test/HR_Data/IN718_test_hr_z_block_419.npy,128,128,16384,0.007109466008841991,0.002243489259853959,0.012563184835016727
IN718 (FCC),LUT lookup only (no refinement),/data/home/umang/Materials/Materials_data_mount/datasets/IN718,128,IN718_test_hr_z_block_421.npy,/data/home/umang/Materials/Materials_data_mount/datasets/IN718/Test/HR_Data/IN718_test_hr_z_block_421.npy,128,128,16384,0.008177194744348526,0.0020612948574125767,0.012992342002689838
IN718 (FCC),LUT lookup only (no refinement),/data/home/umang/Materials/Materials_data_mount/datasets/IN718,129,IN718_test_hr_z_block_436.npy,/data/home/umang/Materials/Materials_data_mount/datasets/IN718/Test/HR_Data/IN718_test_hr_z_block_436.npy,128,128,16384,0.007655177265405655,0.002314420184120536,0.012732838280498981
IN718 (FCC),LUT lookup only (no refinement),/data/home/umang/Materials/Materials_data_mount/datasets/IN718,130,IN718_test_hr_z_block_453.npy,/data/home/umang/Materials/Materials_data_mount/datasets/IN718/Test/HR_Data/IN718_test_hr_z_block_453.npy,128,128,16384,0.007467304822057486,0.0022656104993075132,0.013028992339968681
IN718 (FCC),LUT lookup only (no refinement),/data/home/umang/Materials/Materials_data_mount/datasets/IN718,131,IN718_test_hr_z_block_458.npy,/data/home/umang/Materials/Materials_data_mount/datasets/IN718/Test/HR_Data/IN718_test_hr_z_block_458.npy,128,128,16384,0.007876246236264706,0.0024415834341198206,0.012695333920419216
IN718 (FCC),LUT lookup only (no refinement),/data/home/umang/Materials/Materials_data_mount/datasets/IN718,132,IN718_test_hr_z_block_461.npy,/data/home/umang/Materials/Materials_data_mount/datasets/IN718/Test/HR_Data/IN718_test_hr_z_block_461.npy,128,128,16384,0.008798652328550816,0.0024700171779841185,0.01716645434498787
IN718 (FCC),LUT lookup only (no refinement),/data/home/umang/Materials/Materials_data_mount/datasets/IN718,133,IN718_test_hr_z_block_468.npy,/data/home/umang/Materials/Materials_data_mount/datasets/IN718/Test/HR_Data/IN718_test_hr_z_block_468.npy,128,128,16384,0.009091127663850784,0.0024702970404177904,0.01716645434498787
IN718 (FCC),LUT lookup only (no refinement),/data/home/umang/Materials/Materials_data_mount/datasets/IN718,134,IN718_test_hr_z_block_474.npy,/data/home/umang/Materials/Materials_data_mount/datasets/IN718/Test/HR_Data/IN718_test_hr_z_block_474.npy,128,128,16384,0.0073470440693199635,0.00252349185757339,0.013047277927398682
IN718 (FCC),LUT lookup only (no refinement),/data/home/umang/Materials/Materials_data_mount/datasets/IN718,135,IN718_test_hr_z_block_480.npy,/data/home/umang/Materials/Materials_data_mount/datasets/IN718/Test/HR_Data/IN718_test_hr_z_block_480.npy,128,128,16384,0.007765673100948334,0.0022606535349041224,0.012807518243789673
IN718 (FCC),LUT lookup only (no refinement),/data/home/umang/Materials/Materials_data_mount/datasets/IN718,136,IN718_test_hr_z_block_489.npy,/data/home/umang/Materials/Materials_data_mount/datasets/IN718/Test/HR_Data/IN718_test_hr_z_block_489.npy,128,128,16384,0.008371011354029179,0.0023798400070518255,0.012881766073405743
IN718 (FCC),LUT lookup only (no refinement),/data/home/umang/Materials/Materials_data_mount/datasets/IN718,137,IN718_test_hr_z_block_490.npy,/data/home/umang/Materials/Materials_data_mount/datasets/IN718/Test/HR_Data/IN718_test_hr_z_block_490.npy,128,128,16384,0.007695966865867376,0.002803738694638014,0.014794230461120605
IN718 (FCC),LUT lookup only (no refinement),/data/home/umang/Materials/Materials_data_mount/datasets/IN718,138,IN718_test_hr_z_block_497.npy,/data/home/umang/Materials/Materials_data_mount/datasets/IN718/Test/HR_Data/IN718_test_hr_z_block_497.npy,128,128,16384,0.008090145885944366,0.002368074841797352,0.014794230461120605
IN718 (FCC),LUT lookup only (no refinement),/data/home/umang/Materials/Materials_data_mount/datasets/IN718,139,IN718_test_hr_z_block_521.npy,/data/home/umang/Materials/Materials_data_mount/datasets/IN718/Test/HR_Data/IN718_test_hr_z_block_521.npy,128,128,16384,0.00812452007085085,0.002124450169503689,0.013671902008354664
IN718 (FCC),LUT lookup only (no refinement),/data/home/umang/Materials/Materials_data_mount/datasets/IN718,140,IN718_test_hr_z_block_57.npy,/data/home/umang/Materials/Materials_data_mount/datasets/IN718/Test/HR_Data/IN718_test_hr_z_block_57.npy,128,128,16384,0.007568283472210169,0.002269779797643423,0.015548557974398136
IN718 (FCC),LUT lookup only (no refinement),/data/home/umang/Materials/Materials_data_mount/datasets/IN718,141,IN718_test_hr_z_block_6.npy,/data/home/umang/Materials/Materials_data_mount/datasets/IN718/Test/HR_Data/IN718_test_hr_z_block_6.npy,128,128,16384,0.007735040038824081,0.0022752354852855206,0.012863244861364365
IN718 (FCC),LUT lookup only (no refinement),/data/home/umang/Materials/Materials_data_mount/datasets/IN718,142,IN718_test_hr_z_block_62.npy,/data/home/umang/Materials/Materials_data_mount/datasets/IN718/Test/HR_Data/IN718_test_hr_z_block_62.npy,128,128,16384,0.007409390527755022,0.0024201965425163507,0.01261998899281025
IN718 (FCC),LUT lookup only (no refinement),/data/home/umang/Materials/Materials_data_mount/datasets/IN718,143,IN718_test_hr_z_block_72.npy,/data/home/umang/Materials/Materials_data_mount/datasets/IN718/Test/HR_Data/IN718_test_hr_z_block_72.npy,128,128,16384,0.007340588606894016,0.002328247530385852,0.0141349071636796
IN718 (FCC),LUT lookup only (no refinement),/data/home/umang/Materials/Materials_data_mount/datasets/IN718,144,IN718_test_hr_z_block_77.npy,/data/home/umang/Materials/Materials_data_mount/datasets/IN718/Test/HR_Data/IN718_test_hr_z_block_77.npy,128,128,16384,0.007504872977733612,0.0024006664752960205,0.014118028804659843
IN718 (FCC),LUT lookup only (no refinement),/data/home/umang/Materials/Materials_data_mount/datasets/IN718,145,IN718_test_hr_z_block_78.npy,/data/home/umang/Materials/Materials_data_mount/datasets/IN718/Test/HR_Data/IN718_test_hr_z_block_78.npy,128,128,16384,0.007679403759539127,0.002068138215690851,0.013083774596452713
IN718 (FCC),LUT lookup only (no refinement),/data/home/umang/Materials/Materials_data_mount/datasets/IN718,146,IN718_test_hr_z_block_83.npy,/data/home/umang/Materials/Materials_data_mount/datasets/IN718/Test/HR_Data/IN718_test_hr_z_block_83.npy,128,128,16384,0.007804346736520529,0.002399490214884281,0.0141349071636796
IN718 (FCC),"LUT + local refinement (12 steps, 8 starts)",/data/home/umang/Materials/Materials_data_mount/datasets/IN718,0,IN718_test_hr_x_block_104.npy,/data/home/umang/Materials/Materials_data_mount/datasets/IN718/Test/HR_Data/IN718_test_hr_x_block_104.npy,128,128,16384,0.010877173393964767,0.002485130215063691,0.021880341693758965
IN718 (FCC),"LUT + local refinement (12 steps, 8 starts)",/data/home/umang/Materials/Materials_data_mount/datasets/IN718,1,IN718_test_hr_x_block_115.npy,/data/home/umang/Materials/Materials_data_mount/datasets/IN718/Test/HR_Data/IN718_test_hr_x_block_115.npy,128,128,16384,0.01244938001036644,0.003148660995066166,0.020681554451584816
IN718 (FCC),"LUT + local refinement (12 steps, 8 starts)",/data/home/umang/Materials/Materials_data_mount/datasets/IN718,2,IN718_test_hr_x_block_118.npy,/data/home/umang/Materials/Materials_data_mount/datasets/IN718/Test/HR_Data/IN718_test_hr_x_block_118.npy,128,128,16384,0.011022936552762985,0.002919678343459964,0.021880341693758965
IN718 (FCC),"LUT + local refinement (12 steps, 8 starts)",/data/home/umang/Materials/Materials_data_mount/datasets/IN718,3,IN718_test_hr_x_block_120.npy,/data/home/umang/Materials/Materials_data_mount/datasets/IN718/Test/HR_Data/IN718_test_hr_x_block_120.npy,128,128,16384,0.010346021503210068,0.003338995622470975,0.02017975226044655
IN718 (FCC),"LUT + local refinement (12 steps, 8 starts)",/data/home/umang/Materials/Materials_data_mount/datasets/IN718,4,IN718_test_hr_x_block_140.npy,/data/home/umang/Materials/Materials_data_mount/datasets/IN718/Test/HR_Data/IN718_test_hr_x_block_140.npy,128,128,16384,0.011240383610129356,0.003526178188621998,0.018873263150453568
IN718 (FCC),"LUT + local refinement (12 steps, 8 starts)",/data/home/umang/Materials/Materials_data_mount/datasets/IN718,5,IN718_test_hr_x_block_152.npy,/data/home/umang/Materials/Materials_data_mount/datasets/IN718/Test/HR_Data/IN718_test_hr_x_block_152.npy,128,128,16384,0.010945303365588188,0.0036346407141536474,0.021880341693758965
IN718 (FCC),"LUT + local refinement (12 steps, 8 starts)",/data/home/umang/Materials/Materials_data_mount/datasets/IN718,6,IN718_test_hr_x_block_153.npy,/data/home/umang/Materials/Materials_data_mount/datasets/IN718/Test/HR_Data/IN718_test_hr_x_block_153.npy,128,128,16384,0.010606885887682438,0.003441551700234413,0.021024560555815697
IN718 (FCC),"LUT + local refinement (12 steps, 8 starts)",/data/home/umang/Materials/Materials_data_mount/datasets/IN718,7,IN718_test_hr_x_block_154.npy,/data/home/umang/Materials/Materials_data_mount/datasets/IN718/Test/HR_Data/IN718_test_hr_x_block_154.npy,128,128,16384,0.014316723681986332,0.0031585153192281723,0.021880341693758965
IN718 (FCC),"LUT + local refinement (12 steps, 8 starts)",/data/home/umang/Materials/Materials_data_mount/datasets/IN718,8,IN718_test_hr_x_block_158.npy,/data/home/umang/Materials/Materials_data_mount/datasets/IN718/Test/HR_Data/IN718_test_hr_x_block_158.npy,128,128,16384,0.01017114706337452,0.0034114487934857607,0.021880341693758965
IN718 (FCC),"LUT + local refinement (12 steps, 8 starts)",/data/home/umang/Materials/Materials_data_mount/datasets/IN718,9,IN718_test_hr_x_block_176.npy,/data/home/umang/Materials/Materials_data_mount/datasets/IN718/Test/HR_Data/IN718_test_hr_x_block_176.npy,128,128,16384,0.0102276261895895,0.0029947308357805014,0.017332319170236588
IN718 (FCC),"LUT + local refinement (12 steps, 8 starts)",/data/home/umang/Materials/Materials_data_mount/datasets/IN718,10,IN718_test_hr_x_block_191.npy,/data/home/umang/Materials/Materials_data_mount/datasets/IN718/Test/HR_Data/IN718_test_hr_x_block_191.npy,128,128,16384,0.012777505442500114,0.003927902784198523,0.02176014706492424
IN718 (FCC),"LUT + local refinement (12 steps, 8 starts)",/data/home/umang/Materials/Materials_data_mount/datasets/IN718,11,IN718_test_hr_x_block_193.npy,/data/home/umang/Materials/Materials_data_mount/datasets/IN718/Test/HR_Data/IN718_test_hr_x_block_193.npy,128,128,16384,0.012472694739699364,0.003323822747915983,0.0202033668756485
IN718 (FCC),"LUT + local refinement (12 steps, 8 starts)",/data/home/umang/Materials/Materials_data_mount/datasets/IN718,12,IN718_test_hr_x_block_209.npy,/data/home/umang/Materials/Materials_data_mount/datasets/IN718/Test/HR_Data/IN718_test_hr_x_block_209.npy,128,128,16384,0.011390069499611855,0.0030024885199964046,0.020215164870023727
IN718 (FCC),"LUT + local refinement (12 steps, 8 starts)",/data/home/umang/Materials/Materials_data_mount/datasets/IN718,13,IN718_test_hr_x_block_241.npy,/data/home/umang/Materials/Materials_data_mount/datasets/IN718/Test/HR_Data/IN718_test_hr_x_block_241.npy,128,128,16384,0.01306757889688015,0.0038256121333688498,0.02302713133394718
IN718 (FCC),"LUT + local refinement (12 steps, 8 starts)",/data/home/umang/Materials/Materials_data_mount/datasets/IN718,14,IN718_test_hr_x_block_254.npy,/data/home/umang/Materials/Materials_data_mount/datasets/IN718/Test/HR_Data/IN718_test_hr_x_block_254.npy,128,128,16384,0.012102709151804447,0.0028059352189302444,0.023640213534235954
IN718 (FCC),"LUT + local refinement (12 steps, 8 starts)",/data/home/umang/Materials/Materials_data_mount/datasets/IN718,15,IN718_test_hr_x_block_256.npy,/data/home/umang/Materials/Materials_data_mount/datasets/IN718/Test/HR_Data/IN718_test_hr_x_block_256.npy,128,128,16384,0.009859560057520866,0.0033601969480514526,0.022735370323061943
IN718 (FCC),"LUT + local refinement (12 steps, 8 starts)",/data/home/umang/Materials/Materials_data_mount/datasets/IN718,16,IN718_test_hr_x_block_258.npy,/data/home/umang/Materials/Materials_data_mount/datasets/IN718/Test/HR_Data/IN718_test_hr_x_block_258.npy,128,128,16384,0.010200188495218754,0.003881579264998436,0.022735370323061943
IN718 (FCC),"LUT + local refinement (12 steps, 8 starts)",/data/home/umang/Materials/Materials_data_mount/datasets/IN718,17,IN718_test_hr_x_block_268.npy,/data/home/umang/Materials/Materials_data_mount/datasets/IN718/Test/HR_Data/IN718_test_hr_x_block_268.npy,128,128,16384,0.011945514008402824,0.0029145688749849796,0.023640213534235954
IN718 (FCC),"LUT + local refinement (12 steps, 8 starts)",/data/home/umang/Materials/Materials_data_mount/datasets/IN718,18,IN718_test_hr_x_block_27.npy,/data/home/umang/Materials/Materials_data_mount/datasets/IN718/Test/HR_Data/IN718_test_hr_x_block_27.npy,128,128,16384,0.01169046014547348,0.0023585695307701826,0.0198221355676651
IN718 (FCC),"LUT + local refinement (12 steps, 8 starts)",/data/home/umang/Materials/Materials_data_mount/datasets/IN718,19,IN718_test_hr_x_block_279.npy,/data/home/umang/Materials/Materials_data_mount/datasets/IN718/Test/HR_Data/IN718_test_hr_x_block_279.npy,128,128,16384,0.013033268973231316,0.0031900624744594097,0.023620033636689186
IN718 (FCC),"LUT + local refinement (12 steps, 8 starts)",/data/home/umang/Materials/Materials_data_mount/datasets/IN718,20,IN718_test_hr_x_block_297.npy,/data/home/umang/Materials/Materials_data_mount/datasets/IN718/Test/HR_Data/IN718_test_hr_x_block_297.npy,128,128,16384,0.01139170303940773,0.0032214298844337463,0.02015610784292221
IN718 (FCC),"LUT + local refinement (12 steps, 8 starts)",/data/home/umang/Materials/Materials_data_mount/datasets/IN718,21,IN718_test_hr_x_block_322.npy,/data/home/umang/Materials/Materials_data_mount/datasets/IN718/Test/HR_Data/IN718_test_hr_x_block_322.npy,128,128,16384,0.010781637392938137,0.0030428976751863956,0.01852903701364994
IN718 (FCC),"LUT + local refinement (12 steps, 8 starts)",/data/home/umang/Materials/Materials_data_mount/datasets/IN718,22,IN718_test_hr_x_block_370.npy,/data/home/umang/Materials/Materials_data_mount/datasets/IN718/Test/HR_Data/IN718_test_hr_x_block_370.npy,128,128,16384,0.012042003683745861,0.0032179018016904593,0.022140316665172577
IN718 (FCC),"LUT + local refinement (12 steps, 8 starts)",/data/home/umang/Materials/Materials_data_mount/datasets/IN718,23,IN718_test_hr_x_block_375.npy,/data/home/umang/Materials/Materials_data_mount/datasets/IN718/Test/HR_Data/IN718_test_hr_x_block_375.npy,128,128,16384,0.012190937995910645,0.003091130405664444,0.022140316665172577
IN718 (FCC),"LUT + local refinement (12 steps, 8 starts)",/data/home/umang/Materials/Materials_data_mount/datasets/IN718,24,IN718_test_hr_x_block_381.npy,/data/home/umang/Materials/Materials_data_mount/datasets/IN718/Test/HR_Data/IN718_test_hr_x_block_381.npy,128,128,16384,0.011719821020960808,0.0033940039575099945,0.021350892260670662
IN718 (FCC),"LUT + local refinement (12 steps, 8 starts)",/data/home/umang/Materials/Materials_data_mount/datasets/IN718,25,IN718_test_hr_x_block_389.npy,/data/home/umang/Materials/Materials_data_mount/datasets/IN718/Test/HR_Data/IN718_test_hr_x_block_389.npy,128,128,16384,0.011548249050974846,0.003120147855952382,0.02015610784292221
IN718 (FCC),"LUT + local refinement (12 steps, 8 starts)",/data/home/umang/Materials/Materials_data_mount/datasets/IN718,26,IN718_test_hr_x_block_392.npy,/data/home/umang/Materials/Materials_data_mount/datasets/IN718/Test/HR_Data/IN718_test_hr_x_block_392.npy,128,128,16384,0.011622322723269463,0.002402090234681964,0.019737759605050087
IN718 (FCC),"LUT + local refinement (12 steps, 8 starts)",/data/home/umang/Materials/Materials_data_mount/datasets/IN718,27,IN718_test_hr_x_block_396.npy,/data/home/umang/Materials/Materials_data_mount/datasets/IN718/Test/HR_Data/IN718_test_hr_x_block_396.npy,128,128,16384,0.011843995191156864,0.003310505300760269,0.020865192636847496
IN718 (FCC),"LUT + local refinement (12 steps, 8 starts)",/data/home/umang/Materials/Materials_data_mount/datasets/IN718,28,IN718_test_hr_x_block_40.npy,/data/home/umang/Materials/Materials_data_mount/datasets/IN718/Test/HR_Data/IN718_test_hr_x_block_40.npy,128,128,16384,0.01196691021323204,0.0023848158307373524,0.02141779102385044
IN718 (FCC),"LUT + local refinement (12 steps, 8 starts)",/data/home/umang/Materials/Materials_data_mount/datasets/IN718,29,IN718_test_hr_x_block_403.npy,/data/home/umang/Materials/Materials_data_mount/datasets/IN718/Test/HR_Data/IN718_test_hr_x_block_403.npy,128,128,16384,0.01051077339798212,0.0027761412784457207,0.019989820197224617
IN718 (FCC),"LUT + local refinement (12 steps, 8 starts)",/data/home/umang/Materials/Materials_data_mount/datasets/IN718,30,IN718_test_hr_x_block_408.npy,/data/home/umang/Materials/Materials_data_mount/datasets/IN718/Test/HR_Data/IN718_test_hr_x_block_408.npy,128,128,16384,0.011261194944381714,0.0027812013868242502,0.01870831474661827
IN718 (FCC),"LUT + local refinement (12 steps, 8 starts)",/data/home/umang/Materials/Materials_data_mount/datasets/IN718,31,IN718_test_hr_x_block_41.npy,/data/home/umang/Materials/Materials_data_mount/datasets/IN718/Test/HR_Data/IN718_test_hr_x_block_41.npy,128,128,16384,0.011925257742404938,0.003196988021954894,0.02141779102385044
IN718 (FCC),"LUT + local refinement (12 steps, 8 starts)",/data/home/umang/Materials/Materials_data_mount/datasets/IN718,32,IN718_test_hr_x_block_411.npy,/data/home/umang/Materials/Materials_data_mount/datasets/IN718/Test/HR_Data/IN718_test_hr_x_block_411.npy,128,128,16384,0.012155652046203613,0.0027381095569580793,0.020785050466656685
IN718 (FCC),"LUT + local refinement (12 steps, 8 starts)",/data/home/umang/Materials/Materials_data_mount/datasets/IN718,33,IN718_test_hr_x_block_412.npy,/data/home/umang/Materials/Materials_data_mount/datasets/IN718/Test/HR_Data/IN718_test_hr_x_block_412.npy,128,128,16384,0.011850474402308464,0.003182529006153345,0.01935967430472374
IN718 (FCC),"LUT + local refinement (12 steps, 8 starts)",/data/home/umang/Materials/Materials_data_mount/datasets/IN718,34,IN718_test_hr_x_block_416.npy,/data/home/umang/Materials/Materials_data_mount/datasets/IN718/Test/HR_Data/IN718_test_hr_x_block_416.npy,128,128,16384,0.012308357283473015,0.0030743181705474854,0.020865192636847496
IN718 (FCC),"LUT + local refinement (12 steps, 8 starts)",/data/home/umang/Materials/Materials_data_mount/datasets/IN718,35,IN718_test_hr_x_block_427.npy,/data/home/umang/Materials/Materials_data_mount/datasets/IN718/Test/HR_Data/IN718_test_hr_x_block_427.npy,128,128,16384,0.011222580447793007,0.0019886502996087074,0.018046662211418152
IN718 (FCC),"LUT + local refinement (12 steps, 8 starts)",/data/home/umang/Materials/Materials_data_mount/datasets/IN718,36,IN718_test_hr_x_block_446.npy,/data/home/umang/Materials/Materials_data_mount/datasets/IN718/Test/HR_Data/IN718_test_hr_x_block_446.npy,128,128,16384,0.011980222538113594,0.003546219551935792,0.020785050466656685
IN718 (FCC),"LUT + local refinement (12 steps, 8 starts)",/data/home/umang/Materials/Materials_data_mount/datasets/IN718,37,IN718_test_hr_x_block_447.npy,/data/home/umang/Materials/Materials_data_mount/datasets/IN718/Test/HR_Data/IN718_test_hr_x_block_447.npy,128,128,16384,0.01569463312625885,0.0030712904408574104,0.020785050466656685
IN718 (FCC),"LUT + local refinement (12 steps, 8 starts)",/data/home/umang/Materials/Materials_data_mount/datasets/IN718,38,IN718_test_hr_x_block_454.npy,/data/home/umang/Materials/Materials_data_mount/datasets/IN718/Test/HR_Data/IN718_test_hr_x_block_454.npy,128,128,16384,0.01228994783014059,0.00314942910335958,0.022640790790319443
IN718 (FCC),"LUT + local refinement (12 steps, 8 starts)",/data/home/umang/Materials/Materials_data_mount/datasets/IN718,39,IN718_test_hr_x_block_458.npy,/data/home/umang/Materials/Materials_data_mount/datasets/IN718/Test/HR_Data/IN718_test_hr_x_block_458.npy,128,128,16384,0.013584574684500694,0.0035889444407075644,0.0213620588183403
IN718 (FCC),"LUT + local refinement (12 steps, 8 starts)",/data/home/umang/Materials/Materials_data_mount/datasets/IN718,40,IN718_test_hr_x_block_467.npy,/data/home/umang/Materials/Materials_data_mount/datasets/IN718/Test/HR_Data/IN718_test_hr_x_block_467.npy,128,128,16384,0.013027086853981018,0.0030327695421874523,0.0213620588183403
IN718 (FCC),"LUT + local refinement (12 steps, 8 starts)",/data/home/umang/Materials/Materials_data_mount/datasets/IN718,41,IN718_test_hr_x_block_47.npy,/data/home/umang/Materials/Materials_data_mount/datasets/IN718/Test/HR_Data/IN718_test_hr_x_block_47.npy,128,128,16384,0.012178674340248108,0.00324362819083035,0.019580096006393433
IN718 (FCC),"LUT + local refinement (12 steps, 8 starts)",/data/home/umang/Materials/Materials_data_mount/datasets/IN718,42,IN718_test_hr_x_block_496.npy,/data/home/umang/Materials/Materials_data_mount/datasets/IN718/Test/HR_Data/IN718_test_hr_x_block_496.npy,128,128,16384,0.011079778894782066,0.002848608186468482,0.020785050466656685
IN718 (FCC),"LUT + local refinement (12 steps, 8 starts)",/data/home/umang/Materials/Materials_data_mount/datasets/IN718,43,IN718_test_hr_x_block_516.npy,/data/home/umang/Materials/Materials_data_mount/datasets/IN718/Test/HR_Data/IN718_test_hr_x_block_516.npy,128,128,16384,0.011306926608085632,0.0024346488062292337,0.018733786419034004
IN718 (FCC),"LUT + local refinement (12 steps, 8 starts)",/data/home/umang/Materials/Materials_data_mount/datasets/IN718,44,IN718_test_hr_x_block_518.npy,/data/home/umang/Materials/Materials_data_mount/datasets/IN718/Test/HR_Data/IN718_test_hr_x_block_518.npy,128,128,16384,0.01164074894040823,0.0029155220836400986,0.018670041114091873
IN718 (FCC),"LUT + local refinement (12 steps, 8 starts)",/data/home/umang/Materials/Materials_data_mount/datasets/IN718,45,IN718_test_hr_x_block_519.npy,/data/home/umang/Materials/Materials_data_mount/datasets/IN718/Test/HR_Data/IN718_test_hr_x_block_519.npy,128,128,16384,0.013921245001256466,0.0036068917252123356,0.0207965187728405
IN718 (FCC),"LUT + local refinement (12 steps, 8 starts)",/data/home/umang/Materials/Materials_data_mount/datasets/IN718,46,IN718_test_hr_x_block_522.npy,/data/home/umang/Materials/Materials_data_mount/datasets/IN718/Test/HR_Data/IN718_test_hr_x_block_522.npy,128,128,16384,0.012252358719706535,0.0035128111485391855,0.021373216062784195
IN718 (FCC),"LUT + local refinement (12 steps, 8 starts)",/data/home/umang/Materials/Materials_data_mount/datasets/IN718,47,IN718_test_hr_x_block_527.npy,/data/home/umang/Materials/Materials_data_mount/datasets/IN718/Test/HR_Data/IN718_test_hr_x_block_527.npy,128,128,16384,0.011358360759913921,0.0027997614815831184,0.020238740369677544
IN718 (FCC),"LUT + local refinement (12 steps, 8 starts)",/data/home/umang/Materials/Materials_data_mount/datasets/IN718,48,IN718_test_hr_x_block_531.npy,/data/home/umang/Materials/Materials_data_mount/datasets/IN718/Test/HR_Data/IN718_test_hr_x_block_531.npy,128,128,16384,0.011380041018128395,0.002808531280606985,0.020238740369677544
IN718 (FCC),"LUT + local refinement (12 steps, 8 starts)",/data/home/umang/Materials/Materials_data_mount/datasets/IN718,49,IN718_test_hr_x_block_535.npy,/data/home/umang/Materials/Materials_data_mount/datasets/IN718/Test/HR_Data/IN718_test_hr_x_block_535.npy,128,128,16384,0.012194851413369179,0.0027098010759800673,0.019099298864603043
IN718 (FCC),"LUT + local refinement (12 steps, 8 starts)",/data/home/umang/Materials/Materials_data_mount/datasets/IN718,50,IN718_test_hr_x_block_536.npy,/data/home/umang/Materials/Materials_data_mount/datasets/IN718/Test/HR_Data/IN718_test_hr_x_block_536.npy,128,128,16384,0.012286677956581116,0.0026740103494375944,0.019725674763321877
IN718 (FCC),"LUT + local refinement (12 steps, 8 starts)",/data/home/umang/Materials/Materials_data_mount/datasets/IN718,51,IN718_test_hr_x_block_539.npy,/data/home/umang/Materials/Materials_data_mount/datasets/IN718/Test/HR_Data/IN718_test_hr_x_block_539.npy,128,128,16384,0.012820066884160042,0.0031786730978637934,0.02004936710000038
IN718 (FCC),"LUT + local refinement (12 steps, 8 starts)",/data/home/umang/Materials/Materials_data_mount/datasets/IN718,52,IN718_test_hr_x_block_54.npy,/data/home/umang/Materials/Materials_data_mount/datasets/IN718/Test/HR_Data/IN718_test_hr_x_block_54.npy,128,128,16384,0.01187488716095686,0.003213097108528018,0.019310347735881805
IN718 (FCC),"LUT + local refinement (12 steps, 8 starts)",/data/home/umang/Materials/Materials_data_mount/datasets/IN718,53,IN718_test_hr_x_block_541.npy,/data/home/umang/Materials/Materials_data_mount/datasets/IN718/Test/HR_Data/IN718_test_hr_x_block_541.npy,128,128,16384,0.012040283530950546,0.0023869783617556095,0.020238740369677544
IN718 (FCC),"LUT + local refinement (12 steps, 8 starts)",/data/home/umang/Materials/Materials_data_mount/datasets/IN718,54,IN718_test_hr_x_block_542.npy,/data/home/umang/Materials/Materials_data_mount/datasets/IN718/Test/HR_Data/IN718_test_hr_x_block_542.npy,128,128,16384,0.011301986873149872,0.0031447678338736296,0.020945027470588684
IN718 (FCC),"LUT + local refinement (12 steps, 8 starts)",/data/home/umang/Materials/Materials_data_mount/datasets/IN718,55,IN718_test_hr_x_block_544.npy,/data/home/umang/Materials/Materials_data_mount/datasets/IN718/Test/HR_Data/IN718_test_hr_x_block_544.npy,128,128,16384,0.012537836097180843,0.003092711791396141,0.02108118310570717
IN718 (FCC),"LUT + local refinement (12 steps, 8 starts)",/data/home/umang/Materials/Materials_data_mount/datasets/IN718,56,IN718_test_hr_x_block_71.npy,/data/home/umang/Materials/Materials_data_mount/datasets/IN718/Test/HR_Data/IN718_test_hr_x_block_71.npy,128,128,16384,0.01162123866379261,0.0031889991369098425,0.02081943489611149
IN718 (FCC),"LUT + local refinement (12 steps, 8 starts)",/data/home/umang/Materials/Materials_data_mount/datasets/IN718,57,IN718_test_hr_x_block_72.npy,/data/home/umang/Materials/Materials_data_mount/datasets/IN718/Test/HR_Data/IN718_test_hr_x_block_72.npy,128,128,16384,0.011972908861935139,0.00296569662168622,0.020001742988824844
IN718 (FCC),"LUT + local refinement (12 steps, 8 starts)",/data/home/umang/Materials/Materials_data_mount/datasets/IN718,58,IN718_test_hr_x_block_75.npy,/data/home/umang/Materials/Materials_data_mount/datasets/IN718/Test/HR_Data/IN718_test_hr_x_block_75.npy,128,128,16384,0.011491067707538605,0.0027860808186233044,0.021891234442591667
IN718 (FCC),"LUT + local refinement (12 steps, 8 starts)",/data/home/umang/Materials/Materials_data_mount/datasets/IN718,59,IN718_test_hr_x_block_85.npy,/data/home/umang/Materials/Materials_data_mount/datasets/IN718/Test/HR_Data/IN718_test_hr_x_block_85.npy,128,128,16384,0.012205655686557293,0.0028207467403262854,0.0193965844810009
IN718 (FCC),"LUT + local refinement (12 steps, 8 starts)",/data/home/umang/Materials/Materials_data_mount/datasets/IN718,60,IN718_test_hr_x_block_87.npy,/data/home/umang/Materials/Materials_data_mount/datasets/IN718/Test/HR_Data/IN718_test_hr_x_block_87.npy,128,128,16384,0.011573315598070621,0.002910667099058628,0.021891234442591667
IN718 (FCC),"LUT + local refinement (12 steps, 8 starts)",/data/home/umang/Materials/Materials_data_mount/datasets/IN718,61,IN718_test_hr_x_block_94.npy,/data/home/umang/Materials/Materials_data_mount/datasets/IN718/Test/HR_Data/IN718_test_hr_x_block_94.npy,128,128,16384,0.011184538714587688,0.0025658283848315477,0.0193965844810009
IN718 (FCC),"LUT + local refinement (12 steps, 8 starts)",/data/home/umang/Materials/Materials_data_mount/datasets/IN718,62,IN718_test_hr_y_block_103.npy,/data/home/umang/Materials/Materials_data_mount/datasets/IN718/Test/HR_Data/IN718_test_hr_y_block_103.npy,128,128,16384,0.010606952011585236,0.0029854997992515564,0.019074315205216408
IN718 (FCC),"LUT + local refinement (12 steps, 8 starts)",/data/home/umang/Materials/Materials_data_mount/datasets/IN718,63,IN718_test_hr_y_block_106.npy,/data/home/umang/Materials/Materials_data_mount/datasets/IN718/Test/HR_Data/IN718_test_hr_y_block_106.npy,128,128,16384,0.011676093563437462,0.0029599170666188,0.01906181126832962
IN718 (FCC),"LUT + local refinement (12 steps, 8 starts)",/data/home/umang/Materials/Materials_data_mount/datasets/IN718,64,IN718_test_hr_y_block_113.npy,/data/home/umang/Materials/Materials_data_mount/datasets/IN718/Test/HR_Data/IN718_test_hr_y_block_113.npy,128,128,16384,0.011407753452658653,0.002653740579262376,0.018733786419034004
IN718 (FCC),"LUT + local refinement (12 steps, 8 starts)",/data/home/umang/Materials/Materials_data_mount/datasets/IN718,65,IN718_test_hr_y_block_120.npy,/data/home/umang/Materials/Materials_data_mount/datasets/IN718/Test/HR_Data/IN718_test_hr_y_block_120.npy,128,128,16384,0.01110071875154972,0.0034012366086244583,0.018961485475301743
IN718 (FCC),"LUT + local refinement (12 steps, 8 starts)",/data/home/umang/Materials/Materials_data_mount/datasets/IN718,66,IN718_test_hr_y_block_159.npy,/data/home/umang/Materials/Materials_data_mount/datasets/IN718/Test/HR_Data/IN718_test_hr_y_block_159.npy,128,128,16384,0.010140752419829369,0.003604521509259939,0.019384289160370827
IN718 (FCC),"LUT + local refinement (12 steps, 8 starts)",/data/home/umang/Materials/Materials_data_mount/datasets/IN718,67,IN718_test_hr_y_block_161.npy,/data/home/umang/Materials/Materials_data_mount/datasets/IN718/Test/HR_Data/IN718_test_hr_y_block_161.npy,128,128,16384,0.012692425400018692,0.003064179327338934,0.020785050466656685
IN718 (FCC),"LUT + local refinement (12 steps, 8 starts)",/data/home/umang/Materials/Materials_data_mount/datasets/IN718,68,IN718_test_hr_y_block_164.npy,/data/home/umang/Materials/Materials_data_mount/datasets/IN718/Test/HR_Data/IN718_test_hr_y_block_164.npy,128,128,16384,0.011163577437400818,0.003266498912125826,0.019384289160370827
IN718 (FCC),"LUT + local refinement (12 steps, 8 starts)",/data/home/umang/Materials/Materials_data_mount/datasets/IN718,69,IN718_test_hr_y_block_165.npy,/data/home/umang/Materials/Materials_data_mount/datasets/IN718/Test/HR_Data/IN718_test_hr_y_block_165.npy,128,128,16384,0.01132654957473278,0.003145376453176141,0.01911177672445774
IN718 (FCC),"LUT + local refinement (12 steps, 8 starts)",/data/home/umang/Materials/Materials_data_mount/datasets/IN718,70,IN718_test_hr_y_block_177.npy,/data/home/umang/Materials/Materials_data_mount/datasets/IN718/Test/HR_Data/IN718_test_hr_y_block_177.npy,128,128,16384,0.010689268819987774,0.003526538610458374,0.019834160804748535
IN718 (FCC),"LUT + local refinement (12 steps, 8 starts)",/data/home/umang/Materials/Materials_data_mount/datasets/IN718,71,IN718_test_hr_y_block_180.npy,/data/home/umang/Materials/Materials_data_mount/datasets/IN718/Test/HR_Data/IN718_test_hr_y_block_180.npy,128,128,16384,0.012011190876364708,0.00275962776504457,0.019737759605050087
IN718 (FCC),"LUT + local refinement (12 steps, 8 starts)",/data/home/umang/Materials/Materials_data_mount/datasets/IN718,72,IN718_test_hr_y_block_188.npy,/data/home/umang/Materials/Materials_data_mount/datasets/IN718/Test/HR_Data/IN718_test_hr_y_block_188.npy,128,128,16384,0.01311527006328106,0.0031725014559924603,0.0207965187728405
IN718 (FCC),"LUT + local refinement (12 steps, 8 starts)",/data/home/umang/Materials/Materials_data_mount/datasets/IN718,73,IN718_test_hr_y_block_189.npy,/data/home/umang/Materials/Materials_data_mount/datasets/IN718/Test/HR_Data/IN718_test_hr_y_block_189.npy,128,128,16384,0.012472834438085556,0.003113595535978675,0.01911177672445774
IN718 (FCC),"LUT + local refinement (12 steps, 8 starts)",/data/home/umang/Materials/Materials_data_mount/datasets/IN718,74,IN718_test_hr_y_block_206.npy,/data/home/umang/Materials/Materials_data_mount/datasets/IN718/Test/HR_Data/IN718_test_hr_y_block_206.npy,128,128,16384,0.01081164088100195,0.0019728229381144047,0.01780726946890354
IN718 (FCC),"LUT + local refinement (12 steps, 8 starts)",/data/home/umang/Materials/Materials_data_mount/datasets/IN718,75,IN718_test_hr_y_block_224.npy,/data/home/umang/Materials/Materials_data_mount/datasets/IN718/Test/HR_Data/IN718_test_hr_y_block_224.npy,128,128,16384,0.010701727122068405,0.0022739728447049856,0.021967340260744095
IN718 (FCC),"LUT + local refinement (12 steps, 8 starts)",/data/home/umang/Materials/Materials_data_mount/datasets/IN718,76,IN718_test_hr_y_block_230.npy,/data/home/umang/Materials/Materials_data_mount/datasets/IN718/Test/HR_Data/IN718_test_hr_y_block_230.npy,128,128,16384,0.011367164552211761,0.00235825777053833,0.018860625103116035
IN718 (FCC),"LUT + local refinement (12 steps, 8 starts)",/data/home/umang/Materials/Materials_data_mount/datasets/IN718,77,IN718_test_hr_y_block_251.npy,/data/home/umang/Materials/Materials_data_mount/datasets/IN718/Test/HR_Data/IN718_test_hr_y_block_251.npy,128,128,16384,0.01127809938043356,0.0026333199348300695,0.020785050466656685
IN718 (FCC),"LUT + local refinement (12 steps, 8 starts)",/data/home/umang/Materials/Materials_data_mount/datasets/IN718,78,IN718_test_hr_y_block_267.npy,/data/home/umang/Materials/Materials_data_mount/datasets/IN718/Test/HR_Data/IN718_test_hr_y_block_267.npy,128,128,16384,0.009813282638788223,0.0034362883307039738,0.020001742988824844
IN718 (FCC),"LUT + local refinement (12 steps, 8 starts)",/data/home/umang/Materials/Materials_data_mount/datasets/IN718,79,IN718_test_hr_y_block_268.npy,/data/home/umang/Materials/Materials_data_mount/datasets/IN718/Test/HR_Data/IN718_test_hr_y_block_268.npy,128,128,16384,0.01229819655418396,0.0033387395087629557,0.019989820197224617
IN718 (FCC),"LUT + local refinement (12 steps, 8 starts)",/data/home/umang/Materials/Materials_data_mount/datasets/IN718,80,IN718_test_hr_y_block_269.npy,/data/home/umang/Materials/Materials_data_mount/datasets/IN718/Test/HR_Data/IN718_test_hr_y_block_269.npy,128,128,16384,0.01164211519062519,0.003559360047802329,0.02081943489611149
IN718 (FCC),"LUT + local refinement (12 steps, 8 starts)",/data/home/umang/Materials/Materials_data_mount/datasets/IN718,81,IN718_test_hr_y_block_281.npy,/data/home/umang/Materials/Materials_data_mount/datasets/IN718/Test/HR_Data/IN718_test_hr_y_block_281.npy,128,128,16384,0.010249555110931396,0.0030948773492127657,0.020132437348365784
IN718 (FCC),"LUT + local refinement (12 steps, 8 starts)",/data/home/umang/Materials/Materials_data_mount/datasets/IN718,82,IN718_test_hr_y_block_29.npy,/data/home/umang/Materials/Materials_data_mount/datasets/IN718/Test/HR_Data/IN718_test_hr_y_block_29.npy,128,128,16384,0.011943191289901733,0.00340843154117465,0.020013660192489624
IN718 (FCC),"LUT + local refinement (12 steps, 8 starts)",/data/home/umang/Materials/Materials_data_mount/datasets/IN718,83,IN718_test_hr_y_block_295.npy,/data/home/umang/Materials/Materials_data_mount/datasets/IN718/Test/HR_Data/IN718_test_hr_y_block_295.npy,128,128,16384,0.012510857544839382,0.0033142033498734236,0.020519524812698364
IN718 (FCC),"LUT + local refinement (12 steps, 8 starts)",/data/home/umang/Materials/Materials_data_mount/datasets/IN718,84,IN718_test_hr_y_block_297.npy,/data/home/umang/Materials/Materials_data_mount/datasets/IN718/Test/HR_Data/IN718_test_hr_y_block_297.npy,128,128,16384,0.011632534675300121,0.0034056291915476322,0.021035896614193916
IN718 (FCC),"LUT + local refinement (12 steps, 8 starts)",/data/home/umang/Materials/Materials_data_mount/datasets/IN718,85,IN718_test_hr_y_block_301.npy,/data/home/umang/Materials/Materials_data_mount/datasets/IN718/Test/HR_Data/IN718_test_hr_y_block_301.npy,128,128,16384,0.011882919818162918,0.0031043891794979572,0.021869439631700516
IN718 (FCC),"LUT + local refinement (12 steps, 8 starts)",/data/home/umang/Materials/Materials_data_mount/datasets/IN718,86,IN718_test_hr_y_block_315.npy,/data/home/umang/Materials/Materials_data_mount/datasets/IN718/Test/HR_Data/IN718_test_hr_y_block_315.npy,128,128,16384,0.01425955444574356,0.0029496450442820787,0.0207965187728405
IN718 (FCC),"LUT + local refinement (12 steps, 8 starts)",/data/home/umang/Materials/Materials_data_mount/datasets/IN718,87,IN718_test_hr_y_block_318.npy,/data/home/umang/Materials/Materials_data_mount/datasets/IN718/Test/HR_Data/IN718_test_hr_y_block_318.npy,128,128,16384,0.012504881247878075,0.0023695153649896383,0.020785050466656685
IN718 (FCC),"LUT + local refinement (12 steps, 8 starts)",/data/home/umang/Materials/Materials_data_mount/datasets/IN718,88,IN718_test_hr_y_block_322.npy,/data/home/umang/Materials/Materials_data_mount/datasets/IN718/Test/HR_Data/IN718_test_hr_y_block_322.npy,128,128,16384,0.012923624366521835,0.003105845768004656,0.020785050466656685
IN718 (FCC),"LUT + local refinement (12 steps, 8 starts)",/data/home/umang/Materials/Materials_data_mount/datasets/IN718,89,IN718_test_hr_y_block_324.npy,/data/home/umang/Materials/Materials_data_mount/datasets/IN718/Test/HR_Data/IN718_test_hr_y_block_324.npy,128,128,16384,0.01193287130445242,0.0031368013005703688,0.020853763446211815
IN718 (FCC),"LUT + local refinement (12 steps, 8 starts)",/data/home/umang/Materials/Materials_data_mount/datasets/IN718,90,IN718_test_hr_y_block_328.npy,/data/home/umang/Materials/Materials_data_mount/datasets/IN718/Test/HR_Data/IN718_test_hr_y_block_328.npy,128,128,16384,0.011721604503691196,0.002524665091186762,0.0224185548722744
IN718 (FCC),"LUT + local refinement (12 steps, 8 starts)",/data/home/umang/Materials/Materials_data_mount/datasets/IN718,91,IN718_test_hr_y_block_373.npy,/data/home/umang/Materials/Materials_data_mount/datasets/IN718/Test/HR_Data/IN718_test_hr_y_block_373.npy,128,128,16384,0.011564494110643864,0.0030440750997513533,0.019036781042814255
IN718 (FCC),"LUT + local refinement (12 steps, 8 starts)",/data/home/umang/Materials/Materials_data_mount/datasets/IN718,92,IN718_test_hr_y_block_375.npy,/data/home/umang/Materials/Materials_data_mount/datasets/IN718/Test/HR_Data/IN718_test_hr_y_block_375.npy,128,128,16384,0.011915719136595726,0.0028830510564148426,0.020865192636847496
IN718 (FCC),"LUT + local refinement (12 steps, 8 starts)",/data/home/umang/Materials/Materials_data_mount/datasets/IN718,93,IN718_test_hr_y_block_38.npy,/data/home/umang/Materials/Materials_data_mount/datasets/IN718/Test/HR_Data/IN718_test_hr_y_block_38.npy,128,128,16384,0.014317989349365234,0.003382397349923849,0.020402999594807625
IN718 (FCC),"LUT + local refinement (12 steps, 8 starts)",/data/home/umang/Materials/Materials_data_mount/datasets/IN718,94,IN718_test_hr_y_block_407.npy,/data/home/umang/Materials/Materials_data_mount/datasets/IN718/Test/HR_Data/IN718_test_hr_y_block_407.npy,128,128,16384,0.011654208414256573,0.0031358241103589535,0.019482437521219254
IN718 (FCC),"LUT + local refinement (12 steps, 8 starts)",/data/home/umang/Materials/Materials_data_mount/datasets/IN718,95,IN718_test_hr_y_block_52.npy,/data/home/umang/Materials/Materials_data_mount/datasets/IN718/Test/HR_Data/IN718_test_hr_y_block_52.npy,128,128,16384,0.011119609698653221,0.0032791991252452135,0.024849791079759598
IN718 (FCC),"LUT + local refinement (12 steps, 8 starts)",/data/home/umang/Materials/Materials_data_mount/datasets/IN718,96,IN718_test_hr_y_block_56.npy,/data/home/umang/Materials/Materials_data_mount/datasets/IN718/Test/HR_Data/IN718_test_hr_y_block_56.npy,128,128,16384,0.01461576297879219,0.0031523394864052534,0.023549268022179604
IN718 (FCC),"LUT + local refinement (12 steps, 8 starts)",/data/home/umang/Materials/Materials_data_mount/datasets/IN718,97,IN718_test_hr_y_block_63.npy,/data/home/umang/Materials/Materials_data_mount/datasets/IN718/Test/HR_Data/IN718_test_hr_y_block_63.npy,128,128,16384,0.009681224822998047,0.0023746329825371504,0.015852270647883415
IN718 (FCC),"LUT + local refinement (12 steps, 8 starts)",/data/home/umang/Materials/Materials_data_mount/datasets/IN718,98,IN718_test_hr_y_block_68.npy,/data/home/umang/Materials/Materials_data_mount/datasets/IN718/Test/HR_Data/IN718_test_hr_y_block_68.npy,128,128,16384,0.011559328064322472,0.0032771702390164137,0.020945027470588684
IN718 (FCC),"LUT + local refinement (12 steps, 8 starts)",/data/home/umang/Materials/Materials_data_mount/datasets/IN718,99,IN718_test_hr_z_block_11.npy,/data/home/umang/Materials/Materials_data_mount/datasets/IN718/Test/HR_Data/IN718_test_hr_z_block_11.npy,128,128,16384,0.012564734555780888,0.003349846927449107,0.02160620503127575
IN718 (FCC),"LUT + local refinement (12 steps, 8 starts)",/data/home/umang/Materials/Materials_data_mount/datasets/IN718,100,IN718_test_hr_z_block_117.npy,/data/home/umang/Materials/Materials_data_mount/datasets/IN718/Test/HR_Data/IN718_test_hr_z_block_117.npy,128,128,16384,0.010423824191093445,0.0029546192381531,0.018618891015648842
IN718 (FCC),"LUT + local refinement (12 steps, 8 starts)",/data/home/umang/Materials/Materials_data_mount/datasets/IN718,101,IN718_test_hr_z_block_125.npy,/data/home/umang/Materials/Materials_data_mount/datasets/IN718/Test/HR_Data/IN718_test_hr_z_block_125.npy,128,128,16384,0.011945175006985664,0.0024808135349303484,0.02004936710000038
IN718 (FCC),"LUT + local refinement (12 steps, 8 starts)",/data/home/umang/Materials/Materials_data_mount/datasets/IN718,102,IN718_test_hr_z_block_144.npy,/data/home/umang/Materials/Materials_data_mount/datasets/IN718/Test/HR_Data/IN718_test_hr_z_block_144.npy,128,128,16384,0.010347126051783562,0.0036161309108138084,0.01951911672949791
IN718 (FCC),"LUT + local refinement (12 steps, 8 starts)",/data/home/umang/Materials/Materials_data_mount/datasets/IN718,103,IN718_test_hr_z_block_155.npy,/data/home/umang/Materials/Materials_data_mount/datasets/IN718/Test/HR_Data/IN718_test_hr_z_block_155.npy,128,128,16384,0.01155756413936615,0.002618710743263364,0.019737759605050087
IN718 (FCC),"LUT + local refinement (12 steps, 8 starts)",/data/home/umang/Materials/Materials_data_mount/datasets/IN718,104,IN718_test_hr_z_block_158.npy,/data/home/umang/Materials/Materials_data_mount/datasets/IN718/Test/HR_Data/IN718_test_hr_z_block_158.npy,128,128,16384,0.011920702643692493,0.0031033367849886417,0.020773576572537422
IN718 (FCC),"LUT + local refinement (12 steps, 8 starts)",/data/home/umang/Materials/Materials_data_mount/datasets/IN718,105,IN718_test_hr_z_block_167.npy,/data/home/umang/Materials/Materials_data_mount/datasets/IN718/Test/HR_Data/IN718_test_hr_z_block_167.npy,128,128,16384,0.011440466158092022,0.0029282718896865845,0.019335025921463966
IN718 (FCC),"LUT + local refinement (12 steps, 8 starts)",/data/home/umang/Materials/Materials_data_mount/datasets/IN718,106,IN718_test_hr_z_block_189.npy,/data/home/umang/Materials/Materials_data_mount/datasets/IN718/Test/HR_Data/IN718_test_hr_z_block_189.npy,128,128,16384,0.011471467092633247,0.003769698552787304,0.022735370323061943
IN718 (FCC),"LUT + local refinement (12 steps, 8 starts)",/data/home/umang/Materials/Materials_data_mount/datasets/IN718,107,IN718_test_hr_z_block_191.npy,/data/home/umang/Materials/Materials_data_mount/datasets/IN718/Test/HR_Data/IN718_test_hr_z_block_191.npy,128,128,16384,0.01102399080991745,0.0036033850628882647,0.02017975226044655
IN718 (FCC),"LUT + local refinement (12 steps, 8 starts)",/data/home/umang/Materials/Materials_data_mount/datasets/IN718,108,IN718_test_hr_z_block_196.npy,/data/home/umang/Materials/Materials_data_mount/datasets/IN718/Test/HR_Data/IN718_test_hr_z_block_196.npy,128,128,16384,0.01230372954159975,0.0037486576475203037,0.022735370323061943
IN718 (FCC),"LUT + local refinement (12 steps, 8 starts)",/data/home/umang/Materials/Materials_data_mount/datasets/IN718,109,IN718_test_hr_z_block_198.npy,/data/home/umang/Materials/Materials_data_mount/datasets/IN718/Test/HR_Data/IN718_test_hr_z_block_198.npy,128,128,16384,0.012695358134806156,0.0033674200531095266,0.023068511858582497
IN718 (FCC),"LUT + local refinement (12 steps, 8 starts)",/data/home/umang/Materials/Materials_data_mount/datasets/IN718,110,IN718_test_hr_z_block_223.npy,/data/home/umang/Materials/Materials_data_mount/datasets/IN718/Test/HR_Data/IN718_test_hr_z_block_223.npy,128,128,16384,0.01105389092117548,0.0028852210380136967,0.02065848559141159
IN718 (FCC),"LUT + local refinement (12 steps, 8 starts)",/data/home/umang/Materials/Materials_data_mount/datasets/IN718,111,IN718_test_hr_z_block_238.npy,/data/home/umang/Materials/Materials_data_mount/datasets/IN718/Test/HR_Data/IN718_test_hr_z_block_238.npy,128,128,16384,0.013153869658708572,0.0034401961602270603,0.022735370323061943
IN718 (FCC),"LUT + local refinement (12 steps, 8 starts)",/data/home/umang/Materials/Materials_data_mount/datasets/IN718,112,IN718_test_hr_z_block_243.npy,/data/home/umang/Materials/Materials_data_mount/datasets/IN718/Test/HR_Data/IN718_test_hr_z_block_243.npy,128,128,16384,0.012847952544689178,0.0028643684927374125,0.022735370323061943
IN718 (FCC),"LUT + local refinement (12 steps, 8 starts)",/data/home/umang/Materials/Materials_data_mount/datasets/IN718,113,IN718_test_hr_z_block_25.npy,/data/home/umang/Materials/Materials_data_mount/datasets/IN718/Test/HR_Data/IN718_test_hr_z_block_25.npy,128,128,16384,0.011627169325947762,0.0029126720037311316,0.01923612505197525
IN718 (FCC),"LUT + local refinement (12 steps, 8 starts)",/data/home/umang/Materials/Materials_data_mount/datasets/IN718,114,IN718_test_hr_z_block_255.npy,/data/home/umang/Materials/Materials_data_mount/datasets/IN718/Test/HR_Data/IN718_test_hr_z_block_255.npy,128,128,16384,0.011874159798026085,0.0036263454239815474,0.022735370323061943
IN718 (FCC),"LUT + local refinement (12 steps, 8 starts)",/data/home/umang/Materials/Materials_data_mount/datasets/IN718,115,IN718_test_hr_z_block_261.npy,/data/home/umang/Materials/Materials_data_mount/datasets/IN718/Test/HR_Data/IN718_test_hr_z_block_261.npy,128,128,16384,0.010884593240916729,0.002316027646884322,0.020785050466656685
IN718 (FCC),"LUT + local refinement (12 steps, 8 starts)",/data/home/umang/Materials/Materials_data_mount/datasets/IN718,116,IN718_test_hr_z_block_271.npy,/data/home/umang/Materials/Materials_data_mount/datasets/IN718/Test/HR_Data/IN718_test_hr_z_block_271.npy,128,128,16384,0.01047852635383606,0.0021085438784211874,0.01763235218822956
IN718 (FCC),"LUT + local refinement (12 steps, 8 starts)",/data/home/umang/Materials/Materials_data_mount/datasets/IN718,117,IN718_test_hr_z_block_282.npy,/data/home/umang/Materials/Materials_data_mount/datasets/IN718/Test/HR_Data/IN718_test_hr_z_block_282.npy,128,128,16384,0.011103548109531403,0.0030364401172846556,0.02141779102385044
IN718 (FCC),"LUT + local refinement (12 steps, 8 starts)",/data/home/umang/Materials/Materials_data_mount/datasets/IN718,118,IN718_test_hr_z_block_30.npy,/data/home/umang/Materials/Materials_data_mount/datasets/IN718/Test/HR_Data/IN718_test_hr_z_block_30.npy,128,128,16384,0.010949905030429363,0.0030521496664732695,0.020716112107038498
IN718 (FCC),"LUT + local refinement (12 steps, 8 starts)",/data/home/umang/Materials/Materials_data_mount/datasets/IN718,119,IN718_test_hr_z_block_345.npy,/data/home/umang/Materials/Materials_data_mount/datasets/IN718/Test/HR_Data/IN718_test_hr_z_block_345.npy,128,128,16384,0.01226123422384262,0.00287802005186677,0.023599836975336075
IN718 (FCC),"LUT + local refinement (12 steps, 8 starts)",/data/home/umang/Materials/Materials_data_mount/datasets/IN718,120,IN718_test_hr_z_block_349.npy,/data/home/umang/Materials/Materials_data_mount/datasets/IN718/Test/HR_Data/IN718_test_hr_z_block_349.npy,128,128,16384,0.012817439623177052,0.003002278273925185,0.019894173368811607
IN718 (FCC),"LUT + local refinement (12 steps, 8 starts)",/data/home/umang/Materials/Materials_data_mount/datasets/IN718,121,IN718_test_hr_z_block_353.npy,/data/home/umang/Materials/Materials_data_mount/datasets/IN718/Test/HR_Data/IN718_test_hr_z_block_353.npy,128,128,16384,0.011592524126172066,0.003286981489509344,0.019555727019906044
IN718 (FCC),"LUT + local refinement (12 steps, 8 starts)",/data/home/umang/Materials/Materials_data_mount/datasets/IN718,122,IN718_test_hr_z_block_356.npy,/data/home/umang/Materials/Materials_data_mount/datasets/IN718/Test/HR_Data/IN718_test_hr_z_block_356.npy,128,128,16384,0.012685109861195087,0.003368181874975562,0.018490392714738846
IN718 (FCC),"LUT + local refinement (12 steps, 8 starts)",/data/home/umang/Materials/Materials_data_mount/datasets/IN718,123,IN718_test_hr_z_block_376.npy,/data/home/umang/Materials/Materials_data_mount/datasets/IN718/Test/HR_Data/IN718_test_hr_z_block_376.npy,128,128,16384,0.011538660153746605,0.0025728812906891108,0.020785050466656685
IN718 (FCC),"LUT + local refinement (12 steps, 8 starts)",/data/home/umang/Materials/Materials_data_mount/datasets/IN718,124,IN718_test_hr_z_block_385.npy,/data/home/umang/Materials/Materials_data_mount/datasets/IN718/Test/HR_Data/IN718_test_hr_z_block_385.npy,128,128,16384,0.012634116224944592,0.002458440838381648,0.021891234442591667
IN718 (FCC),"LUT + local refinement (12 steps, 8 starts)",/data/home/umang/Materials/Materials_data_mount/datasets/IN718,125,IN718_test_hr_z_block_386.npy,/data/home/umang/Materials/Materials_data_mount/datasets/IN718/Test/HR_Data/IN718_test_hr_z_block_386.npy,128,128,16384,0.011862574145197868,0.0032681755255907774,0.022215569391846657
IN718 (FCC),"LUT + local refinement (12 steps, 8 starts)",/data/home/umang/Materials/Materials_data_mount/datasets/IN718,126,IN718_test_hr_z_block_415.npy,/data/home/umang/Materials/Materials_data_mount/datasets/IN718/Test/HR_Data/IN718_test_hr_z_block_415.npy,128,128,16384,0.011229777708649635,0.0025877594016492367,0.01870831474661827
IN718 (FCC),"LUT + local refinement (12 steps, 8 starts)",/data/home/umang/Materials/Materials_data_mount/datasets/IN718,127,IN718_test_hr_z_block_419.npy,/data/home/umang/Materials/Materials_data_mount/datasets/IN718/Test/HR_Data/IN718_test_hr_z_block_419.npy,128,128,16384,0.010321216657757759,0.003113604849204421,0.02015610784292221
IN718 (FCC),"LUT + local refinement (12 steps, 8 starts)",/data/home/umang/Materials/Materials_data_mount/datasets/IN718,128,IN718_test_hr_z_block_421.npy,/data/home/umang/Materials/Materials_data_mount/datasets/IN718/Test/HR_Data/IN718_test_hr_z_block_421.npy,128,128,16384,0.011095196008682251,0.002254800871014595,0.018243756145238876
IN718 (FCC),"LUT + local refinement (12 steps, 8 starts)",/data/home/umang/Materials/Materials_data_mount/datasets/IN718,129,IN718_test_hr_z_block_436.npy,/data/home/umang/Materials/Materials_data_mount/datasets/IN718/Test/HR_Data/IN718_test_hr_z_block_436.npy,128,128,16384,0.01061925757676363,0.0032040055375546217,0.019260898232460022
IN718 (FCC),"LUT + local refinement (12 steps, 8 starts)",/data/home/umang/Materials/Materials_data_mount/datasets/IN718,130,IN718_test_hr_z_block_453.npy,/data/home/umang/Materials/Materials_data_mount/datasets/IN718/Test/HR_Data/IN718_test_hr_z_block_453.npy,128,128,16384,0.012511437758803368,0.0034304922446608543,0.02081943489611149
IN718 (FCC),"LUT + local refinement (12 steps, 8 starts)",/data/home/umang/Materials/Materials_data_mount/datasets/IN718,131,IN718_test_hr_z_block_458.npy,/data/home/umang/Materials/Materials_data_mount/datasets/IN718/Test/HR_Data/IN718_test_hr_z_block_458.npy,128,128,16384,0.011386188678443432,0.0030918826814740896,0.021001867949962616
IN718 (FCC),"LUT + local refinement (12 steps, 8 starts)",/data/home/umang/Materials/Materials_data_mount/datasets/IN718,132,IN718_test_hr_z_block_461.npy,/data/home/umang/Materials/Materials_data_mount/datasets/IN718/Test/HR_Data/IN718_test_hr_z_block_461.npy,128,128,16384,0.013266481459140778,0.002892514690756798,0.021160203963518143
IN718 (FCC),"LUT + local refinement (12 steps, 8 starts)",/data/home/umang/Materials/Materials_data_mount/datasets/IN718,133,IN718_test_hr_z_block_468.npy,/data/home/umang/Materials/Materials_data_mount/datasets/IN718/Test/HR_Data/IN718_test_hr_z_block_468.npy,128,128,16384,0.013544740155339241,0.0031985684763640165,0.021160203963518143
IN718 (FCC),"LUT + local refinement (12 steps, 8 starts)",/data/home/umang/Materials/Materials_data_mount/datasets/IN718,134,IN718_test_hr_z_block_474.npy,/data/home/umang/Materials/Materials_data_mount/datasets/IN718/Test/HR_Data/IN718_test_hr_z_block_474.npy,128,128,16384,0.011781089007854462,0.0030468918848782778,0.01917405053973198
IN718 (FCC),"LUT + local refinement (12 steps, 8 starts)",/data/home/umang/Materials/Materials_data_mount/datasets/IN718,135,IN718_test_hr_z_block_480.npy,/data/home/umang/Materials/Materials_data_mount/datasets/IN718/Test/HR_Data/IN718_test_hr_z_block_480.npy,128,128,16384,0.011331772431731224,0.0022965159732848406,0.018554754555225372
IN718 (FCC),"LUT + local refinement (12 steps, 8 starts)",/data/home/umang/Materials/Materials_data_mount/datasets/IN718,136,IN718_test_hr_z_block_489.npy,/data/home/umang/Materials/Materials_data_mount/datasets/IN718/Test/HR_Data/IN718_test_hr_z_block_489.npy,128,128,16384,0.012616237625479698,0.0027234640438109636,0.020681554451584816
IN718 (FCC),"LUT + local refinement (12 steps, 8 starts)",/data/home/umang/Materials/Materials_data_mount/datasets/IN718,137,IN718_test_hr_z_block_490.npy,/data/home/umang/Materials/Materials_data_mount/datasets/IN718/Test/HR_Data/IN718_test_hr_z_block_490.npy,128,128,16384,0.01194651797413826,0.0035083405673503876,0.02028580754995346
IN718 (FCC),"LUT + local refinement (12 steps, 8 starts)",/data/home/umang/Materials/Materials_data_mount/datasets/IN718,138,IN718_test_hr_z_block_497.npy,/data/home/umang/Materials/Materials_data_mount/datasets/IN718/Test/HR_Data/IN718_test_hr_z_block_497.npy,128,128,16384,0.011925402097404003,0.0029769379179924726,0.02028580754995346
IN718 (FCC),"LUT + local refinement (12 steps, 8 starts)",/data/home/umang/Materials/Materials_data_mount/datasets/IN718,139,IN718_test_hr_z_block_521.npy,/data/home/umang/Materials/Materials_data_mount/datasets/IN718/Test/HR_Data/IN718_test_hr_z_block_521.npy,128,128,16384,0.011868387460708618,0.003027754370123148,0.020215164870023727
IN718 (FCC),"LUT + local refinement (12 steps, 8 starts)",/data/home/umang/Materials/Materials_data_mount/datasets/IN718,140,IN718_test_hr_z_block_57.npy,/data/home/umang/Materials/Materials_data_mount/datasets/IN718/Test/HR_Data/IN718_test_hr_z_block_57.npy,128,128,16384,0.010583708062767982,0.0036726067773997784,0.019161611795425415
IN718 (FCC),"LUT + local refinement (12 steps, 8 starts)",/data/home/umang/Materials/Materials_data_mount/datasets/IN718,141,IN718_test_hr_z_block_6.npy,/data/home/umang/Materials/Materials_data_mount/datasets/IN718/Test/HR_Data/IN718_test_hr_z_block_6.npy,128,128,16384,0.012182598933577538,0.0033708736300468445,0.020762097090482712
IN718 (FCC),"LUT + local refinement (12 steps, 8 starts)",/data/home/umang/Materials/Materials_data_mount/datasets/IN718,142,IN718_test_hr_z_block_62.npy,/data/home/umang/Materials/Materials_data_mount/datasets/IN718/Test/HR_Data/IN718_test_hr_z_block_62.npy,128,128,16384,0.012663113884627819,0.0032065606210380793,0.021035896614193916
IN718 (FCC),"LUT + local refinement (12 steps, 8 starts)",/data/home/umang/Materials/Materials_data_mount/datasets/IN718,143,IN718_test_hr_z_block_72.npy,/data/home/umang/Materials/Materials_data_mount/datasets/IN718/Test/HR_Data/IN718_test_hr_z_block_72.npy,128,128,16384,0.01182165089994669,0.0034980454947799444,0.019786017015576363
IN718 (FCC),"LUT + local refinement (12 steps, 8 starts)",/data/home/umang/Materials/Materials_data_mount/datasets/IN718,144,IN718_test_hr_z_block_77.npy,/data/home/umang/Materials/Materials_data_mount/datasets/IN718/Test/HR_Data/IN718_test_hr_z_block_77.npy,128,128,16384,0.011872498318552971,0.003323829732835293,0.018948907032608986
IN718 (FCC),"LUT + local refinement (12 steps, 8 starts)",/data/home/umang/Materials/Materials_data_mount/datasets/IN718,145,IN718_test_hr_z_block_78.npy,/data/home/umang/Materials/Materials_data_mount/datasets/IN718/Test/HR_Data/IN718_test_hr_z_block_78.npy,128,128,16384,0.011517596431076527,0.002806865144520998,0.019846176728606224
IN718 (FCC),"LUT + local refinement (12 steps, 8 starts)",/data/home/umang/Materials/Materials_data_mount/datasets/IN718,146,IN718_test_hr_z_block_83.npy,/data/home/umang/Materials/Materials_data_mount/datasets/IN718/Test/HR_Data/IN718_test_hr_z_block_83.npy,128,128,16384,0.011107216589152813,0.0034996760077774525,0.01943342387676239
Ti-6Al-4V (HCP),LUT lookup only (no refinement),/data/home/umang/Materials/Materials_data_mount/datasets/Ti_Al_1pct_QSR_x4,0,Ti_Al_1pct_QSR_x4_test_hr_x_block_102.npy,/data/home/umang/Materials/Materials_data_mount/datasets/Ti_Al_1pct_QSR_x4/Test/HR_Data/Ti_Al_1pct_QSR_x4_test_hr_x_block_102.npy,128,128,16384,0.0074579231441020966,0.002243797993287444,0.013010679744184017
Ti-6Al-4V (HCP),LUT lookup only (no refinement),/data/home/umang/Materials/Materials_data_mount/datasets/Ti_Al_1pct_QSR_x4,1,Ti_Al_1pct_QSR_x4_test_hr_x_block_110.npy,/data/home/umang/Materials/Materials_data_mount/datasets/Ti_Al_1pct_QSR_x4/Test/HR_Data/Ti_Al_1pct_QSR_x4_test_hr_x_block_110.npy,128,128,16384,0.00758427195250988,0.0022486781235784292,0.01500227302312851
Ti-6Al-4V (HCP),LUT lookup only (no refinement),/data/home/umang/Materials/Materials_data_mount/datasets/Ti_Al_1pct_QSR_x4,2,Ti_Al_1pct_QSR_x4_test_hr_x_block_116.npy,/data/home/umang/Materials/Materials_data_mount/datasets/Ti_Al_1pct_QSR_x4/Test/HR_Data/Ti_Al_1pct_QSR_x4_test_hr_x_block_116.npy,128,128,16384,0.007303196936845779,0.002391720423474908,0.019580096006393433
Ti-6Al-4V (HCP),LUT lookup only (no refinement),/data/home/umang/Materials/Materials_data_mount/datasets/Ti_Al_1pct_QSR_x4,3,Ti_Al_1pct_QSR_x4_test_hr_x_block_118.npy,/data/home/umang/Materials/Materials_data_mount/datasets/Ti_Al_1pct_QSR_x4/Test/HR_Data/Ti_Al_1pct_QSR_x4_test_hr_x_block_118.npy,128,128,16384,0.007287546060979366,0.002431594766676426,0.016471851617097855
Ti-6Al-4V (HCP),LUT lookup only (no refinement),/data/home/umang/Materials/Materials_data_mount/datasets/Ti_Al_1pct_QSR_x4,4,Ti_Al_1pct_QSR_x4_test_hr_x_block_132.npy,/data/home/umang/Materials/Materials_data_mount/datasets/Ti_Al_1pct_QSR_x4/Test/HR_Data/Ti_Al_1pct_QSR_x4_test_hr_x_block_132.npy,128,128,16384,0.00786788109689951,0.0025524324737489223,0.013601968064904213
Ti-6Al-4V (HCP),LUT lookup only (no refinement),/data/home/umang/Materials/Materials_data_mount/datasets/Ti_Al_1pct_QSR_x4,5,Ti_Al_1pct_QSR_x4_test_hr_x_block_133.npy,/data/home/umang/Materials/Materials_data_mount/datasets/Ti_Al_1pct_QSR_x4/Test/HR_Data/Ti_Al_1pct_QSR_x4_test_hr_x_block_133.npy,128,128,16384,0.007002269383519888,0.002121654571965337,0.012900261208415031
Ti-6Al-4V (HCP),LUT lookup only (no refinement),/data/home/umang/Materials/Materials_data_mount/datasets/Ti_Al_1pct_QSR_x4,6,Ti_Al_1pct_QSR_x4_test_hr_x_block_136.npy,/data/home/umang/Materials/Materials_data_mount/datasets/Ti_Al_1pct_QSR_x4/Test/HR_Data/Ti_Al_1pct_QSR_x4_test_hr_x_block_136.npy,128,128,16384,0.007069861050695181,0.0021617671009153128,0.012973977252840996
Ti-6Al-4V (HCP),LUT lookup only (no refinement),/data/home/umang/Materials/Materials_data_mount/datasets/Ti_Al_1pct_QSR_x4,7,Ti_Al_1pct_QSR_x4_test_hr_x_block_146.npy,/data/home/umang/Materials/Materials_data_mount/datasets/Ti_Al_1pct_QSR_x4/Test/HR_Data/Ti_Al_1pct_QSR_x4_test_hr_x_block_146.npy,128,128,16384,0.007817910984158516,0.0022603091783821583,0.013514041900634766
Ti-6Al-4V (HCP),LUT lookup only (no refinement),/data/home/umang/Materials/Materials_data_mount/datasets/Ti_Al_1pct_QSR_x4,8,Ti_Al_1pct_QSR_x4_test_hr_x_block_148.npy,/data/home/umang/Materials/Materials_data_mount/datasets/Ti_Al_1pct_QSR_x4/Test/HR_Data/Ti_Al_1pct_QSR_x4_test_hr_x_block_148.npy,128,128,16384,0.007103561423718929,0.0022883880883455276,0.012676539830863476
Ti-6Al-4V (HCP),LUT lookup only (no refinement),/data/home/umang/Materials/Materials_data_mount/datasets/Ti_Al_1pct_QSR_x4,9,Ti_Al_1pct_QSR_x4_test_hr_x_block_155.npy,/data/home/umang/Materials/Materials_data_mount/datasets/Ti_Al_1pct_QSR_x4/Test/HR_Data/Ti_Al_1pct_QSR_x4_test_hr_x_block_155.npy,128,128,16384,0.007943416945636272,0.00235253875143826,0.013336450792849064
Ti-6Al-4V (HCP),LUT lookup only (no refinement),/data/home/umang/Materials/Materials_data_mount/datasets/Ti_Al_1pct_QSR_x4,10,Ti_Al_1pct_QSR_x4_test_hr_x_block_165.npy,/data/home/umang/Materials/Materials_data_mount/datasets/Ti_Al_1pct_QSR_x4/Test/HR_Data/Ti_Al_1pct_QSR_x4_test_hr_x_block_165.npy,128,128,16384,0.00816783495247364,0.002316506113857031,0.013300647959113121
Ti-6Al-4V (HCP),LUT lookup only (no refinement),/data/home/umang/Materials/Materials_data_mount/datasets/Ti_Al_1pct_QSR_x4,11,Ti_Al_1pct_QSR_x4_test_hr_x_block_176.npy,/data/home/umang/Materials/Materials_data_mount/datasets/Ti_Al_1pct_QSR_x4/Test/HR_Data/Ti_Al_1pct_QSR_x4_test_hr_x_block_176.npy,128,128,16384,0.008516745641827583,0.0021910264622420073,0.013282710686326027
Ti-6Al-4V (HCP),LUT lookup only (no refinement),/data/home/umang/Materials/Materials_data_mount/datasets/Ti_Al_1pct_QSR_x4,12,Ti_Al_1pct_QSR_x4_test_hr_x_block_179.npy,/data/home/umang/Materials/Materials_data_mount/datasets/Ti_Al_1pct_QSR_x4/Test/HR_Data/Ti_Al_1pct_QSR_x4_test_hr_x_block_179.npy,128,128,16384,0.00856498908251524,0.002189721679314971,0.01313832774758339
Ti-6Al-4V (HCP),LUT lookup only (no refinement),/data/home/umang/Materials/Materials_data_mount/datasets/Ti_Al_1pct_QSR_x4,13,Ti_Al_1pct_QSR_x4_test_hr_x_block_181.npy,/data/home/umang/Materials/Materials_data_mount/datasets/Ti_Al_1pct_QSR_x4/Test/HR_Data/Ti_Al_1pct_QSR_x4_test_hr_x_block_181.npy,128,128,16384,0.008485703729093075,0.0022615103516727686,0.015563883818686008
Ti-6Al-4V (HCP),LUT lookup only (no refinement),/data/home/umang/Materials/Materials_data_mount/datasets/Ti_Al_1pct_QSR_x4,14,Ti_Al_1pct_QSR_x4_test_hr_x_block_221.npy,/data/home/umang/Materials/Materials_data_mount/datasets/Ti_Al_1pct_QSR_x4/Test/HR_Data/Ti_Al_1pct_QSR_x4_test_hr_x_block_221.npy,128,128,16384,0.008543593809008598,0.0020265313796699047,0.013372157700359821
Ti-6Al-4V (HCP),LUT lookup only (no refinement),/data/home/umang/Materials/Materials_data_mount/datasets/Ti_Al_1pct_QSR_x4,15,Ti_Al_1pct_QSR_x4_test_hr_x_block_225.npy,/data/home/umang/Materials/Materials_data_mount/datasets/Ti_Al_1pct_QSR_x4/Test/HR_Data/Ti_Al_1pct_QSR_x4_test_hr_x_block_225.npy,128,128,16384,0.008395752869546413,0.0022270248737186193,0.013210716657340527
Ti-6Al-4V (HCP),LUT lookup only (no refinement),/data/home/umang/Materials/Materials_data_mount/datasets/Ti_Al_1pct_QSR_x4,16,Ti_Al_1pct_QSR_x4_test_hr_x_block_238.npy,/data/home/umang/Materials/Materials_data_mount/datasets/Ti_Al_1pct_QSR_x4/Test/HR_Data/Ti_Al_1pct_QSR_x4_test_hr_x_block_238.npy,128,128,16384,0.008629382587969303,0.0021653661970049143,0.013531672768294811
Ti-6Al-4V (HCP),LUT lookup only (no refinement),/data/home/umang/Materials/Materials_data_mount/datasets/Ti_Al_1pct_QSR_x4,17,Ti_Al_1pct_QSR_x4_test_hr_x_block_243.npy,/data/home/umang/Materials/Materials_data_mount/datasets/Ti_Al_1pct_QSR_x4/Test/HR_Data/Ti_Al_1pct_QSR_x4_test_hr_x_block_243.npy,128,128,16384,0.008037429302930832,0.0023334058932960033,0.013654450885951519
Ti-6Al-4V (HCP),LUT lookup only (no refinement),/data/home/umang/Materials/Materials_data_mount/datasets/Ti_Al_1pct_QSR_x4,18,Ti_Al_1pct_QSR_x4_test_hr_x_block_262.npy,/data/home/umang/Materials/Materials_data_mount/datasets/Ti_Al_1pct_QSR_x4/Test/HR_Data/Ti_Al_1pct_QSR_x4_test_hr_x_block_262.npy,128,128,16384,0.00788185652345419,0.0021917596459388733,0.01313832774758339
Ti-6Al-4V (HCP),LUT lookup only (no refinement),/data/home/umang/Materials/Materials_data_mount/datasets/Ti_Al_1pct_QSR_x4,19,Ti_Al_1pct_QSR_x4_test_hr_x_block_274.npy,/data/home/umang/Materials/Materials_data_mount/datasets/Ti_Al_1pct_QSR_x4/Test/HR_Data/Ti_Al_1pct_QSR_x4_test_hr_x_block_274.npy,128,128,16384,0.008350743912160397,0.0020551264751702547,0.013566865585744381
Ti-6Al-4V (HCP),LUT lookup only (no refinement),/data/home/umang/Materials/Materials_data_mount/datasets/Ti_Al_1pct_QSR_x4,20,Ti_Al_1pct_QSR_x4_test_hr_x_block_276.npy,/data/home/umang/Materials/Materials_data_mount/datasets/Ti_Al_1pct_QSR_x4/Test/HR_Data/Ti_Al_1pct_QSR_x4_test_hr_x_block_276.npy,128,128,16384,0.00808448065072298,0.0021102484315633774,0.013246762566268444
Ti-6Al-4V (HCP),LUT lookup only (no refinement),/data/home/umang/Materials/Materials_data_mount/datasets/Ti_Al_1pct_QSR_x4,21,Ti_Al_1pct_QSR_x4_test_hr_x_block_278.npy,/data/home/umang/Materials/Materials_data_mount/datasets/Ti_Al_1pct_QSR_x4/Test/HR_Data/Ti_Al_1pct_QSR_x4_test_hr_x_block_278.npy,128,128,16384,0.00780492415651679,0.0021534496918320656,0.013566865585744381
Ti-6Al-4V (HCP),LUT lookup only (no refinement),/data/home/umang/Materials/Materials_data_mount/datasets/Ti_Al_1pct_QSR_x4,22,Ti_Al_1pct_QSR_x4_test_hr_x_block_279.npy,/data/home/umang/Materials/Materials_data_mount/datasets/Ti_Al_1pct_QSR_x4/Test/HR_Data/Ti_Al_1pct_QSR_x4_test_hr_x_block_279.npy,128,128,16384,0.00834386982023716,0.002054017735645175,0.013531672768294811
Ti-6Al-4V (HCP),LUT lookup only (no refinement),/data/home/umang/Materials/Materials_data_mount/datasets/Ti_Al_1pct_QSR_x4,23,Ti_Al_1pct_QSR_x4_test_hr_x_block_281.npy,/data/home/umang/Materials/Materials_data_mount/datasets/Ti_Al_1pct_QSR_x4/Test/HR_Data/Ti_Al_1pct_QSR_x4_test_hr_x_block_281.npy,128,128,16384,0.00762680871412158,0.0021815740037709475,0.013246762566268444
Ti-6Al-4V (HCP),LUT lookup only (no refinement),/data/home/umang/Materials/Materials_data_mount/datasets/Ti_Al_1pct_QSR_x4,24,Ti_Al_1pct_QSR_x4_test_hr_x_block_301.npy,/data/home/umang/Materials/Materials_data_mount/datasets/Ti_Al_1pct_QSR_x4/Test/HR_Data/Ti_Al_1pct_QSR_x4_test_hr_x_block_301.npy,128,128,16384,0.007032429799437523,0.002413903595879674,0.013601968064904213
Ti-6Al-4V (HCP),LUT lookup only (no refinement),/data/home/umang/Materials/Materials_data_mount/datasets/Ti_Al_1pct_QSR_x4,25,Ti_Al_1pct_QSR_x4_test_hr_x_block_305.npy,/data/home/umang/Materials/Materials_data_mount/datasets/Ti_Al_1pct_QSR_x4/Test/HR_Data/Ti_Al_1pct_QSR_x4_test_hr_x_block_305.npy,128,128,16384,0.006980316247791052,0.0023064827546477318,0.013913901522755623
Ti-6Al-4V (HCP),LUT lookup only (no refinement),/data/home/umang/Materials/Materials_data_mount/datasets/Ti_Al_1pct_QSR_x4,26,Ti_Al_1pct_QSR_x4_test_hr_x_block_327.npy,/data/home/umang/Materials/Materials_data_mount/datasets/Ti_Al_1pct_QSR_x4/Test/HR_Data/Ti_Al_1pct_QSR_x4_test_hr_x_block_327.npy,128,128,16384,0.0068823350593447685,0.0023427712731063366,0.013671902008354664
Ti-6Al-4V (HCP),LUT lookup only (no refinement),/data/home/umang/Materials/Materials_data_mount/datasets/Ti_Al_1pct_QSR_x4,27,Ti_Al_1pct_QSR_x4_test_hr_x_block_328.npy,/data/home/umang/Materials/Materials_data_mount/datasets/Ti_Al_1pct_QSR_x4/Test/HR_Data/Ti_Al_1pct_QSR_x4_test_hr_x_block_328.npy,128,128,16384,0.00813312828540802,0.002270602388307452,0.013948130421340466
Ti-6Al-4V (HCP),LUT lookup only (no refinement),/data/home/umang/Materials/Materials_data_mount/datasets/Ti_Al_1pct_QSR_x4,28,Ti_Al_1pct_QSR_x4_test_hr_x_block_337.npy,/data/home/umang/Materials/Materials_data_mount/datasets/Ti_Al_1pct_QSR_x4/Test/HR_Data/Ti_Al_1pct_QSR_x4_test_hr_x_block_337.npy,128,128,16384,0.00784918013960123,0.0022365585900843143,0.013810706324875355
Ti-6Al-4V (HCP),LUT lookup only (no refinement),/data/home/umang/Materials/Materials_data_mount/datasets/Ti_Al_1pct_QSR_x4,29,Ti_Al_1pct_QSR_x4_test_hr_x_block_353.npy,/data/home/umang/Materials/Materials_data_mount/datasets/Ti_Al_1pct_QSR_x4/Test/HR_Data/Ti_Al_1pct_QSR_x4_test_hr_x_block_353.npy,128,128,16384,0.007486701477319002,0.0021621286869049072,0.013246762566268444
Ti-6Al-4V (HCP),LUT lookup only (no refinement),/data/home/umang/Materials/Materials_data_mount/datasets/Ti_Al_1pct_QSR_x4,30,Ti_Al_1pct_QSR_x4_test_hr_x_block_357.npy,/data/home/umang/Materials/Materials_data_mount/datasets/Ti_Al_1pct_QSR_x4/Test/HR_Data/Ti_Al_1pct_QSR_x4_test_hr_x_block_357.npy,128,128,16384,0.007494409568607807,0.002161100972443819,0.013372157700359821
Ti-6Al-4V (HCP),LUT lookup only (no refinement),/data/home/umang/Materials/Materials_data_mount/datasets/Ti_Al_1pct_QSR_x4,31,Ti_Al_1pct_QSR_x4_test_hr_x_block_375.npy,/data/home/umang/Materials/Materials_data_mount/datasets/Ti_Al_1pct_QSR_x4/Test/HR_Data/Ti_Al_1pct_QSR_x4_test_hr_x_block_375.npy,128,128,16384,0.008813770487904549,0.002205534605309367,0.013531672768294811
Ti-6Al-4V (HCP),LUT lookup only (no refinement),/data/home/umang/Materials/Materials_data_mount/datasets/Ti_Al_1pct_QSR_x4,32,Ti_Al_1pct_QSR_x4_test_hr_x_block_384.npy,/data/home/umang/Materials/Materials_data_mount/datasets/Ti_Al_1pct_QSR_x4/Test/HR_Data/Ti_Al_1pct_QSR_x4_test_hr_x_block_384.npy,128,128,16384,0.009308665059506893,0.0021860499400645494,0.013601968064904213
Ti-6Al-4V (HCP),LUT lookup only (no refinement),/data/home/umang/Materials/Materials_data_mount/datasets/Ti_Al_1pct_QSR_x4,33,Ti_Al_1pct_QSR_x4_test_hr_x_block_394.npy,/data/home/umang/Materials/Materials_data_mount/datasets/Ti_Al_1pct_QSR_x4/Test/HR_Data/Ti_Al_1pct_QSR_x4_test_hr_x_block_394.npy,128,128,16384,0.008245745673775673,0.0025452515110373497,0.013913901522755623
Ti-6Al-4V (HCP),LUT lookup only (no refinement),/data/home/umang/Materials/Materials_data_mount/datasets/Ti_Al_1pct_QSR_x4,34,Ti_Al_1pct_QSR_x4_test_hr_x_block_399.npy,/data/home/umang/Materials/Materials_data_mount/datasets/Ti_Al_1pct_QSR_x4/Test/HR_Data/Ti_Al_1pct_QSR_x4_test_hr_x_block_399.npy,128,128,16384,0.008702822029590607,0.002468787133693695,0.01401633769273758
Ti-6Al-4V (HCP),LUT lookup only (no refinement),/data/home/umang/Materials/Materials_data_mount/datasets/Ti_Al_1pct_QSR_x4,35,Ti_Al_1pct_QSR_x4_test_hr_x_block_410.npy,/data/home/umang/Materials/Materials_data_mount/datasets/Ti_Al_1pct_QSR_x4/Test/HR_Data/Ti_Al_1pct_QSR_x4_test_hr_x_block_410.npy,128,128,16384,0.00640911003574729,0.0022288914769887924,0.013354316353797913
Ti-6Al-4V (HCP),LUT lookup only (no refinement),/data/home/umang/Materials/Materials_data_mount/datasets/Ti_Al_1pct_QSR_x4,36,Ti_Al_1pct_QSR_x4_test_hr_x_block_437.npy,/data/home/umang/Materials/Materials_data_mount/datasets/Ti_Al_1pct_QSR_x4/Test/HR_Data/Ti_Al_1pct_QSR_x4_test_hr_x_block_437.npy,128,128,16384,0.006496774032711983,0.0022954645100980997,0.018657267093658447
Ti-6Al-4V (HCP),LUT lookup only (no refinement),/data/home/umang/Materials/Materials_data_mount/datasets/Ti_Al_1pct_QSR_x4,37,Ti_Al_1pct_QSR_x4_test_hr_x_block_469.npy,/data/home/umang/Materials/Materials_data_mount/datasets/Ti_Al_1pct_QSR_x4/Test/HR_Data/Ti_Al_1pct_QSR_x4_test_hr_x_block_469.npy,128,128,16384,0.00696944585070014,0.0028434977866709232,0.019384289160370827
Ti-6Al-4V (HCP),LUT lookup only (no refinement),/data/home/umang/Materials/Materials_data_mount/datasets/Ti_Al_1pct_QSR_x4,38,Ti_Al_1pct_QSR_x4_test_hr_x_block_475.npy,/data/home/umang/Materials/Materials_data_mount/datasets/Ti_Al_1pct_QSR_x4/Test/HR_Data/Ti_Al_1pct_QSR_x4_test_hr_x_block_475.npy,128,128,16384,0.00823566410690546,0.0020622422453016043,0.013156462460756302
Ti-6Al-4V (HCP),LUT lookup only (no refinement),/data/home/umang/Materials/Materials_data_mount/datasets/Ti_Al_1pct_QSR_x4,39,Ti_Al_1pct_QSR_x4_test_hr_x_block_478.npy,/data/home/umang/Materials/Materials_data_mount/datasets/Ti_Al_1pct_QSR_x4/Test/HR_Data/Ti_Al_1pct_QSR_x4_test_hr_x_block_478.npy,128,128,16384,0.007099083159118891,0.0027248128317296505,0.017138654366135597
Ti-6Al-4V (HCP),LUT lookup only (no refinement),/data/home/umang/Materials/Materials_data_mount/datasets/Ti_Al_1pct_QSR_x4,40,Ti_Al_1pct_QSR_x4_test_hr_x_block_484.npy,/data/home/umang/Materials/Materials_data_mount/datasets/Ti_Al_1pct_QSR_x4/Test/HR_Data/Ti_Al_1pct_QSR_x4_test_hr_x_block_484.npy,128,128,16384,0.006960870232433081,0.0027724294923245907,0.012937172316014767
Ti-6Al-4V (HCP),LUT lookup only (no refinement),/data/home/umang/Materials/Materials_data_mount/datasets/Ti_Al_1pct_QSR_x4,41,Ti_Al_1pct_QSR_x4_test_hr_x_block_510.npy,/data/home/umang/Materials/Materials_data_mount/datasets/Ti_Al_1pct_QSR_x4/Test/HR_Data/Ti_Al_1pct_QSR_x4_test_hr_x_block_510.npy,128,128,16384,0.007532239891588688,0.0026345932856202126,0.01911177672445774
Ti-6Al-4V (HCP),LUT lookup only (no refinement),/data/home/umang/Materials/Materials_data_mount/datasets/Ti_Al_1pct_QSR_x4,42,Ti_Al_1pct_QSR_x4_test_hr_x_block_516.npy,/data/home/umang/Materials/Materials_data_mount/datasets/Ti_Al_1pct_QSR_x4/Test/HR_Data/Ti_Al_1pct_QSR_x4_test_hr_x_block_516.npy,128,128,16384,0.007722262293100357,0.002545764669775963,0.019011713564395905
Ti-6Al-4V (HCP),LUT lookup only (no refinement),/data/home/umang/Materials/Materials_data_mount/datasets/Ti_Al_1pct_QSR_x4,43,Ti_Al_1pct_QSR_x4_test_hr_x_block_522.npy,/data/home/umang/Materials/Materials_data_mount/datasets/Ti_Al_1pct_QSR_x4/Test/HR_Data/Ti_Al_1pct_QSR_x4_test_hr_x_block_522.npy,128,128,16384,0.007240102160722017,0.0019338598940521479,0.012992342002689838
Ti-6Al-4V (HCP),LUT lookup only (no refinement),/data/home/umang/Materials/Materials_data_mount/datasets/Ti_Al_1pct_QSR_x4,44,Ti_Al_1pct_QSR_x4_test_hr_x_block_554.npy,/data/home/umang/Materials/Materials_data_mount/datasets/Ti_Al_1pct_QSR_x4/Test/HR_Data/Ti_Al_1pct_QSR_x4_test_hr_x_block_554.npy,128,128,16384,0.00804633554071188,0.002662654034793377,0.017249586060643196
Ti-6Al-4V (HCP),LUT lookup only (no refinement),/data/home/umang/Materials/Materials_data_mount/datasets/Ti_Al_1pct_QSR_x4,45,Ti_Al_1pct_QSR_x4_test_hr_x_block_563.npy,/data/home/umang/Materials/Materials_data_mount/datasets/Ti_Al_1pct_QSR_x4/Test/HR_Data/Ti_Al_1pct_QSR_x4_test_hr_x_block_563.npy,128,128,16384,0.007096034940332174,0.0020672641694545746,0.013407769612967968
Ti-6Al-4V (HCP),LUT lookup only (no refinement),/data/home/umang/Materials/Materials_data_mount/datasets/Ti_Al_1pct_QSR_x4,46,Ti_Al_1pct_QSR_x4_test_hr_x_block_570.npy,/data/home/umang/Materials/Materials_data_mount/datasets/Ti_Al_1pct_QSR_x4/Test/HR_Data/Ti_Al_1pct_QSR_x4_test_hr_x_block_570.npy,128,128,16384,0.007541085593402386,0.0022400429006665945,0.01401633769273758
Ti-6Al-4V (HCP),LUT lookup only (no refinement),/data/home/umang/Materials/Materials_data_mount/datasets/Ti_Al_1pct_QSR_x4,47,Ti_Al_1pct_QSR_x4_test_hr_x_block_575.npy,/data/home/umang/Materials/Materials_data_mount/datasets/Ti_Al_1pct_QSR_x4/Test/HR_Data/Ti_Al_1pct_QSR_x4_test_hr_x_block_575.npy,128,128,16384,0.007907613180577755,0.0024180253967642784,0.014101131819188595
Ti-6Al-4V (HCP),LUT lookup only (no refinement),/data/home/umang/Materials/Materials_data_mount/datasets/Ti_Al_1pct_QSR_x4,48,Ti_Al_1pct_QSR_x4_test_hr_x_block_596.npy,/data/home/umang/Materials/Materials_data_mount/datasets/Ti_Al_1pct_QSR_x4/Test/HR_Data/Ti_Al_1pct_QSR_x4_test_hr_x_block_596.npy,128,128,16384,0.00766118336468935,0.0023613162338733673,0.013776136562228203
Ti-6Al-4V (HCP),LUT lookup only (no refinement),/data/home/umang/Materials/Materials_data_mount/datasets/Ti_Al_1pct_QSR_x4,49,Ti_Al_1pct_QSR_x4_test_hr_x_block_608.npy,/data/home/umang/Materials/Materials_data_mount/datasets/Ti_Al_1pct_QSR_x4/Test/HR_Data/Ti_Al_1pct_QSR_x4_test_hr_x_block_608.npy,128,128,16384,0.008655624464154243,0.002336488338187337,0.01731855794787407
Ti-6Al-4V (HCP),LUT lookup only (no refinement),/data/home/umang/Materials/Materials_data_mount/datasets/Ti_Al_1pct_QSR_x4,50,Ti_Al_1pct_QSR_x4_test_hr_x_block_621.npy,/data/home/umang/Materials/Materials_data_mount/datasets/Ti_Al_1pct_QSR_x4/Test/HR_Data/Ti_Al_1pct_QSR_x4_test_hr_x_block_621.npy,128,128,16384,0.008481631986796856,0.0023535049986094236,0.013862400315701962
Ti-6Al-4V (HCP),LUT lookup only (no refinement),/data/home/umang/Materials/Materials_data_mount/datasets/Ti_Al_1pct_QSR_x4,51,Ti_Al_1pct_QSR_x4_test_hr_x_block_623.npy,/data/home/umang/Materials/Materials_data_mount/datasets/Ti_Al_1pct_QSR_x4/Test/HR_Data/Ti_Al_1pct_QSR_x4_test_hr_x_block_623.npy,128,128,16384,0.008250486105680466,0.0024270378053188324,0.013931026682257652
Ti-6Al-4V (HCP),LUT lookup only (no refinement),/data/home/umang/Materials/Materials_data_mount/datasets/Ti_Al_1pct_QSR_x4,52,Ti_Al_1pct_QSR_x4_test_hr_x_block_633.npy,/data/home/umang/Materials/Materials_data_mount/datasets/Ti_Al_1pct_QSR_x4/Test/HR_Data/Ti_Al_1pct_QSR_x4_test_hr_x_block_633.npy,128,128,16384,0.008580346591770649,0.002299355110153556,0.013601968064904213
Ti-6Al-4V (HCP),LUT lookup only (no refinement),/data/home/umang/Materials/Materials_data_mount/datasets/Ti_Al_1pct_QSR_x4,53,Ti_Al_1pct_QSR_x4_test_hr_x_block_634.npy,/data/home/umang/Materials/Materials_data_mount/datasets/Ti_Al_1pct_QSR_x4/Test/HR_Data/Ti_Al_1pct_QSR_x4_test_hr_x_block_634.npy,128,128,16384,0.00857575610280037,0.0023058108054101467,0.013671902008354664
Ti-6Al-4V (HCP),LUT lookup only (no refinement),/data/home/umang/Materials/Materials_data_mount/datasets/Ti_Al_1pct_QSR_x4,54,Ti_Al_1pct_QSR_x4_test_hr_x_block_638.npy,/data/home/umang/Materials/Materials_data_mount/datasets/Ti_Al_1pct_QSR_x4/Test/HR_Data/Ti_Al_1pct_QSR_x4_test_hr_x_block_638.npy,128,128,16384,0.008275501430034637,0.002306012436747551,0.013689329847693443
Ti-6Al-4V (HCP),LUT lookup only (no refinement),/data/home/umang/Materials/Materials_data_mount/datasets/Ti_Al_1pct_QSR_x4,55,Ti_Al_1pct_QSR_x4_test_hr_x_block_72.npy,/data/home/umang/Materials/Materials_data_mount/datasets/Ti_Al_1pct_QSR_x4/Test/HR_Data/Ti_Al_1pct_QSR_x4_test_hr_x_block_72.npy,128,128,16384,0.007824231870472431,0.0023912920150905848,0.014252490364015102
Ti-6Al-4V (HCP),LUT lookup only (no refinement),/data/home/umang/Materials/Materials_data_mount/datasets/Ti_Al_1pct_QSR_x4,56,Ti_Al_1pct_QSR_x4_test_hr_x_block_89.npy,/data/home/umang/Materials/Materials_data_mount/datasets/Ti_Al_1pct_QSR_x4/Test/HR_Data/Ti_Al_1pct_QSR_x4_test_hr_x_block_89.npy,128,128,16384,0.006861409172415733,0.002316773636266589,0.01629723235964775
Ti-6Al-4V (HCP),LUT lookup only (no refinement),/data/home/umang/Materials/Materials_data_mount/datasets/Ti_Al_1pct_QSR_x4,57,Ti_Al_1pct_QSR_x4_test_hr_x_block_93.npy,/data/home/umang/Materials/Materials_data_mount/datasets/Ti_Al_1pct_QSR_x4/Test/HR_Data/Ti_Al_1pct_QSR_x4_test_hr_x_block_93.npy,128,128,16384,0.007590536959469318,0.0024524666368961334,0.014402258209884167
Ti-6Al-4V (HCP),LUT lookup only (no refinement),/data/home/umang/Materials/Materials_data_mount/datasets/Ti_Al_1pct_QSR_x4,58,Ti_Al_1pct_QSR_x4_test_hr_y_block_124.npy,/data/home/umang/Materials/Materials_data_mount/datasets/Ti_Al_1pct_QSR_x4/Test/HR_Data/Ti_Al_1pct_QSR_x4_test_hr_y_block_124.npy,128,128,16384,0.006911482661962509,0.00250124279409647,0.012918730266392231
Ti-6Al-4V (HCP),LUT lookup only (no refinement),/data/home/umang/Materials/Materials_data_mount/datasets/Ti_Al_1pct_QSR_x4,59,Ti_Al_1pct_QSR_x4_test_hr_y_block_129.npy,/data/home/umang/Materials/Materials_data_mount/datasets/Ti_Al_1pct_QSR_x4/Test/HR_Data/Ti_Al_1pct_QSR_x4_test_hr_y_block_129.npy,128,128,16384,0.008506922982633114,0.0019585315603762865,0.016673263162374496
Ti-6Al-4V (HCP),LUT lookup only (no refinement),/data/home/umang/Materials/Materials_data_mount/datasets/Ti_Al_1pct_QSR_x4,60,Ti_Al_1pct_QSR_x4_test_hr_y_block_164.npy,/data/home/umang/Materials/Materials_data_mount/datasets/Ti_Al_1pct_QSR_x4/Test/HR_Data/Ti_Al_1pct_QSR_x4_test_hr_y_block_164.npy,128,128,16384,0.008270849473774433,0.001945172669366002,0.012807518243789673
Ti-6Al-4V (HCP),LUT lookup only (no refinement),/data/home/umang/Materials/Materials_data_mount/datasets/Ti_Al_1pct_QSR_x4,61,Ti_Al_1pct_QSR_x4_test_hr_y_block_167.npy,/data/home/umang/Materials/Materials_data_mount/datasets/Ti_Al_1pct_QSR_x4/Test/HR_Data/Ti_Al_1pct_QSR_x4_test_hr_y_block_167.npy,128,128,16384,0.008207942359149456,0.0019336910918354988,0.012973977252840996
Ti-6Al-4V (HCP),LUT lookup only (no refinement),/data/home/umang/Materials/Materials_data_mount/datasets/Ti_Al_1pct_QSR_x4,62,Ti_Al_1pct_QSR_x4_test_hr_y_block_174.npy,/data/home/umang/Materials/Materials_data_mount/datasets/Ti_Al_1pct_QSR_x4/Test/HR_Data/Ti_Al_1pct_QSR_x4_test_hr_y_block_174.npy,128,128,16384,0.008573761209845543,0.001793837291188538,0.012863244861364365
Ti-6Al-4V (HCP),LUT lookup only (no refinement),/data/home/umang/Materials/Materials_data_mount/datasets/Ti_Al_1pct_QSR_x4,63,Ti_Al_1pct_QSR_x4_test_hr_y_block_181.npy,/data/home/umang/Materials/Materials_data_mount/datasets/Ti_Al_1pct_QSR_x4/Test/HR_Data/Ti_Al_1pct_QSR_x4_test_hr_y_block_181.npy,128,128,16384,0.008223461918532848,0.0019440129399299622,0.013028992339968681
Ti-6Al-4V (HCP),LUT lookup only (no refinement),/data/home/umang/Materials/Materials_data_mount/datasets/Ti_Al_1pct_QSR_x4,64,Ti_Al_1pct_QSR_x4_test_hr_y_block_201.npy,/data/home/umang/Materials/Materials_data_mount/datasets/Ti_Al_1pct_QSR_x4/Test/HR_Data/Ti_Al_1pct_QSR_x4_test_hr_y_block_201.npy,128,128,16384,0.00834692269563675,0.001893174252472818,0.012973977252840996
Ti-6Al-4V (HCP),LUT lookup only (no refinement),/data/home/umang/Materials/Materials_data_mount/datasets/Ti_Al_1pct_QSR_x4,65,Ti_Al_1pct_QSR_x4_test_hr_y_block_208.npy,/data/home/umang/Materials/Materials_data_mount/datasets/Ti_Al_1pct_QSR_x4/Test/HR_Data/Ti_Al_1pct_QSR_x4_test_hr_y_block_208.npy,128,128,16384,0.006309358403086662,0.00263779005035758,0.014517677016556263
Ti-6Al-4V (HCP),LUT lookup only (no refinement),/data/home/umang/Materials/Materials_data_mount/datasets/Ti_Al_1pct_QSR_x4,66,Ti_Al_1pct_QSR_x4_test_hr_y_block_219.npy,/data/home/umang/Materials/Materials_data_mount/datasets/Ti_Al_1pct_QSR_x4/Test/HR_Data/Ti_Al_1pct_QSR_x4_test_hr_y_block_219.npy,128,128,16384,0.008642131462693214,0.0020357822068035603,0.013741479255259037
Ti-6Al-4V (HCP),LUT lookup only (no refinement),/data/home/umang/Materials/Materials_data_mount/datasets/Ti_Al_1pct_QSR_x4,67,Ti_Al_1pct_QSR_x4_test_hr_y_block_222.npy,/data/home/umang/Materials/Materials_data_mount/datasets/Ti_Al_1pct_QSR_x4/Test/HR_Data/Ti_Al_1pct_QSR_x4_test_hr_y_block_222.npy,128,128,16384,0.0071888696402311325,0.00212361803278327,0.013210716657340527
Ti-6Al-4V (HCP),LUT lookup only (no refinement),/data/home/umang/Materials/Materials_data_mount/datasets/Ti_Al_1pct_QSR_x4,68,Ti_Al_1pct_QSR_x4_test_hr_y_block_228.npy,/data/home/umang/Materials/Materials_data_mount/datasets/Ti_Al_1pct_QSR_x4/Test/HR_Data/Ti_Al_1pct_QSR_x4_test_hr_y_block_228.npy,128,128,16384,0.007736897561699152,0.0020667496137320995,0.013336450792849064
Ti-6Al-4V (HCP),LUT lookup only (no refinement),/data/home/umang/Materials/Materials_data_mount/datasets/Ti_Al_1pct_QSR_x4,69,Ti_Al_1pct_QSR_x4_test_hr_y_block_229.npy,/data/home/umang/Materials/Materials_data_mount/datasets/Ti_Al_1pct_QSR_x4/Test/HR_Data/Ti_Al_1pct_QSR_x4_test_hr_y_block_229.npy,128,128,16384,0.008333548903465271,0.0019510826095938683,0.013461010530591011
Ti-6Al-4V (HCP),LUT lookup only (no refinement),/data/home/umang/Materials/Materials_data_mount/datasets/Ti_Al_1pct_QSR_x4,70,Ti_Al_1pct_QSR_x4_test_hr_y_block_230.npy,/data/home/umang/Materials/Materials_data_mount/datasets/Ti_Al_1pct_QSR_x4/Test/HR_Data/Ti_Al_1pct_QSR_x4_test_hr_y_block_230.npy,128,128,16384,0.007385559845715761,0.0021342323161661625,0.013425540179014206
Ti-6Al-4V (HCP),LUT lookup only (no refinement),/data/home/umang/Materials/Materials_data_mount/datasets/Ti_Al_1pct_QSR_x4,71,Ti_Al_1pct_QSR_x4_test_hr_y_block_233.npy,/data/home/umang/Materials/Materials_data_mount/datasets/Ti_Al_1pct_QSR_x4/Test/HR_Data/Ti_Al_1pct_QSR_x4_test_hr_y_block_233.npy,128,128,16384,0.008564068004488945,0.0022365341428667307,0.013706734403967857
Ti-6Al-4V (HCP),LUT lookup only (no refinement),/data/home/umang/Materials/Materials_data_mount/datasets/Ti_Al_1pct_QSR_x4,72,Ti_Al_1pct_QSR_x4_test_hr_y_block_239.npy,/data/home/umang/Materials/Materials_data_mount/datasets/Ti_Al_1pct_QSR_x4/Test/HR_Data/Ti_Al_1pct_QSR_x4_test_hr_y_block_239.npy,128,128,16384,0.0075956531800329685,0.0021805036813020706,0.013531672768294811
Ti-6Al-4V (HCP),LUT lookup only (no refinement),/data/home/umang/Materials/Materials_data_mount/datasets/Ti_Al_1pct_QSR_x4,73,Ti_Al_1pct_QSR_x4_test_hr_y_block_255.npy,/data/home/umang/Materials/Materials_data_mount/datasets/Ti_Al_1pct_QSR_x4/Test/HR_Data/Ti_Al_1pct_QSR_x4_test_hr_y_block_255.npy,128,128,16384,0.008839900605380535,0.0021486938931047916,0.013478710316121578
Ti-6Al-4V (HCP),LUT lookup only (no refinement),/data/home/umang/Materials/Materials_data_mount/datasets/Ti_Al_1pct_QSR_x4,74,Ti_Al_1pct_QSR_x4_test_hr_y_block_257.npy,/data/home/umang/Materials/Materials_data_mount/datasets/Ti_Al_1pct_QSR_x4/Test/HR_Data/Ti_Al_1pct_QSR_x4_test_hr_y_block_257.npy,128,128,16384,0.008885064162313938,0.0020687261130660772,0.013461010530591011
Ti-6Al-4V (HCP),LUT lookup only (no refinement),/data/home/umang/Materials/Materials_data_mount/datasets/Ti_Al_1pct_QSR_x4,75,Ti_Al_1pct_QSR_x4_test_hr_y_block_275.npy,/data/home/umang/Materials/Materials_data_mount/datasets/Ti_Al_1pct_QSR_x4/Test/HR_Data/Ti_Al_1pct_QSR_x4_test_hr_y_block_275.npy,128,128,16384,0.008533898741006851,0.002240161644294858,0.016787268221378326
Ti-6Al-4V (HCP),LUT lookup only (no refinement),/data/home/umang/Materials/Materials_data_mount/datasets/Ti_Al_1pct_QSR_x4,76,Ti_Al_1pct_QSR_x4_test_hr_y_block_286.npy,/data/home/umang/Materials/Materials_data_mount/datasets/Ti_Al_1pct_QSR_x4/Test/HR_Data/Ti_Al_1pct_QSR_x4_test_hr_y_block_286.npy,128,128,16384,0.008407937362790108,0.0024138239677995443,0.01708291843533516
Ti-6Al-4V (HCP),LUT lookup only (no refinement),/data/home/umang/Materials/Materials_data_mount/datasets/Ti_Al_1pct_QSR_x4,77,Ti_Al_1pct_QSR_x4_test_hr_y_block_289.npy,/data/home/umang/Materials/Materials_data_mount/datasets/Ti_Al_1pct_QSR_x4/Test/HR_Data/Ti_Al_1pct_QSR_x4_test_hr_y_block_289.npy,128,128,16384,0.008287789300084114,0.002458984963595867,0.0180598683655262
Ti-6Al-4V (HCP),LUT lookup only (no refinement),/data/home/umang/Materials/Materials_data_mount/datasets/Ti_Al_1pct_QSR_x4,78,Ti_Al_1pct_QSR_x4_test_hr_y_block_349.npy,/data/home/umang/Materials/Materials_data_mount/datasets/Ti_Al_1pct_QSR_x4/Test/HR_Data/Ti_Al_1pct_QSR_x4_test_hr_y_block_349.npy,128,128,16384,0.008409105241298676,0.0020247611682862043,0.013389975763857365
Ti-6Al-4V (HCP),LUT lookup only (no refinement),/data/home/umang/Materials/Materials_data_mount/datasets/Ti_Al_1pct_QSR_x4,79,Ti_Al_1pct_QSR_x4_test_hr_y_block_368.npy,/data/home/umang/Materials/Materials_data_mount/datasets/Ti_Al_1pct_QSR_x4/Test/HR_Data/Ti_Al_1pct_QSR_x4_test_hr_y_block_368.npy,128,128,16384,0.0075425440445542336,0.0025626677088439465,0.01500227302312851
Ti-6Al-4V (HCP),LUT lookup only (no refinement),/data/home/umang/Materials/Materials_data_mount/datasets/Ti_Al_1pct_QSR_x4,80,Ti_Al_1pct_QSR_x4_test_hr_y_block_372.npy,/data/home/umang/Materials/Materials_data_mount/datasets/Ti_Al_1pct_QSR_x4/Test/HR_Data/Ti_Al_1pct_QSR_x4_test_hr_y_block_372.npy,128,128,16384,0.007117647677659988,0.0022753169760107994,0.013174572959542274
Ti-6Al-4V (HCP),LUT lookup only (no refinement),/data/home/umang/Materials/Materials_data_mount/datasets/Ti_Al_1pct_QSR_x4,81,Ti_Al_1pct_QSR_x4_test_hr_y_block_375.npy,/data/home/umang/Materials/Materials_data_mount/datasets/Ti_Al_1pct_QSR_x4/Test/HR_Data/Ti_Al_1pct_QSR_x4_test_hr_y_block_375.npy,128,128,16384,0.00767534039914608,0.002251874655485153,0.013318561017513275
Ti-6Al-4V (HCP),LUT lookup only (no refinement),/data/home/umang/Materials/Materials_data_mount/datasets/Ti_Al_1pct_QSR_x4,82,Ti_Al_1pct_QSR_x4_test_hr_y_block_378.npy,/data/home/umang/Materials/Materials_data_mount/datasets/Ti_Al_1pct_QSR_x4/Test/HR_Data/Ti_Al_1pct_QSR_x4_test_hr_y_block_378.npy,128,128,16384,0.008287130855023861,0.0021195642184466124,0.013156462460756302
Ti-6Al-4V (HCP),LUT lookup only (no refinement),/data/home/umang/Materials/Materials_data_mount/datasets/Ti_Al_1pct_QSR_x4,83,Ti_Al_1pct_QSR_x4_test_hr_y_block_392.npy,/data/home/umang/Materials/Materials_data_mount/datasets/Ti_Al_1pct_QSR_x4/Test/HR_Data/Ti_Al_1pct_QSR_x4_test_hr_y_block_392.npy,128,128,16384,0.008388292044401169,0.0021740105003118515,0.013318561017513275
Ti-6Al-4V (HCP),LUT lookup only (no refinement),/data/home/umang/Materials/Materials_data_mount/datasets/Ti_Al_1pct_QSR_x4,84,Ti_Al_1pct_QSR_x4_test_hr_y_block_393.npy,/data/home/umang/Materials/Materials_data_mount/datasets/Ti_Al_1pct_QSR_x4/Test/HR_Data/Ti_Al_1pct_QSR_x4_test_hr_y_block_393.npy,128,128,16384,0.008451318368315697,0.002059223363175988,0.013083774596452713
Ti-6Al-4V (HCP),LUT lookup only (no refinement),/data/home/umang/Materials/Materials_data_mount/datasets/Ti_Al_1pct_QSR_x4,85,Ti_Al_1pct_QSR_x4_test_hr_y_block_395.npy,/data/home/umang/Materials/Materials_data_mount/datasets/Ti_Al_1pct_QSR_x4/Test/HR_Data/Ti_Al_1pct_QSR_x4_test_hr_y_block_395.npy,128,128,16384,0.008524004369974136,0.002004409208893776,0.012881766073405743
Ti-6Al-4V (HCP),LUT lookup only (no refinement),/data/home/umang/Materials/Materials_data_mount/datasets/Ti_Al_1pct_QSR_x4,86,Ti_Al_1pct_QSR_x4_test_hr_y_block_413.npy,/data/home/umang/Materials/Materials_data_mount/datasets/Ti_Al_1pct_QSR_x4/Test/HR_Data/Ti_Al_1pct_QSR_x4_test_hr_y_block_413.npy,128,128,16384,0.008381501771509647,0.002302825450897217,0.013531672768294811
Ti-6Al-4V (HCP),LUT lookup only (no refinement),/data/home/umang/Materials/Materials_data_mount/datasets/Ti_Al_1pct_QSR_x4,87,Ti_Al_1pct_QSR_x4_test_hr_y_block_415.npy,/data/home/umang/Materials/Materials_data_mount/datasets/Ti_Al_1pct_QSR_x4/Test/HR_Data/Ti_Al_1pct_QSR_x4_test_hr_y_block_415.npy,128,128,16384,0.008629837073385715,0.0021887649782001972,0.013531672768294811
Ti-6Al-4V (HCP),LUT lookup only (no refinement),/data/home/umang/Materials/Materials_data_mount/datasets/Ti_Al_1pct_QSR_x4,88,Ti_Al_1pct_QSR_x4_test_hr_y_block_434.npy,/data/home/umang/Materials/Materials_data_mount/datasets/Ti_Al_1pct_QSR_x4/Test/HR_Data/Ti_Al_1pct_QSR_x4_test_hr_y_block_434.npy,128,128,16384,0.008313911966979504,0.002135657239705324,0.013354316353797913
Ti-6Al-4V (HCP),LUT lookup only (no refinement),/data/home/umang/Materials/Materials_data_mount/datasets/Ti_Al_1pct_QSR_x4,89,Ti_Al_1pct_QSR_x4_test_hr_y_block_437.npy,/data/home/umang/Materials/Materials_data_mount/datasets/Ti_Al_1pct_QSR_x4/Test/HR_Data/Ti_Al_1pct_QSR_x4_test_hr_y_block_437.npy,128,128,16384,0.008237633854150772,0.002077257027849555,0.013425540179014206
Ti-6Al-4V (HCP),LUT lookup only (no refinement),/data/home/umang/Materials/Materials_data_mount/datasets/Ti_Al_1pct_QSR_x4,90,Ti_Al_1pct_QSR_x4_test_hr_y_block_443.npy,/data/home/umang/Materials/Materials_data_mount/datasets/Ti_Al_1pct_QSR_x4/Test/HR_Data/Ti_Al_1pct_QSR_x4_test_hr_y_block_443.npy,128,128,16384,0.007889889180660248,0.0024417147506028414,0.013496387749910355
Ti-6Al-4V (HCP),LUT lookup only (no refinement),/data/home/umang/Materials/Materials_data_mount/datasets/Ti_Al_1pct_QSR_x4,91,Ti_Al_1pct_QSR_x4_test_hr_y_block_464.npy,/data/home/umang/Materials/Materials_data_mount/datasets/Ti_Al_1pct_QSR_x4/Test/HR_Data/Ti_Al_1pct_QSR_x4_test_hr_y_block_464.npy,128,128,16384,0.007929416373372078,0.002100975951179862,0.013425540179014206
Ti-6Al-4V (HCP),LUT lookup only (no refinement),/data/home/umang/Materials/Materials_data_mount/datasets/Ti_Al_1pct_QSR_x4,92,Ti_Al_1pct_QSR_x4_test_hr_y_block_474.npy,/data/home/umang/Materials/Materials_data_mount/datasets/Ti_Al_1pct_QSR_x4/Test/HR_Data/Ti_Al_1pct_QSR_x4_test_hr_y_block_474.npy,128,128,16384,0.007391203660517931,0.002458878792822361,0.013706734403967857
Ti-6Al-4V (HCP),LUT lookup only (no refinement),/data/home/umang/Materials/Materials_data_mount/datasets/Ti_Al_1pct_QSR_x4,93,Ti_Al_1pct_QSR_x4_test_hr_y_block_526.npy,/data/home/umang/Materials/Materials_data_mount/datasets/Ti_Al_1pct_QSR_x4/Test/HR_Data/Ti_Al_1pct_QSR_x4_test_hr_y_block_526.npy,128,128,16384,0.0072941286489367485,0.0024656280875205994,0.013531672768294811
Ti-6Al-4V (HCP),LUT lookup only (no refinement),/data/home/umang/Materials/Materials_data_mount/datasets/Ti_Al_1pct_QSR_x4,94,Ti_Al_1pct_QSR_x4_test_hr_y_block_546.npy,/data/home/umang/Materials/Materials_data_mount/datasets/Ti_Al_1pct_QSR_x4/Test/HR_Data/Ti_Al_1pct_QSR_x4_test_hr_y_block_546.npy,128,128,16384,0.0070011490024626255,0.002078046090900898,0.01313832774758339
Ti-6Al-4V (HCP),LUT lookup only (no refinement),/data/home/umang/Materials/Materials_data_mount/datasets/Ti_Al_1pct_QSR_x4,95,Ti_Al_1pct_QSR_x4_test_hr_y_block_551.npy,/data/home/umang/Materials/Materials_data_mount/datasets/Ti_Al_1pct_QSR_x4/Test/HR_Data/Ti_Al_1pct_QSR_x4_test_hr_y_block_551.npy,128,128,16384,0.007451124954968691,0.002413062611594796,0.012992342002689838
Ti-6Al-4V (HCP),LUT lookup only (no refinement),/data/home/umang/Materials/Materials_data_mount/datasets/Ti_Al_1pct_QSR_x4,96,Ti_Al_1pct_QSR_x4_test_hr_y_block_554.npy,/data/home/umang/Materials/Materials_data_mount/datasets/Ti_Al_1pct_QSR_x4/Test/HR_Data/Ti_Al_1pct_QSR_x4_test_hr_y_block_554.npy,128,128,16384,0.007485302165150642,0.0024233232252299786,0.013174572959542274
Ti-6Al-4V (HCP),LUT lookup only (no refinement),/data/home/umang/Materials/Materials_data_mount/datasets/Ti_Al_1pct_QSR_x4,97,Ti_Al_1pct_QSR_x4_test_hr_y_block_556.npy,/data/home/umang/Materials/Materials_data_mount/datasets/Ti_Al_1pct_QSR_x4/Test/HR_Data/Ti_Al_1pct_QSR_x4_test_hr_y_block_556.npy,128,128,16384,0.008561142720282078,0.0022154285106807947,0.013228751718997955
Ti-6Al-4V (HCP),LUT lookup only (no refinement),/data/home/umang/Materials/Materials_data_mount/datasets/Ti_Al_1pct_QSR_x4,98,Ti_Al_1pct_QSR_x4_test_hr_y_block_571.npy,/data/home/umang/Materials/Materials_data_mount/datasets/Ti_Al_1pct_QSR_x4/Test/HR_Data/Ti_Al_1pct_QSR_x4_test_hr_y_block_571.npy,128,128,16384,0.007858868688344955,0.0021143299527466297,0.013010679744184017
Ti-6Al-4V (HCP),LUT lookup only (no refinement),/data/home/umang/Materials/Materials_data_mount/datasets/Ti_Al_1pct_QSR_x4,99,Ti_Al_1pct_QSR_x4_test_hr_y_block_579.npy,/data/home/umang/Materials/Materials_data_mount/datasets/Ti_Al_1pct_QSR_x4/Test/HR_Data/Ti_Al_1pct_QSR_x4_test_hr_y_block_579.npy,128,128,16384,0.008979374542832375,0.002045737113803625,0.013228751718997955
Ti-6Al-4V (HCP),LUT lookup only (no refinement),/data/home/umang/Materials/Materials_data_mount/datasets/Ti_Al_1pct_QSR_x4,100,Ti_Al_1pct_QSR_x4_test_hr_y_block_585.npy,/data/home/umang/Materials/Materials_data_mount/datasets/Ti_Al_1pct_QSR_x4/Test/HR_Data/Ti_Al_1pct_QSR_x4_test_hr_y_block_585.npy,128,128,16384,0.00865857396274805,0.002167391125112772,0.013246762566268444
Ti-6Al-4V (HCP),LUT lookup only (no refinement),/data/home/umang/Materials/Materials_data_mount/datasets/Ti_Al_1pct_QSR_x4,101,Ti_Al_1pct_QSR_x4_test_hr_y_block_602.npy,/data/home/umang/Materials/Materials_data_mount/datasets/Ti_Al_1pct_QSR_x4/Test/HR_Data/Ti_Al_1pct_QSR_x4_test_hr_y_block_602.npy,128,128,16384,0.008260682225227356,0.0021489434875547886,0.012992342002689838
Ti-6Al-4V (HCP),LUT lookup only (no refinement),/data/home/umang/Materials/Materials_data_mount/datasets/Ti_Al_1pct_QSR_x4,102,Ti_Al_1pct_QSR_x4_test_hr_y_block_603.npy,/data/home/umang/Materials/Materials_data_mount/datasets/Ti_Al_1pct_QSR_x4/Test/HR_Data/Ti_Al_1pct_QSR_x4_test_hr_y_block_603.npy,128,128,16384,0.008031201548874378,0.0022175926715135574,0.013120168820023537
Ti-6Al-4V (HCP),LUT lookup only (no refinement),/data/home/umang/Materials/Materials_data_mount/datasets/Ti_Al_1pct_QSR_x4,103,Ti_Al_1pct_QSR_x4_test_hr_y_block_609.npy,/data/home/umang/Materials/Materials_data_mount/datasets/Ti_Al_1pct_QSR_x4/Test/HR_Data/Ti_Al_1pct_QSR_x4_test_hr_y_block_609.npy,128,128,16384,0.009062844328582287,0.0020790768321603537,0.013776136562228203
Ti-6Al-4V (HCP),LUT lookup only (no refinement),/data/home/umang/Materials/Materials_data_mount/datasets/Ti_Al_1pct_QSR_x4,104,Ti_Al_1pct_QSR_x4_test_hr_y_block_628.npy,/data/home/umang/Materials/Materials_data_mount/datasets/Ti_Al_1pct_QSR_x4/Test/HR_Data/Ti_Al_1pct_QSR_x4_test_hr_y_block_628.npy,128,128,16384,0.008118921890854836,0.0022692817728966475,0.013174572959542274
Ti-6Al-4V (HCP),LUT lookup only (no refinement),/data/home/umang/Materials/Materials_data_mount/datasets/Ti_Al_1pct_QSR_x4,105,Ti_Al_1pct_QSR_x4_test_hr_y_block_661.npy,/data/home/umang/Materials/Materials_data_mount/datasets/Ti_Al_1pct_QSR_x4/Test/HR_Data/Ti_Al_1pct_QSR_x4_test_hr_y_block_661.npy,128,128,16384,0.00840497575700283,0.002327072201296687,0.013619484379887581
Ti-6Al-4V (HCP),LUT lookup only (no refinement),/data/home/umang/Materials/Materials_data_mount/datasets/Ti_Al_1pct_QSR_x4,106,Ti_Al_1pct_QSR_x4_test_hr_y_block_667.npy,/data/home/umang/Materials/Materials_data_mount/datasets/Ti_Al_1pct_QSR_x4/Test/HR_Data/Ti_Al_1pct_QSR_x4_test_hr_y_block_667.npy,128,128,16384,0.008147777989506721,0.003032342530786991,0.016500774770975113
Ti-6Al-4V (HCP),LUT lookup only (no refinement),/data/home/umang/Materials/Materials_data_mount/datasets/Ti_Al_1pct_QSR_x4,107,Ti_Al_1pct_QSR_x4_test_hr_y_block_668.npy,/data/home/umang/Materials/Materials_data_mount/datasets/Ti_Al_1pct_QSR_x4/Test/HR_Data/Ti_Al_1pct_QSR_x4_test_hr_y_block_668.npy,128,128,16384,0.007097547873854637,0.002340402454137802,0.018046662211418152
Ti-6Al-4V (HCP),LUT lookup only (no refinement),/data/home/umang/Materials/Materials_data_mount/datasets/Ti_Al_1pct_QSR_x4,108,Ti_Al_1pct_QSR_x4_test_hr_y_block_672.npy,/data/home/umang/Materials/Materials_data_mount/datasets/Ti_Al_1pct_QSR_x4/Test/HR_Data/Ti_Al_1pct_QSR_x4_test_hr_y_block_672.npy,128,128,16384,0.008723189122974873,0.002273540711030364,0.013758818618953228
Ti-6Al-4V (HCP),LUT lookup only (no refinement),/data/home/umang/Materials/Materials_data_mount/datasets/Ti_Al_1pct_QSR_x4,109,Ti_Al_1pct_QSR_x4_test_hr_y_block_679.npy,/data/home/umang/Materials/Materials_data_mount/datasets/Ti_Al_1pct_QSR_x4/Test/HR_Data/Ti_Al_1pct_QSR_x4_test_hr_y_block_679.npy,128,128,16384,0.007396311964839697,0.001963103422895074,0.017482979223132133
Ti-6Al-4V (HCP),LUT lookup only (no refinement),/data/home/umang/Materials/Materials_data_mount/datasets/Ti_Al_1pct_QSR_x4,110,Ti_Al_1pct_QSR_x4_test_hr_y_block_683.npy,/data/home/umang/Materials/Materials_data_mount/datasets/Ti_Al_1pct_QSR_x4/Test/HR_Data/Ti_Al_1pct_QSR_x4_test_hr_y_block_683.npy,128,128,16384,0.008583376184105873,0.002213011961430311,0.01372411847114563
Ti-6Al-4V (HCP),LUT lookup only (no refinement),/data/home/umang/Materials/Materials_data_mount/datasets/Ti_Al_1pct_QSR_x4,111,Ti_Al_1pct_QSR_x4_test_hr_y_block_687.npy,/data/home/umang/Materials/Materials_data_mount/datasets/Ti_Al_1pct_QSR_x4/Test/HR_Data/Ti_Al_1pct_QSR_x4_test_hr_y_block_687.npy,128,128,16384,0.007837184704840183,0.0018644655356183648,0.013028992339968681
Ti-6Al-4V (HCP),LUT lookup only (no refinement),/data/home/umang/Materials/Materials_data_mount/datasets/Ti_Al_1pct_QSR_x4,112,Ti_Al_1pct_QSR_x4_test_hr_y_block_688.npy,/data/home/umang/Materials/Materials_data_mount/datasets/Ti_Al_1pct_QSR_x4/Test/HR_Data/Ti_Al_1pct_QSR_x4_test_hr_y_block_688.npy,128,128,16384,0.0077946982346475124,0.002971507841721177,0.0165728610008955
Ti-6Al-4V (HCP),LUT lookup only (no refinement),/data/home/umang/Materials/Materials_data_mount/datasets/Ti_Al_1pct_QSR_x4,113,Ti_Al_1pct_QSR_x4_test_hr_y_block_691.npy,/data/home/umang/Materials/Materials_data_mount/datasets/Ti_Al_1pct_QSR_x4/Test/HR_Data/Ti_Al_1pct_QSR_x4_test_hr_y_block_691.npy,128,128,16384,0.008010737597942352,0.0020075372885912657,0.013478710316121578
Ti-6Al-4V (HCP),LUT lookup only (no refinement),/data/home/umang/Materials/Materials_data_mount/datasets/Ti_Al_1pct_QSR_x4,114,Ti_Al_1pct_QSR_x4_test_hr_y_block_692.npy,/data/home/umang/Materials/Materials_data_mount/datasets/Ti_Al_1pct_QSR_x4/Test/HR_Data/Ti_Al_1pct_QSR_x4_test_hr_y_block_692.npy,128,128,16384,0.007375567685812712,0.0027921327855437994,0.013443286530673504
Ti-6Al-4V (HCP),LUT lookup only (no refinement),/data/home/umang/Materials/Materials_data_mount/datasets/Ti_Al_1pct_QSR_x4,115,Ti_Al_1pct_QSR_x4_test_hr_y_block_693.npy,/data/home/umang/Materials/Materials_data_mount/datasets/Ti_Al_1pct_QSR_x4/Test/HR_Data/Ti_Al_1pct_QSR_x4_test_hr_y_block_693.npy,128,128,16384,0.007777828723192215,0.002153456909582019,0.016135502606630325
Ti-6Al-4V (HCP),LUT lookup only (no refinement),/data/home/umang/Materials/Materials_data_mount/datasets/Ti_Al_1pct_QSR_x4,116,Ti_Al_1pct_QSR_x4_test_hr_y_block_695.npy,/data/home/umang/Materials/Materials_data_mount/datasets/Ti_Al_1pct_QSR_x4/Test/HR_Data/Ti_Al_1pct_QSR_x4_test_hr_y_block_695.npy,128,128,16384,0.006565443705767393,0.0028487166855484247,0.012992342002689838
Ti-6Al-4V (HCP),LUT lookup only (no refinement),/data/home/umang/Materials/Materials_data_mount/datasets/Ti_Al_1pct_QSR_x4,117,Ti_Al_1pct_QSR_x4_test_hr_y_block_698.npy,/data/home/umang/Materials/Materials_data_mount/datasets/Ti_Al_1pct_QSR_x4/Test/HR_Data/Ti_Al_1pct_QSR_x4_test_hr_y_block_698.npy,128,128,16384,0.007741559762507677,0.0020284599158912897,0.017753630876541138
Ti-6Al-4V (HCP),LUT lookup only (no refinement),/data/home/umang/Materials/Materials_data_mount/datasets/Ti_Al_1pct_QSR_x4,118,Ti_Al_1pct_QSR_x4_test_hr_y_block_699.npy,/data/home/umang/Materials/Materials_data_mount/datasets/Ti_Al_1pct_QSR_x4/Test/HR_Data/Ti_Al_1pct_QSR_x4_test_hr_y_block_699.npy,128,128,16384,0.0073143234476447105,0.0026398643385618925,0.013389975763857365
Ti-6Al-4V (HCP),LUT lookup only (no refinement),/data/home/umang/Materials/Materials_data_mount/datasets/Ti_Al_1pct_QSR_x4,119,Ti_Al_1pct_QSR_x4_test_hr_z_block_112.npy,/data/home/umang/Materials/Materials_data_mount/datasets/Ti_Al_1pct_QSR_x4/Test/HR_Data/Ti_Al_1pct_QSR_x4_test_hr_z_block_112.npy,128,128,16384,0.008516043424606323,0.0020132348872721195,0.013461010530591011
Ti-6Al-4V (HCP),LUT lookup only (no refinement),/data/home/umang/Materials/Materials_data_mount/datasets/Ti_Al_1pct_QSR_x4,120,Ti_Al_1pct_QSR_x4_test_hr_z_block_123.npy,/data/home/umang/Materials/Materials_data_mount/datasets/Ti_Al_1pct_QSR_x4/Test/HR_Data/Ti_Al_1pct_QSR_x4_test_hr_z_block_123.npy,128,128,16384,0.007905641570687294,0.002402461366727948,0.01699897088110447
Ti-6Al-4V (HCP),LUT lookup only (no refinement),/data/home/umang/Materials/Materials_data_mount/datasets/Ti_Al_1pct_QSR_x4,121,Ti_Al_1pct_QSR_x4_test_hr_z_block_133.npy,/data/home/umang/Materials/Materials_data_mount/datasets/Ti_Al_1pct_QSR_x4/Test/HR_Data/Ti_Al_1pct_QSR_x4_test_hr_z_block_133.npy,128,128,16384,0.007603608071804047,0.0024089962244033813,0.01408421341329813
Ti-6Al-4V (HCP),LUT lookup only (no refinement),/data/home/umang/Materials/Materials_data_mount/datasets/Ti_Al_1pct_QSR_x4,122,Ti_Al_1pct_QSR_x4_test_hr_z_block_138.npy,/data/home/umang/Materials/Materials_data_mount/datasets/Ti_Al_1pct_QSR_x4/Test/HR_Data/Ti_Al_1pct_QSR_x4_test_hr_z_block_138.npy,128,128,16384,0.00719785550609231,0.0024494293611496687,0.017496611922979355
Ti-6Al-4V (HCP),LUT lookup only (no refinement),/data/home/umang/Materials/Materials_data_mount/datasets/Ti_Al_1pct_QSR_x4,123,Ti_Al_1pct_QSR_x4_test_hr_z_block_139.npy,/data/home/umang/Materials/Materials_data_mount/datasets/Ti_Al_1pct_QSR_x4/Test/HR_Data/Ti_Al_1pct_QSR_x4_test_hr_z_block_139.npy,128,128,16384,0.008208979852497578,0.002217451808974147,0.013443286530673504
Ti-6Al-4V (HCP),LUT lookup only (no refinement),/data/home/umang/Materials/Materials_data_mount/datasets/Ti_Al_1pct_QSR_x4,124,Ti_Al_1pct_QSR_x4_test_hr_z_block_144.npy,/data/home/umang/Materials/Materials_data_mount/datasets/Ti_Al_1pct_QSR_x4/Test/HR_Data/Ti_Al_1pct_QSR_x4_test_hr_z_block_144.npy,128,128,16384,0.0076139094308018684,0.0024091957602649927,0.013879588805139065
Ti-6Al-4V (HCP),LUT lookup only (no refinement),/data/home/umang/Materials/Materials_data_mount/datasets/Ti_Al_1pct_QSR_x4,125,Ti_Al_1pct_QSR_x4_test_hr_z_block_178.npy,/data/home/umang/Materials/Materials_data_mount/datasets/Ti_Al_1pct_QSR_x4/Test/HR_Data/Ti_Al_1pct_QSR_x4_test_hr_z_block_178.npy,128,128,16384,0.007935669273138046,0.0022326430771499872,0.013654450885951519
Ti-6Al-4V (HCP),LUT lookup only (no refinement),/data/home/umang/Materials/Materials_data_mount/datasets/Ti_Al_1pct_QSR_x4,126,Ti_Al_1pct_QSR_x4_test_hr_z_block_186.npy,/data/home/umang/Materials/Materials_data_mount/datasets/Ti_Al_1pct_QSR_x4/Test/HR_Data/Ti_Al_1pct_QSR_x4_test_hr_z_block_186.npy,128,128,16384,0.008537901565432549,0.0023061498068273067,0.013354316353797913
Ti-6Al-4V (HCP),LUT lookup only (no refinement),/data/home/umang/Materials/Materials_data_mount/datasets/Ti_Al_1pct_QSR_x4,127,Ti_Al_1pct_QSR_x4_test_hr_z_block_51.npy,/data/home/umang/Materials/Materials_data_mount/datasets/Ti_Al_1pct_QSR_x4/Test/HR_Data/Ti_Al_1pct_QSR_x4_test_hr_z_block_51.npy,128,128,16384,0.008508505299687386,0.0022353287786245346,0.01466473750770092
Ti-6Al-4V (HCP),LUT lookup only (no refinement),/data/home/umang/Materials/Materials_data_mount/datasets/Ti_Al_1pct_QSR_x4,128,Ti_Al_1pct_QSR_x4_test_hr_z_block_56.npy,/data/home/umang/Materials/Materials_data_mount/datasets/Ti_Al_1pct_QSR_x4/Test/HR_Data/Ti_Al_1pct_QSR_x4_test_hr_z_block_56.npy,128,128,16384,0.008522441610693932,0.0024669822305440903,0.01586730405688286
Ti-6Al-4V (HCP),LUT lookup only (no refinement),/data/home/umang/Materials/Materials_data_mount/datasets/Ti_Al_1pct_QSR_x4,129,Ti_Al_1pct_QSR_x4_test_hr_z_block_70.npy,/data/home/umang/Materials/Materials_data_mount/datasets/Ti_Al_1pct_QSR_x4/Test/HR_Data/Ti_Al_1pct_QSR_x4_test_hr_z_block_70.npy,128,128,16384,0.007159171160310507,0.00261267414316535,0.017753630876541138
Ti-6Al-4V (HCP),LUT lookup only (no refinement),/data/home/umang/Materials/Materials_data_mount/datasets/Ti_Al_1pct_QSR_x4,130,Ti_Al_1pct_QSR_x4_test_hr_z_block_75.npy,/data/home/umang/Materials/Materials_data_mount/datasets/Ti_Al_1pct_QSR_x4/Test/HR_Data/Ti_Al_1pct_QSR_x4_test_hr_z_block_75.npy,128,128,16384,0.008186763152480125,0.002421338576823473,0.013478710316121578
Ti-6Al-4V (HCP),LUT lookup only (no refinement),/data/home/umang/Materials/Materials_data_mount/datasets/Ti_Al_1pct_QSR_x4,131,Ti_Al_1pct_QSR_x4_test_hr_z_block_77.npy,/data/home/umang/Materials/Materials_data_mount/datasets/Ti_Al_1pct_QSR_x4/Test/HR_Data/Ti_Al_1pct_QSR_x4_test_hr_z_block_77.npy,128,128,16384,0.008086820133030415,0.002229254925623536,0.013496387749910355
Ti-6Al-4V (HCP),LUT lookup only (no refinement),/data/home/umang/Materials/Materials_data_mount/datasets/Ti_Al_1pct_QSR_x4,132,Ti_Al_1pct_QSR_x4_test_hr_z_block_91.npy,/data/home/umang/Materials/Materials_data_mount/datasets/Ti_Al_1pct_QSR_x4/Test/HR_Data/Ti_Al_1pct_QSR_x4_test_hr_z_block_91.npy,128,128,16384,0.008314716629683971,0.002033399883657694,0.013531672768294811
Ti-6Al-4V (HCP),"LUT + local refinement (12 steps, 8 starts)",/data/home/umang/Materials/Materials_data_mount/datasets/Ti_Al_1pct_QSR_x4,0,Ti_Al_1pct_QSR_x4_test_hr_x_block_102.npy,/data/home/umang/Materials/Materials_data_mount/datasets/Ti_Al_1pct_QSR_x4/Test/HR_Data/Ti_Al_1pct_QSR_x4_test_hr_x_block_102.npy,128,128,16384,0.017990946769714355,0.004387009888887405,0.0284716859459877
Ti-6Al-4V (HCP),"LUT + local refinement (12 steps, 8 starts)",/data/home/umang/Materials/Materials_data_mount/datasets/Ti_Al_1pct_QSR_x4,1,Ti_Al_1pct_QSR_x4_test_hr_x_block_110.npy,/data/home/umang/Materials/Materials_data_mount/datasets/Ti_Al_1pct_QSR_x4/Test/HR_Data/Ti_Al_1pct_QSR_x4_test_hr_x_block_110.npy,128,128,16384,0.01727609522640705,0.004236976616084576,0.02846330963075161
Ti-6Al-4V (HCP),"LUT + local refinement (12 steps, 8 starts)",/data/home/umang/Materials/Materials_data_mount/datasets/Ti_Al_1pct_QSR_x4,2,Ti_Al_1pct_QSR_x4_test_hr_x_block_116.npy,/data/home/umang/Materials/Materials_data_mount/datasets/Ti_Al_1pct_QSR_x4/Test/HR_Data/Ti_Al_1pct_QSR_x4_test_hr_x_block_116.npy,128,128,16384,0.017509574070572853,0.004324065521359444,0.029805436730384827
Ti-6Al-4V (HCP),"LUT + local refinement (12 steps, 8 starts)",/data/home/umang/Materials/Materials_data_mount/datasets/Ti_Al_1pct_QSR_x4,3,Ti_Al_1pct_QSR_x4_test_hr_x_block_118.npy,/data/home/umang/Materials/Materials_data_mount/datasets/Ti_Al_1pct_QSR_x4/Test/HR_Data/Ti_Al_1pct_QSR_x4_test_hr_x_block_118.npy,128,128,16384,0.017706625163555145,0.004087057430297136,0.028202438727021217
Ti-6Al-4V (HCP),"LUT + local refinement (12 steps, 8 starts)",/data/home/umang/Materials/Materials_data_mount/datasets/Ti_Al_1pct_QSR_x4,4,Ti_Al_1pct_QSR_x4_test_hr_x_block_132.npy,/data/home/umang/Materials/Materials_data_mount/datasets/Ti_Al_1pct_QSR_x4/Test/HR_Data/Ti_Al_1pct_QSR_x4_test_hr_x_block_132.npy,128,128,16384,0.017849929630756378,0.0038643002044409513,0.029101165011525154
Ti-6Al-4V (HCP),"LUT + local refinement (12 steps, 8 starts)",/data/home/umang/Materials/Materials_data_mount/datasets/Ti_Al_1pct_QSR_x4,5,Ti_Al_1pct_QSR_x4_test_hr_x_block_133.npy,/data/home/umang/Materials/Materials_data_mount/datasets/Ti_Al_1pct_QSR_x4/Test/HR_Data/Ti_Al_1pct_QSR_x4_test_hr_x_block_133.npy,128,128,16384,0.016281452029943466,0.003764752298593521,0.0284716859459877
Ti-6Al-4V (HCP),"LUT + local refinement (12 steps, 8 starts)",/data/home/umang/Materials/Materials_data_mount/datasets/Ti_Al_1pct_QSR_x4,6,Ti_Al_1pct_QSR_x4_test_hr_x_block_136.npy,/data/home/umang/Materials/Materials_data_mount/datasets/Ti_Al_1pct_QSR_x4/Test/HR_Data/Ti_Al_1pct_QSR_x4_test_hr_x_block_136.npy,128,128,16384,0.01646939292550087,0.003719323081895709,0.028571996837854385
Ti-6Al-4V (HCP),"LUT + local refinement (12 steps, 8 starts)",/data/home/umang/Materials/Materials_data_mount/datasets/Ti_Al_1pct_QSR_x4,7,Ti_Al_1pct_QSR_x4_test_hr_x_block_146.npy,/data/home/umang/Materials/Materials_data_mount/datasets/Ti_Al_1pct_QSR_x4/Test/HR_Data/Ti_Al_1pct_QSR_x4_test_hr_x_block_146.npy,128,128,16384,0.017745578661561012,0.003838815027847886,0.027810830622911453
Ti-6Al-4V (HCP),"LUT + local refinement (12 steps, 8 starts)",/data/home/umang/Materials/Materials_data_mount/datasets/Ti_Al_1pct_QSR_x4,8,Ti_Al_1pct_QSR_x4_test_hr_x_block_148.npy,/data/home/umang/Materials/Materials_data_mount/datasets/Ti_Al_1pct_QSR_x4/Test/HR_Data/Ti_Al_1pct_QSR_x4_test_hr_x_block_148.npy,128,128,16384,0.016423985362052917,0.004008620977401733,0.02841300517320633
Ti-6Al-4V (HCP),"LUT + local refinement (12 steps, 8 starts)",/data/home/umang/Materials/Materials_data_mount/datasets/Ti_Al_1pct_QSR_x4,9,Ti_Al_1pct_QSR_x4_test_hr_x_block_155.npy,/data/home/umang/Materials/Materials_data_mount/datasets/Ti_Al_1pct_QSR_x4/Test/HR_Data/Ti_Al_1pct_QSR_x4_test_hr_x_block_155.npy,128,128,16384,0.017568416893482208,0.0036876818630844355,0.027396230027079582
Ti-6Al-4V (HCP),"LUT + local refinement (12 steps, 8 starts)",/data/home/umang/Materials/Materials_data_mount/datasets/Ti_Al_1pct_QSR_x4,10,Ti_Al_1pct_QSR_x4_test_hr_x_block_165.npy,/data/home/umang/Materials/Materials_data_mount/datasets/Ti_Al_1pct_QSR_x4/Test/HR_Data/Ti_Al_1pct_QSR_x4_test_hr_x_block_165.npy,128,128,16384,0.017371568828821182,0.003776148660108447,0.027930596843361855
Ti-6Al-4V (HCP),"LUT + local refinement (12 steps, 8 starts)",/data/home/umang/Materials/Materials_data_mount/datasets/Ti_Al_1pct_QSR_x4,11,Ti_Al_1pct_QSR_x4_test_hr_x_block_176.npy,/data/home/umang/Materials/Materials_data_mount/datasets/Ti_Al_1pct_QSR_x4/Test/HR_Data/Ti_Al_1pct_QSR_x4_test_hr_x_block_176.npy,128,128,16384,0.01844991371035576,0.004132258705794811,0.028320549055933952
Ti-6Al-4V (HCP),"LUT + local refinement (12 steps, 8 starts)",/data/home/umang/Materials/Materials_data_mount/datasets/Ti_Al_1pct_QSR_x4,12,Ti_Al_1pct_QSR_x4_test_hr_x_block_179.npy,/data/home/umang/Materials/Materials_data_mount/datasets/Ti_Al_1pct_QSR_x4/Test/HR_Data/Ti_Al_1pct_QSR_x4_test_hr_x_block_179.npy,128,128,16384,0.018486961722373962,0.004205949138849974,0.028269989416003227
Ti-6Al-4V (HCP),"LUT + local refinement (12 steps, 8 starts)",/data/home/umang/Materials/Materials_data_mount/datasets/Ti_Al_1pct_QSR_x4,13,Ti_Al_1pct_QSR_x4_test_hr_x_block_181.npy,/data/home/umang/Materials/Materials_data_mount/datasets/Ti_Al_1pct_QSR_x4/Test/HR_Data/Ti_Al_1pct_QSR_x4_test_hr_x_block_181.npy,128,128,16384,0.017471108585596085,0.003949134144932032,0.028236234560608864
Ti-6Al-4V (HCP),"LUT + local refinement (12 steps, 8 starts)",/data/home/umang/Materials/Materials_data_mount/datasets/Ti_Al_1pct_QSR_x4,14,Ti_Al_1pct_QSR_x4_test_hr_x_block_221.npy,/data/home/umang/Materials/Materials_data_mount/datasets/Ti_Al_1pct_QSR_x4/Test/HR_Data/Ti_Al_1pct_QSR_x4_test_hr_x_block_221.npy,128,128,16384,0.018405819311738014,0.004084219690412283,0.027647461742162704
Ti-6Al-4V (HCP),"LUT + local refinement (12 steps, 8 starts)",/data/home/umang/Materials/Materials_data_mount/datasets/Ti_Al_1pct_QSR_x4,15,Ti_Al_1pct_QSR_x4_test_hr_x_block_225.npy,/data/home/umang/Materials/Materials_data_mount/datasets/Ti_Al_1pct_QSR_x4/Test/HR_Data/Ti_Al_1pct_QSR_x4_test_hr_x_block_225.npy,128,128,16384,0.01858474314212799,0.004039722494781017,0.027647461742162704
Ti-6Al-4V (HCP),"LUT + local refinement (12 steps, 8 starts)",/data/home/umang/Materials/Materials_data_mount/datasets/Ti_Al_1pct_QSR_x4,16,Ti_Al_1pct_QSR_x4_test_hr_x_block_238.npy,/data/home/umang/Materials/Materials_data_mount/datasets/Ti_Al_1pct_QSR_x4/Test/HR_Data/Ti_Al_1pct_QSR_x4_test_hr_x_block_238.npy,128,128,16384,0.018838990479707718,0.003584271762520075,0.027212856337428093
Ti-6Al-4V (HCP),"LUT + local refinement (12 steps, 8 starts)",/data/home/umang/Materials/Materials_data_mount/datasets/Ti_Al_1pct_QSR_x4,17,Ti_Al_1pct_QSR_x4_test_hr_x_block_243.npy,/data/home/umang/Materials/Materials_data_mount/datasets/Ti_Al_1pct_QSR_x4/Test/HR_Data/Ti_Al_1pct_QSR_x4_test_hr_x_block_243.npy,128,128,16384,0.01893586292862892,0.003923457115888596,0.028671961277723312
Ti-6Al-4V (HCP),"LUT + local refinement (12 steps, 8 starts)",/data/home/umang/Materials/Materials_data_mount/datasets/Ti_Al_1pct_QSR_x4,18,Ti_Al_1pct_QSR_x4_test_hr_x_block_262.npy,/data/home/umang/Materials/Materials_data_mount/datasets/Ti_Al_1pct_QSR_x4/Test/HR_Data/Ti_Al_1pct_QSR_x4_test_hr_x_block_262.npy,128,128,16384,0.01800686866044998,0.004329747054725885,0.027664702385663986
Ti-6Al-4V (HCP),"LUT + local refinement (12 steps, 8 starts)",/data/home/umang/Materials/Materials_data_mount/datasets/Ti_Al_1pct_QSR_x4,19,Ti_Al_1pct_QSR_x4_test_hr_x_block_274.npy,/data/home/umang/Materials/Materials_data_mount/datasets/Ti_Al_1pct_QSR_x4/Test/HR_Data/Ti_Al_1pct_QSR_x4_test_hr_x_block_274.npy,128,128,16384,0.01889316365122795,0.0038263124879449606,0.026984095573425293
Ti-6Al-4V (HCP),"LUT + local refinement (12 steps, 8 starts)",/data/home/umang/Materials/Materials_data_mount/datasets/Ti_Al_1pct_QSR_x4,20,Ti_Al_1pct_QSR_x4_test_hr_x_block_276.npy,/data/home/umang/Materials/Materials_data_mount/datasets/Ti_Al_1pct_QSR_x4/Test/HR_Data/Ti_Al_1pct_QSR_x4_test_hr_x_block_276.npy,128,128,16384,0.018037427216768265,0.004084336571395397,0.027638835832476616
Ti-6Al-4V (HCP),"LUT + local refinement (12 steps, 8 starts)",/data/home/umang/Materials/Materials_data_mount/datasets/Ti_Al_1pct_QSR_x4,21,Ti_Al_1pct_QSR_x4_test_hr_x_block_278.npy,/data/home/umang/Materials/Materials_data_mount/datasets/Ti_Al_1pct_QSR_x4/Test/HR_Data/Ti_Al_1pct_QSR_x4_test_hr_x_block_278.npy,128,128,16384,0.019637880846858025,0.004165534861385822,0.028671961277723312
Ti-6Al-4V (HCP),"LUT + local refinement (12 steps, 8 starts)",/data/home/umang/Materials/Materials_data_mount/datasets/Ti_Al_1pct_QSR_x4,22,Ti_Al_1pct_QSR_x4_test_hr_x_block_279.npy,/data/home/umang/Materials/Materials_data_mount/datasets/Ti_Al_1pct_QSR_x4/Test/HR_Data/Ti_Al_1pct_QSR_x4_test_hr_x_block_279.npy,128,128,16384,0.01880934275686741,0.0038393731229007244,0.0271865576505661
Ti-6Al-4V (HCP),"LUT + local refinement (12 steps, 8 starts)",/data/home/umang/Materials/Materials_data_mount/datasets/Ti_Al_1pct_QSR_x4,23,Ti_Al_1pct_QSR_x4_test_hr_x_block_281.npy,/data/home/umang/Materials/Materials_data_mount/datasets/Ti_Al_1pct_QSR_x4/Test/HR_Data/Ti_Al_1pct_QSR_x4_test_hr_x_block_281.npy,128,128,16384,0.0193899255245924,0.004198367241770029,0.028638677671551704
Ti-6Al-4V (HCP),"LUT + local refinement (12 steps, 8 starts)",/data/home/umang/Materials/Materials_data_mount/datasets/Ti_Al_1pct_QSR_x4,24,Ti_Al_1pct_QSR_x4_test_hr_x_block_301.npy,/data/home/umang/Materials/Materials_data_mount/datasets/Ti_Al_1pct_QSR_x4/Test/HR_Data/Ti_Al_1pct_QSR_x4_test_hr_x_block_301.npy,128,128,16384,0.018615927547216415,0.0042922720313072205,0.028236234560608864
Ti-6Al-4V (HCP),"LUT + local refinement (12 steps, 8 starts)",/data/home/umang/Materials/Materials_data_mount/datasets/Ti_Al_1pct_QSR_x4,25,Ti_Al_1pct_QSR_x4_test_hr_x_block_305.npy,/data/home/umang/Materials/Materials_data_mount/datasets/Ti_Al_1pct_QSR_x4/Test/HR_Data/Ti_Al_1pct_QSR_x4_test_hr_x_block_305.npy,128,128,16384,0.018912075087428093,0.004240981303155422,0.02862202376127243
Ti-6Al-4V (HCP),"LUT + local refinement (12 steps, 8 starts)",/data/home/umang/Materials/Materials_data_mount/datasets/Ti_Al_1pct_QSR_x4,26,Ti_Al_1pct_QSR_x4_test_hr_x_block_327.npy,/data/home/umang/Materials/Materials_data_mount/datasets/Ti_Al_1pct_QSR_x4/Test/HR_Data/Ti_Al_1pct_QSR_x4_test_hr_x_block_327.npy,128,128,16384,0.018694264814257622,0.004447275307029486,0.028705203905701637
Ti-6Al-4V (HCP),"LUT + local refinement (12 steps, 8 starts)",/data/home/umang/Materials/Materials_data_mount/datasets/Ti_Al_1pct_QSR_x4,27,Ti_Al_1pct_QSR_x4_test_hr_x_block_328.npy,/data/home/umang/Materials/Materials_data_mount/datasets/Ti_Al_1pct_QSR_x4/Test/HR_Data/Ti_Al_1pct_QSR_x4_test_hr_x_block_328.npy,128,128,16384,0.01836463063955307,0.0038711128290742636,0.028295282274484634
Ti-6Al-4V (HCP),"LUT + local refinement (12 steps, 8 starts)",/data/home/umang/Materials/Materials_data_mount/datasets/Ti_Al_1pct_QSR_x4,28,Ti_Al_1pct_QSR_x4_test_hr_x_block_337.npy,/data/home/umang/Materials/Materials_data_mount/datasets/Ti_Al_1pct_QSR_x4/Test/HR_Data/Ti_Al_1pct_QSR_x4_test_hr_x_block_337.npy,128,128,16384,0.01855769008398056,0.004092752933502197,0.027343962341547012
Ti-6Al-4V (HCP),"LUT + local refinement (12 steps, 8 starts)",/data/home/umang/Materials/Materials_data_mount/datasets/Ti_Al_1pct_QSR_x4,29,Ti_Al_1pct_QSR_x4_test_hr_x_block_353.npy,/data/home/umang/Materials/Materials_data_mount/datasets/Ti_Al_1pct_QSR_x4/Test/HR_Data/Ti_Al_1pct_QSR_x4_test_hr_x_block_353.npy,128,128,16384,0.018651865422725677,0.0042637791484594345,0.027569737285375595
Ti-6Al-4V (HCP),"LUT + local refinement (12 steps, 8 starts)",/data/home/umang/Materials/Materials_data_mount/datasets/Ti_Al_1pct_QSR_x4,30,Ti_Al_1pct_QSR_x4_test_hr_x_block_357.npy,/data/home/umang/Materials/Materials_data_mount/datasets/Ti_Al_1pct_QSR_x4/Test/HR_Data/Ti_Al_1pct_QSR_x4_test_hr_x_block_357.npy,128,128,16384,0.018703248351812363,0.0042505343444645405,0.02709871716797352
Ti-6Al-4V (HCP),"LUT + local refinement (12 steps, 8 starts)",/data/home/umang/Materials/Materials_data_mount/datasets/Ti_Al_1pct_QSR_x4,31,Ti_Al_1pct_QSR_x4_test_hr_x_block_375.npy,/data/home/umang/Materials/Materials_data_mount/datasets/Ti_Al_1pct_QSR_x4/Test/HR_Data/Ti_Al_1pct_QSR_x4_test_hr_x_block_375.npy,128,128,16384,0.021463273093104362,0.004453470930457115,0.02893684059381485
Ti-6Al-4V (HCP),"LUT + local refinement (12 steps, 8 starts)",/data/home/umang/Materials/Materials_data_mount/datasets/Ti_Al_1pct_QSR_x4,32,Ti_Al_1pct_QSR_x4_test_hr_x_block_384.npy,/data/home/umang/Materials/Materials_data_mount/datasets/Ti_Al_1pct_QSR_x4/Test/HR_Data/Ti_Al_1pct_QSR_x4_test_hr_x_block_384.npy,128,128,16384,0.022265108302235603,0.004573901183903217,0.028978006914258003
Ti-6Al-4V (HCP),"LUT + local refinement (12 steps, 8 starts)",/data/home/umang/Materials/Materials_data_mount/datasets/Ti_Al_1pct_QSR_x4,33,Ti_Al_1pct_QSR_x4_test_hr_x_block_394.npy,/data/home/umang/Materials/Materials_data_mount/datasets/Ti_Al_1pct_QSR_x4/Test/HR_Data/Ti_Al_1pct_QSR_x4_test_hr_x_block_394.npy,128,128,16384,0.02078460529446602,0.005323589779436588,0.029035545885562897
Ti-6Al-4V (HCP),"LUT + local refinement (12 steps, 8 starts)",/data/home/umang/Materials/Materials_data_mount/datasets/Ti_Al_1pct_QSR_x4,34,Ti_Al_1pct_QSR_x4_test_hr_x_block_399.npy,/data/home/umang/Materials/Materials_data_mount/datasets/Ti_Al_1pct_QSR_x4/Test/HR_Data/Ti_Al_1pct_QSR_x4_test_hr_x_block_399.npy,128,128,16384,0.021574482321739197,0.005177842453122139,0.0289697777479887
Ti-6Al-4V (HCP),"LUT + local refinement (12 steps, 8 starts)",/data/home/umang/Materials/Materials_data_mount/datasets/Ti_Al_1pct_QSR_x4,35,Ti_Al_1pct_QSR_x4_test_hr_x_block_410.npy,/data/home/umang/Materials/Materials_data_mount/datasets/Ti_Al_1pct_QSR_x4/Test/HR_Data/Ti_Al_1pct_QSR_x4_test_hr_x_block_410.npy,128,128,16384,0.01620732992887497,0.004341324791312218,0.028303707018494606
Ti-6Al-4V (HCP),"LUT + local refinement (12 steps, 8 starts)",/data/home/umang/Materials/Materials_data_mount/datasets/Ti_Al_1pct_QSR_x4,36,Ti_Al_1pct_QSR_x4_test_hr_x_block_437.npy,/data/home/umang/Materials/Materials_data_mount/datasets/Ti_Al_1pct_QSR_x4/Test/HR_Data/Ti_Al_1pct_QSR_x4_test_hr_x_block_437.npy,128,128,16384,0.016232341527938843,0.004209264647215605,0.02720409445464611
Ti-6Al-4V (HCP),"LUT + local refinement (12 steps, 8 starts)",/data/home/umang/Materials/Materials_data_mount/datasets/Ti_Al_1pct_QSR_x4,37,Ti_Al_1pct_QSR_x4_test_hr_x_block_469.npy,/data/home/umang/Materials/Materials_data_mount/datasets/Ti_Al_1pct_QSR_x4/Test/HR_Data/Ti_Al_1pct_QSR_x4_test_hr_x_block_469.npy,128,128,16384,0.017123747617006302,0.004120617639273405,0.026931026950478554
Ti-6Al-4V (HCP),"LUT + local refinement (12 steps, 8 starts)",/data/home/umang/Materials/Materials_data_mount/datasets/Ti_Al_1pct_QSR_x4,38,Ti_Al_1pct_QSR_x4_test_hr_x_block_475.npy,/data/home/umang/Materials/Materials_data_mount/datasets/Ti_Al_1pct_QSR_x4/Test/HR_Data/Ti_Al_1pct_QSR_x4_test_hr_x_block_475.npy,128,128,16384,0.019835805520415306,0.004908877890557051,0.028920354321599007
Ti-6Al-4V (HCP),"LUT + local refinement (12 steps, 8 starts)",/data/home/umang/Materials/Materials_data_mount/datasets/Ti_Al_1pct_QSR_x4,39,Ti_Al_1pct_QSR_x4_test_hr_x_block_478.npy,/data/home/umang/Materials/Materials_data_mount/datasets/Ti_Al_1pct_QSR_x4/Test/HR_Data/Ti_Al_1pct_QSR_x4_test_hr_x_block_478.npy,128,128,16384,0.017205439507961273,0.004190974868834019,0.028513526543974876
Ti-6Al-4V (HCP),"LUT + local refinement (12 steps, 8 starts)",/data/home/umang/Materials/Materials_data_mount/datasets/Ti_Al_1pct_QSR_x4,40,Ti_Al_1pct_QSR_x4_test_hr_x_block_484.npy,/data/home/umang/Materials/Materials_data_mount/datasets/Ti_Al_1pct_QSR_x4/Test/HR_Data/Ti_Al_1pct_QSR_x4_test_hr_x_block_484.npy,128,128,16384,0.017668412998318672,0.005145170260220766,0.028763288632035255
Ti-6Al-4V (HCP),"LUT + local refinement (12 steps, 8 starts)",/data/home/umang/Materials/Materials_data_mount/datasets/Ti_Al_1pct_QSR_x4,41,Ti_Al_1pct_QSR_x4_test_hr_x_block_510.npy,/data/home/umang/Materials/Materials_data_mount/datasets/Ti_Al_1pct_QSR_x4/Test/HR_Data/Ti_Al_1pct_QSR_x4_test_hr_x_block_510.npy,128,128,16384,0.01746338978409767,0.004107843153178692,0.028920354321599007
Ti-6Al-4V (HCP),"LUT + local refinement (12 steps, 8 starts)",/data/home/umang/Materials/Materials_data_mount/datasets/Ti_Al_1pct_QSR_x4,42,Ti_Al_1pct_QSR_x4_test_hr_x_block_516.npy,/data/home/umang/Materials/Materials_data_mount/datasets/Ti_Al_1pct_QSR_x4/Test/HR_Data/Ti_Al_1pct_QSR_x4_test_hr_x_block_516.npy,128,128,16384,0.017790505662560463,0.004225363489240408,0.02871350757777691
Ti-6Al-4V (HCP),"LUT + local refinement (12 steps, 8 starts)",/data/home/umang/Materials/Materials_data_mount/datasets/Ti_Al_1pct_QSR_x4,43,Ti_Al_1pct_QSR_x4_test_hr_x_block_522.npy,/data/home/umang/Materials/Materials_data_mount/datasets/Ti_Al_1pct_QSR_x4/Test/HR_Data/Ti_Al_1pct_QSR_x4_test_hr_x_block_522.npy,128,128,16384,0.017515700310468674,0.004709582310169935,0.028920354321599007
Ti-6Al-4V (HCP),"LUT + local refinement (12 steps, 8 starts)",/data/home/umang/Materials/Materials_data_mount/datasets/Ti_Al_1pct_QSR_x4,44,Ti_Al_1pct_QSR_x4_test_hr_x_block_554.npy,/data/home/umang/Materials/Materials_data_mount/datasets/Ti_Al_1pct_QSR_x4/Test/HR_Data/Ti_Al_1pct_QSR_x4_test_hr_x_block_554.npy,128,128,16384,0.018413884565234184,0.004782089497894049,0.02899445779621601
Ti-6Al-4V (HCP),"LUT + local refinement (12 steps, 8 starts)",/data/home/umang/Materials/Materials_data_mount/datasets/Ti_Al_1pct_QSR_x4,45,Ti_Al_1pct_QSR_x4_test_hr_x_block_563.npy,/data/home/umang/Materials/Materials_data_mount/datasets/Ti_Al_1pct_QSR_x4/Test/HR_Data/Ti_Al_1pct_QSR_x4_test_hr_x_block_563.npy,128,128,16384,0.017301537096500397,0.004672851413488388,0.029035545885562897
Ti-6Al-4V (HCP),"LUT + local refinement (12 steps, 8 starts)",/data/home/umang/Materials/Materials_data_mount/datasets/Ti_Al_1pct_QSR_x4,46,Ti_Al_1pct_QSR_x4_test_hr_x_block_570.npy,/data/home/umang/Materials/Materials_data_mount/datasets/Ti_Al_1pct_QSR_x4/Test/HR_Data/Ti_Al_1pct_QSR_x4_test_hr_x_block_570.npy,128,128,16384,0.017901889979839325,0.004435758106410503,0.028870848938822746
Ti-6Al-4V (HCP),"LUT + local refinement (12 steps, 8 starts)",/data/home/umang/Materials/Materials_data_mount/datasets/Ti_Al_1pct_QSR_x4,47,Ti_Al_1pct_QSR_x4_test_hr_x_block_575.npy,/data/home/umang/Materials/Materials_data_mount/datasets/Ti_Al_1pct_QSR_x4/Test/HR_Data/Ti_Al_1pct_QSR_x4_test_hr_x_block_575.npy,128,128,16384,0.018548712134361267,0.004273511003702879,0.028837794438004494
Ti-6Al-4V (HCP),"LUT + local refinement (12 steps, 8 starts)",/data/home/umang/Materials/Materials_data_mount/datasets/Ti_Al_1pct_QSR_x4,48,Ti_Al_1pct_QSR_x4_test_hr_x_block_596.npy,/data/home/umang/Materials/Materials_data_mount/datasets/Ti_Al_1pct_QSR_x4/Test/HR_Data/Ti_Al_1pct_QSR_x4_test_hr_x_block_596.npy,128,128,16384,0.01829553209245205,0.004477864131331444,0.028837794438004494
Ti-6Al-4V (HCP),"LUT + local refinement (12 steps, 8 starts)",/data/home/umang/Materials/Materials_data_mount/datasets/Ti_Al_1pct_QSR_x4,49,Ti_Al_1pct_QSR_x4_test_hr_x_block_608.npy,/data/home/umang/Materials/Materials_data_mount/datasets/Ti_Al_1pct_QSR_x4/Test/HR_Data/Ti_Al_1pct_QSR_x4_test_hr_x_block_608.npy,128,128,16384,0.01817222870886326,0.004061733838170767,0.028638677671551704
Ti-6Al-4V (HCP),"LUT + local refinement (12 steps, 8 starts)",/data/home/umang/Materials/Materials_data_mount/datasets/Ti_Al_1pct_QSR_x4,50,Ti_Al_1pct_QSR_x4_test_hr_x_block_621.npy,/data/home/umang/Materials/Materials_data_mount/datasets/Ti_Al_1pct_QSR_x4/Test/HR_Data/Ti_Al_1pct_QSR_x4_test_hr_x_block_621.npy,128,128,16384,0.01981022208929062,0.004350979812443256,0.02905196323990822
Ti-6Al-4V (HCP),"LUT + local refinement (12 steps, 8 starts)",/data/home/umang/Materials/Materials_data_mount/datasets/Ti_Al_1pct_QSR_x4,51,Ti_Al_1pct_QSR_x4_test_hr_x_block_623.npy,/data/home/umang/Materials/Materials_data_mount/datasets/Ti_Al_1pct_QSR_x4/Test/HR_Data/Ti_Al_1pct_QSR_x4_test_hr_x_block_623.npy,128,128,16384,0.019374027848243713,0.003802279243245721,0.02845493145287037
Ti-6Al-4V (HCP),"LUT + local refinement (12 steps, 8 starts)",/data/home/umang/Materials/Materials_data_mount/datasets/Ti_Al_1pct_QSR_x4,52,Ti_Al_1pct_QSR_x4_test_hr_x_block_633.npy,/data/home/umang/Materials/Materials_data_mount/datasets/Ti_Al_1pct_QSR_x4/Test/HR_Data/Ti_Al_1pct_QSR_x4_test_hr_x_block_633.npy,128,128,16384,0.019870392978191376,0.0044144210405647755,0.02905196323990822
Ti-6Al-4V (HCP),"LUT + local refinement (12 steps, 8 starts)",/data/home/umang/Materials/Materials_data_mount/datasets/Ti_Al_1pct_QSR_x4,53,Ti_Al_1pct_QSR_x4_test_hr_x_block_634.npy,/data/home/umang/Materials/Materials_data_mount/datasets/Ti_Al_1pct_QSR_x4/Test/HR_Data/Ti_Al_1pct_QSR_x4_test_hr_x_block_634.npy,128,128,16384,0.019917462021112442,0.00430662464350462,0.029068373143672943
Ti-6Al-4V (HCP),"LUT + local refinement (12 steps, 8 starts)",/data/home/umang/Materials/Materials_data_mount/datasets/Ti_Al_1pct_QSR_x4,54,Ti_Al_1pct_QSR_x4_test_hr_x_block_638.npy,/data/home/umang/Materials/Materials_data_mount/datasets/Ti_Al_1pct_QSR_x4/Test/HR_Data/Ti_Al_1pct_QSR_x4_test_hr_x_block_638.npy,128,128,16384,0.019394710659980774,0.004675406962633133,0.029101165011525154
Ti-6Al-4V (HCP),"LUT + local refinement (12 steps, 8 starts)",/data/home/umang/Materials/Materials_data_mount/datasets/Ti_Al_1pct_QSR_x4,55,Ti_Al_1pct_QSR_x4_test_hr_x_block_72.npy,/data/home/umang/Materials/Materials_data_mount/datasets/Ti_Al_1pct_QSR_x4/Test/HR_Data/Ti_Al_1pct_QSR_x4_test_hr_x_block_72.npy,128,128,16384,0.017744652926921844,0.004649162292480469,0.029043756425380707
Ti-6Al-4V (HCP),"LUT + local refinement (12 steps, 8 starts)",/data/home/umang/Materials/Materials_data_mount/datasets/Ti_Al_1pct_QSR_x4,56,Ti_Al_1pct_QSR_x4_test_hr_x_block_89.npy,/data/home/umang/Materials/Materials_data_mount/datasets/Ti_Al_1pct_QSR_x4/Test/HR_Data/Ti_Al_1pct_QSR_x4_test_hr_x_block_89.npy,128,128,16384,0.017801927402615547,0.004341724328696728,0.02905196323990822
Ti-6Al-4V (HCP),"LUT + local refinement (12 steps, 8 starts)",/data/home/umang/Materials/Materials_data_mount/datasets/Ti_Al_1pct_QSR_x4,57,Ti_Al_1pct_QSR_x4_test_hr_x_block_93.npy,/data/home/umang/Materials/Materials_data_mount/datasets/Ti_Al_1pct_QSR_x4/Test/HR_Data/Ti_Al_1pct_QSR_x4_test_hr_x_block_93.npy,128,128,16384,0.017920365557074547,0.004621934611350298,0.029076572507619858
Ti-6Al-4V (HCP),"LUT + local refinement (12 steps, 8 starts)",/data/home/umang/Materials/Materials_data_mount/datasets/Ti_Al_1pct_QSR_x4,58,Ti_Al_1pct_QSR_x4_test_hr_y_block_124.npy,/data/home/umang/Materials/Materials_data_mount/datasets/Ti_Al_1pct_QSR_x4/Test/HR_Data/Ti_Al_1pct_QSR_x4_test_hr_y_block_124.npy,128,128,16384,0.016710901632905006,0.0045388187281787395,0.027612945064902306
Ti-6Al-4V (HCP),"LUT + local refinement (12 steps, 8 starts)",/data/home/umang/Materials/Materials_data_mount/datasets/Ti_Al_1pct_QSR_x4,59,Ti_Al_1pct_QSR_x4_test_hr_y_block_129.npy,/data/home/umang/Materials/Materials_data_mount/datasets/Ti_Al_1pct_QSR_x4/Test/HR_Data/Ti_Al_1pct_QSR_x4_test_hr_y_block_129.npy,128,128,16384,0.017518214881420135,0.0034316610544919968,0.02799028903245926
Ti-6Al-4V (HCP),"LUT + local refinement (12 steps, 8 starts)",/data/home/umang/Materials/Materials_data_mount/datasets/Ti_Al_1pct_QSR_x4,60,Ti_Al_1pct_QSR_x4_test_hr_y_block_164.npy,/data/home/umang/Materials/Materials_data_mount/datasets/Ti_Al_1pct_QSR_x4/Test/HR_Data/Ti_Al_1pct_QSR_x4_test_hr_y_block_164.npy,128,128,16384,0.01824766770005226,0.003975206520408392,0.027630208060145378
Ti-6Al-4V (HCP),"LUT + local refinement (12 steps, 8 starts)",/data/home/umang/Materials/Materials_data_mount/datasets/Ti_Al_1pct_QSR_x4,61,Ti_Al_1pct_QSR_x4_test_hr_y_block_167.npy,/data/home/umang/Materials/Materials_data_mount/datasets/Ti_Al_1pct_QSR_x4/Test/HR_Data/Ti_Al_1pct_QSR_x4_test_hr_y_block_167.npy,128,128,16384,0.01848401501774788,0.00400250218808651,0.027509134262800217
Ti-6Al-4V (HCP),"LUT + local refinement (12 steps, 8 starts)",/data/home/umang/Materials/Materials_data_mount/datasets/Ti_Al_1pct_QSR_x4,62,Ti_Al_1pct_QSR_x4_test_hr_y_block_174.npy,/data/home/umang/Materials/Materials_data_mount/datasets/Ti_Al_1pct_QSR_x4/Test/HR_Data/Ti_Al_1pct_QSR_x4_test_hr_y_block_174.npy,128,128,16384,0.018626457080245018,0.0036027247551828623,0.027483120560646057
Ti-6Al-4V (HCP),"LUT + local refinement (12 steps, 8 starts)",/data/home/umang/Materials/Materials_data_mount/datasets/Ti_Al_1pct_QSR_x4,63,Ti_Al_1pct_QSR_x4_test_hr_y_block_181.npy,/data/home/umang/Materials/Materials_data_mount/datasets/Ti_Al_1pct_QSR_x4/Test/HR_Data/Ti_Al_1pct_QSR_x4_test_hr_y_block_181.npy,128,128,16384,0.018943650647997856,0.0037993048317730427,0.027448398992419243
Ti-6Al-4V (HCP),"LUT + local refinement (12 steps, 8 starts)",/data/home/umang/Materials/Materials_data_mount/datasets/Ti_Al_1pct_QSR_x4,64,Ti_Al_1pct_QSR_x4_test_hr_y_block_201.npy,/data/home/umang/Materials/Materials_data_mount/datasets/Ti_Al_1pct_QSR_x4/Test/HR_Data/Ti_Al_1pct_QSR_x4_test_hr_y_block_201.npy,128,128,16384,0.019575752317905426,0.0038789212703704834,0.02775934524834156
Ti-6Al-4V (HCP),"LUT + local refinement (12 steps, 8 starts)",/data/home/umang/Materials/Materials_data_mount/datasets/Ti_Al_1pct_QSR_x4,65,Ti_Al_1pct_QSR_x4_test_hr_y_block_208.npy,/data/home/umang/Materials/Materials_data_mount/datasets/Ti_Al_1pct_QSR_x4/Test/HR_Data/Ti_Al_1pct_QSR_x4_test_hr_y_block_208.npy,128,128,16384,0.016488458961248398,0.004297925159335136,0.02831212989985943
Ti-6Al-4V (HCP),"LUT + local refinement (12 steps, 8 starts)",/data/home/umang/Materials/Materials_data_mount/datasets/Ti_Al_1pct_QSR_x4,66,Ti_Al_1pct_QSR_x4_test_hr_y_block_219.npy,/data/home/umang/Materials/Materials_data_mount/datasets/Ti_Al_1pct_QSR_x4/Test/HR_Data/Ti_Al_1pct_QSR_x4_test_hr_y_block_219.npy,128,128,16384,0.019570456817746162,0.003830005880445242,0.027690548449754715
Ti-6Al-4V (HCP),"LUT + local refinement (12 steps, 8 starts)",/data/home/umang/Materials/Materials_data_mount/datasets/Ti_Al_1pct_QSR_x4,67,Ti_Al_1pct_QSR_x4_test_hr_y_block_222.npy,/data/home/umang/Materials/Materials_data_mount/datasets/Ti_Al_1pct_QSR_x4/Test/HR_Data/Ti_Al_1pct_QSR_x4_test_hr_y_block_222.npy,128,128,16384,0.017201535403728485,0.0046087889932096004,0.0289450790733099
Ti-6Al-4V (HCP),"LUT + local refinement (12 steps, 8 starts)",/data/home/umang/Materials/Materials_data_mount/datasets/Ti_Al_1pct_QSR_x4,68,Ti_Al_1pct_QSR_x4_test_hr_y_block_228.npy,/data/home/umang/Materials/Materials_data_mount/datasets/Ti_Al_1pct_QSR_x4/Test/HR_Data/Ti_Al_1pct_QSR_x4_test_hr_y_block_228.npy,128,128,16384,0.018071085214614868,0.00451499130576849,0.02893684059381485
Ti-6Al-4V (HCP),"LUT + local refinement (12 steps, 8 starts)",/data/home/umang/Materials/Materials_data_mount/datasets/Ti_Al_1pct_QSR_x4,69,Ti_Al_1pct_QSR_x4_test_hr_y_block_229.npy,/data/home/umang/Materials/Materials_data_mount/datasets/Ti_Al_1pct_QSR_x4/Test/HR_Data/Ti_Al_1pct_QSR_x4_test_hr_y_block_229.npy,128,128,16384,0.0185404010117054,0.004067784175276756,0.02752646431326866
Ti-6Al-4V (HCP),"LUT + local refinement (12 steps, 8 starts)",/data/home/umang/Materials/Materials_data_mount/datasets/Ti_Al_1pct_QSR_x4,70,Ti_Al_1pct_QSR_x4_test_hr_y_block_230.npy,/data/home/umang/Materials/Materials_data_mount/datasets/Ti_Al_1pct_QSR_x4/Test/HR_Data/Ti_Al_1pct_QSR_x4_test_hr_y_block_230.npy,128,128,16384,0.01728110760450363,0.004504738375544548,0.028895612806081772
Ti-6Al-4V (HCP),"LUT + local refinement (12 steps, 8 starts)",/data/home/umang/Materials/Materials_data_mount/datasets/Ti_Al_1pct_QSR_x4,71,Ti_Al_1pct_QSR_x4_test_hr_y_block_233.npy,/data/home/umang/Materials/Materials_data_mount/datasets/Ti_Al_1pct_QSR_x4/Test/HR_Data/Ti_Al_1pct_QSR_x4_test_hr_y_block_233.npy,128,128,16384,0.018966224044561386,0.0038703223690390587,0.02769915573298931
Ti-6Al-4V (HCP),"LUT + local refinement (12 steps, 8 starts)",/data/home/umang/Materials/Materials_data_mount/datasets/Ti_Al_1pct_QSR_x4,72,Ti_Al_1pct_QSR_x4_test_hr_y_block_239.npy,/data/home/umang/Materials/Materials_data_mount/datasets/Ti_Al_1pct_QSR_x4/Test/HR_Data/Ti_Al_1pct_QSR_x4_test_hr_y_block_239.npy,128,128,16384,0.017534742131829262,0.00431265402585268,0.02895331382751465
Ti-6Al-4V (HCP),"LUT + local refinement (12 steps, 8 starts)",/data/home/umang/Materials/Materials_data_mount/datasets/Ti_Al_1pct_QSR_x4,73,Ti_Al_1pct_QSR_x4_test_hr_y_block_255.npy,/data/home/umang/Materials/Materials_data_mount/datasets/Ti_Al_1pct_QSR_x4/Test/HR_Data/Ti_Al_1pct_QSR_x4_test_hr_y_block_255.npy,128,128,16384,0.017768409103155136,0.0041244556196033955,0.027690548449754715
Ti-6Al-4V (HCP),"LUT + local refinement (12 steps, 8 starts)",/data/home/umang/Materials/Materials_data_mount/datasets/Ti_Al_1pct_QSR_x4,74,Ti_Al_1pct_QSR_x4_test_hr_y_block_257.npy,/data/home/umang/Materials/Materials_data_mount/datasets/Ti_Al_1pct_QSR_x4/Test/HR_Data/Ti_Al_1pct_QSR_x4_test_hr_y_block_257.npy,128,128,16384,0.018199335783720016,0.004203429911285639,0.027742160484194756
Ti-6Al-4V (HCP),"LUT + local refinement (12 steps, 8 starts)",/data/home/umang/Materials/Materials_data_mount/datasets/Ti_Al_1pct_QSR_x4,75,Ti_Al_1pct_QSR_x4_test_hr_y_block_275.npy,/data/home/umang/Materials/Materials_data_mount/datasets/Ti_Al_1pct_QSR_x4/Test/HR_Data/Ti_Al_1pct_QSR_x4_test_hr_y_block_275.npy,128,128,16384,0.018145617097616196,0.003842004109174013,0.028837794438004494
Ti-6Al-4V (HCP),"LUT + local refinement (12 steps, 8 starts)",/data/home/umang/Materials/Materials_data_mount/datasets/Ti_Al_1pct_QSR_x4,76,Ti_Al_1pct_QSR_x4_test_hr_y_block_286.npy,/data/home/umang/Materials/Materials_data_mount/datasets/Ti_Al_1pct_QSR_x4/Test/HR_Data/Ti_Al_1pct_QSR_x4_test_hr_y_block_286.npy,128,128,16384,0.017874175682663918,0.003973368555307388,0.028821254149079323
Ti-6Al-4V (HCP),"LUT + local refinement (12 steps, 8 starts)",/data/home/umang/Materials/Materials_data_mount/datasets/Ti_Al_1pct_QSR_x4,77,Ti_Al_1pct_QSR_x4_test_hr_y_block_289.npy,/data/home/umang/Materials/Materials_data_mount/datasets/Ti_Al_1pct_QSR_x4/Test/HR_Data/Ti_Al_1pct_QSR_x4_test_hr_y_block_289.npy,128,128,16384,0.01844853162765503,0.00448796059936285,0.02891211025416851
Ti-6Al-4V (HCP),"LUT + local refinement (12 steps, 8 starts)",/data/home/umang/Materials/Materials_data_mount/datasets/Ti_Al_1pct_QSR_x4,78,Ti_Al_1pct_QSR_x4_test_hr_y_block_349.npy,/data/home/umang/Materials/Materials_data_mount/datasets/Ti_Al_1pct_QSR_x4/Test/HR_Data/Ti_Al_1pct_QSR_x4_test_hr_y_block_349.npy,128,128,16384,0.01862633414566517,0.003722095862030983,0.027151456102728844
Ti-6Al-4V (HCP),"LUT + local refinement (12 steps, 8 starts)",/data/home/umang/Materials/Materials_data_mount/datasets/Ti_Al_1pct_QSR_x4,79,Ti_Al_1pct_QSR_x4_test_hr_y_block_368.npy,/data/home/umang/Materials/Materials_data_mount/datasets/Ti_Al_1pct_QSR_x4/Test/HR_Data/Ti_Al_1pct_QSR_x4_test_hr_y_block_368.npy,128,128,16384,0.01746983826160431,0.004501915071159601,0.0289697777479887
Ti-6Al-4V (HCP),"LUT + local refinement (12 steps, 8 starts)",/data/home/umang/Materials/Materials_data_mount/datasets/Ti_Al_1pct_QSR_x4,80,Ti_Al_1pct_QSR_x4_test_hr_y_block_372.npy,/data/home/umang/Materials/Materials_data_mount/datasets/Ti_Al_1pct_QSR_x4/Test/HR_Data/Ti_Al_1pct_QSR_x4_test_hr_y_block_372.npy,128,128,16384,0.017019325867295265,0.004290739074349403,0.02831212989985943
Ti-6Al-4V (HCP),"LUT + local refinement (12 steps, 8 starts)",/data/home/umang/Materials/Materials_data_mount/datasets/Ti_Al_1pct_QSR_x4,81,Ti_Al_1pct_QSR_x4_test_hr_y_block_375.npy,/data/home/umang/Materials/Materials_data_mount/datasets/Ti_Al_1pct_QSR_x4/Test/HR_Data/Ti_Al_1pct_QSR_x4_test_hr_y_block_375.npy,128,128,16384,0.017772864550352097,0.004029164556413889,0.027587028220295906
Ti-6Al-4V (HCP),"LUT + local refinement (12 steps, 8 starts)",/data/home/umang/Materials/Materials_data_mount/datasets/Ti_Al_1pct_QSR_x4,82,Ti_Al_1pct_QSR_x4_test_hr_y_block_378.npy,/data/home/umang/Materials/Materials_data_mount/datasets/Ti_Al_1pct_QSR_x4/Test/HR_Data/Ti_Al_1pct_QSR_x4_test_hr_y_block_378.npy,128,128,16384,0.018700800836086273,0.003867689287289977,0.027326518669724464
Ti-6Al-4V (HCP),"LUT + local refinement (12 steps, 8 starts)",/data/home/umang/Materials/Materials_data_mount/datasets/Ti_Al_1pct_QSR_x4,83,Ti_Al_1pct_QSR_x4_test_hr_y_block_392.npy,/data/home/umang/Materials/Materials_data_mount/datasets/Ti_Al_1pct_QSR_x4/Test/HR_Data/Ti_Al_1pct_QSR_x4_test_hr_y_block_392.npy,128,128,16384,0.018707357347011566,0.0038087505381554365,0.027465764433145523
Ti-6Al-4V (HCP),"LUT + local refinement (12 steps, 8 starts)",/data/home/umang/Materials/Materials_data_mount/datasets/Ti_Al_1pct_QSR_x4,84,Ti_Al_1pct_QSR_x4_test_hr_y_block_393.npy,/data/home/umang/Materials/Materials_data_mount/datasets/Ti_Al_1pct_QSR_x4/Test/HR_Data/Ti_Al_1pct_QSR_x4_test_hr_y_block_393.npy,128,128,16384,0.017786359414458275,0.0037233540788292885,0.028328966349363327
Ti-6Al-4V (HCP),"LUT + local refinement (12 steps, 8 starts)",/data/home/umang/Materials/Materials_data_mount/datasets/Ti_Al_1pct_QSR_x4,85,Ti_Al_1pct_QSR_x4_test_hr_y_block_395.npy,/data/home/umang/Materials/Materials_data_mount/datasets/Ti_Al_1pct_QSR_x4/Test/HR_Data/Ti_Al_1pct_QSR_x4_test_hr_y_block_395.npy,128,128,16384,0.01786266639828682,0.003721036249771714,0.028236234560608864
Ti-6Al-4V (HCP),"LUT + local refinement (12 steps, 8 starts)",/data/home/umang/Materials/Materials_data_mount/datasets/Ti_Al_1pct_QSR_x4,86,Ti_Al_1pct_QSR_x4_test_hr_y_block_413.npy,/data/home/umang/Materials/Materials_data_mount/datasets/Ti_Al_1pct_QSR_x4/Test/HR_Data/Ti_Al_1pct_QSR_x4_test_hr_y_block_413.npy,128,128,16384,0.018543163314461708,0.003649461083114147,0.02646665833890438
Ti-6Al-4V (HCP),"LUT + local refinement (12 steps, 8 starts)",/data/home/umang/Materials/Materials_data_mount/datasets/Ti_Al_1pct_QSR_x4,87,Ti_Al_1pct_QSR_x4_test_hr_y_block_415.npy,/data/home/umang/Materials/Materials_data_mount/datasets/Ti_Al_1pct_QSR_x4/Test/HR_Data/Ti_Al_1pct_QSR_x4_test_hr_y_block_415.npy,128,128,16384,0.018581584095954895,0.00362635450437665,0.026789003983139992
Ti-6Al-4V (HCP),"LUT + local refinement (12 steps, 8 starts)",/data/home/umang/Materials/Materials_data_mount/datasets/Ti_Al_1pct_QSR_x4,88,Ti_Al_1pct_QSR_x4_test_hr_y_block_434.npy,/data/home/umang/Materials/Materials_data_mount/datasets/Ti_Al_1pct_QSR_x4/Test/HR_Data/Ti_Al_1pct_QSR_x4_test_hr_y_block_434.npy,128,128,16384,0.018162550404667854,0.003981542773544788,0.026322128251194954
Ti-6Al-4V (HCP),"LUT + local refinement (12 steps, 8 starts)",/data/home/umang/Materials/Materials_data_mount/datasets/Ti_Al_1pct_QSR_x4,89,Ti_Al_1pct_QSR_x4_test_hr_y_block_437.npy,/data/home/umang/Materials/Materials_data_mount/datasets/Ti_Al_1pct_QSR_x4/Test/HR_Data/Ti_Al_1pct_QSR_x4_test_hr_y_block_437.npy,128,128,16384,0.01793704554438591,0.0040088533423841,0.027483120560646057
Ti-6Al-4V (HCP),"LUT + local refinement (12 steps, 8 starts)",/data/home/umang/Materials/Materials_data_mount/datasets/Ti_Al_1pct_QSR_x4,90,Ti_Al_1pct_QSR_x4_test_hr_y_block_443.npy,/data/home/umang/Materials/Materials_data_mount/datasets/Ti_Al_1pct_QSR_x4/Test/HR_Data/Ti_Al_1pct_QSR_x4_test_hr_y_block_443.npy,128,128,16384,0.018754426389932632,0.004590253811329603,0.029370291158556938
Ti-6Al-4V (HCP),"LUT + local refinement (12 steps, 8 starts)",/data/home/umang/Materials/Materials_data_mount/datasets/Ti_Al_1pct_QSR_x4,91,Ti_Al_1pct_QSR_x4_test_hr_y_block_464.npy,/data/home/umang/Materials/Materials_data_mount/datasets/Ti_Al_1pct_QSR_x4/Test/HR_Data/Ti_Al_1pct_QSR_x4_test_hr_y_block_464.npy,128,128,16384,0.019611641764640808,0.005008685402572155,0.028928598389029503
Ti-6Al-4V (HCP),"LUT + local refinement (12 steps, 8 starts)",/data/home/umang/Materials/Materials_data_mount/datasets/Ti_Al_1pct_QSR_x4,92,Ti_Al_1pct_QSR_x4_test_hr_y_block_474.npy,/data/home/umang/Materials/Materials_data_mount/datasets/Ti_Al_1pct_QSR_x4/Test/HR_Data/Ti_Al_1pct_QSR_x4_test_hr_y_block_474.npy,128,128,16384,0.019656607881188393,0.004807393532246351,0.0289450790733099
Ti-6Al-4V (HCP),"LUT + local refinement (12 steps, 8 starts)",/data/home/umang/Materials/Materials_data_mount/datasets/Ti_Al_1pct_QSR_x4,93,Ti_Al_1pct_QSR_x4_test_hr_y_block_526.npy,/data/home/umang/Materials/Materials_data_mount/datasets/Ti_Al_1pct_QSR_x4/Test/HR_Data/Ti_Al_1pct_QSR_x4_test_hr_y_block_526.npy,128,128,16384,0.01814296841621399,0.0048207915388047695,0.028738409280776978
Ti-6Al-4V (HCP),"LUT + local refinement (12 steps, 8 starts)",/data/home/umang/Materials/Materials_data_mount/datasets/Ti_Al_1pct_QSR_x4,94,Ti_Al_1pct_QSR_x4_test_hr_y_block_546.npy,/data/home/umang/Materials/Materials_data_mount/datasets/Ti_Al_1pct_QSR_x4/Test/HR_Data/Ti_Al_1pct_QSR_x4_test_hr_y_block_546.npy,128,128,16384,0.017618343234062195,0.003935602027922869,0.02810080721974373
Ti-6Al-4V (HCP),"LUT + local refinement (12 steps, 8 starts)",/data/home/umang/Materials/Materials_data_mount/datasets/Ti_Al_1pct_QSR_x4,95,Ti_Al_1pct_QSR_x4_test_hr_y_block_551.npy,/data/home/umang/Materials/Materials_data_mount/datasets/Ti_Al_1pct_QSR_x4/Test/HR_Data/Ti_Al_1pct_QSR_x4_test_hr_y_block_551.npy,128,128,16384,0.01821519248187542,0.004798763431608677,0.028671961277723312
Ti-6Al-4V (HCP),"LUT + local refinement (12 steps, 8 starts)",/data/home/umang/Materials/Materials_data_mount/datasets/Ti_Al_1pct_QSR_x4,96,Ti_Al_1pct_QSR_x4_test_hr_y_block_554.npy,/data/home/umang/Materials/Materials_data_mount/datasets/Ti_Al_1pct_QSR_x4/Test/HR_Data/Ti_Al_1pct_QSR_x4_test_hr_y_block_554.npy,128,128,16384,0.01845499314367771,0.004785827826708555,0.02875499799847603
Ti-6Al-4V (HCP),"LUT + local refinement (12 steps, 8 starts)",/data/home/umang/Materials/Materials_data_mount/datasets/Ti_Al_1pct_QSR_x4,97,Ti_Al_1pct_QSR_x4_test_hr_y_block_556.npy,/data/home/umang/Materials/Materials_data_mount/datasets/Ti_Al_1pct_QSR_x4/Test/HR_Data/Ti_Al_1pct_QSR_x4_test_hr_y_block_556.npy,128,128,16384,0.021191665902733803,0.004415958654135466,0.028986234217882156
Ti-6Al-4V (HCP),"LUT + local refinement (12 steps, 8 starts)",/data/home/umang/Materials/Materials_data_mount/datasets/Ti_Al_1pct_QSR_x4,98,Ti_Al_1pct_QSR_x4_test_hr_y_block_571.npy,/data/home/umang/Materials/Materials_data_mount/datasets/Ti_Al_1pct_QSR_x4/Test/HR_Data/Ti_Al_1pct_QSR_x4_test_hr_y_block_571.npy,128,128,16384,0.019897375255823135,0.004191422834992409,0.028771575540304184
Ti-6Al-4V (HCP),"LUT + local refinement (12 steps, 8 starts)",/data/home/umang/Materials/Materials_data_mount/datasets/Ti_Al_1pct_QSR_x4,99,Ti_Al_1pct_QSR_x4_test_hr_y_block_579.npy,/data/home/umang/Materials/Materials_data_mount/datasets/Ti_Al_1pct_QSR_x4/Test/HR_Data/Ti_Al_1pct_QSR_x4_test_hr_y_block_579.npy,128,128,16384,0.021685371175408363,0.00459224684163928,0.028928598389029503
Ti-6Al-4V (HCP),"LUT + local refinement (12 steps, 8 starts)",/data/home/umang/Materials/Materials_data_mount/datasets/Ti_Al_1pct_QSR_x4,100,Ti_Al_1pct_QSR_x4_test_hr_y_block_585.npy,/data/home/umang/Materials/Materials_data_mount/datasets/Ti_Al_1pct_QSR_x4/Test/HR_Data/Ti_Al_1pct_QSR_x4_test_hr_y_block_585.npy,128,128,16384,0.021125150844454765,0.004466857761144638,0.02888735942542553
Ti-6Al-4V (HCP),"LUT + local refinement (12 steps, 8 starts)",/data/home/umang/Materials/Materials_data_mount/datasets/Ti_Al_1pct_QSR_x4,101,Ti_Al_1pct_QSR_x4_test_hr_y_block_602.npy,/data/home/umang/Materials/Materials_data_mount/datasets/Ti_Al_1pct_QSR_x4/Test/HR_Data/Ti_Al_1pct_QSR_x4_test_hr_y_block_602.npy,128,128,16384,0.02000625804066658,0.004348209593445063,0.028738409280776978
Ti-6Al-4V (HCP),"LUT + local refinement (12 steps, 8 starts)",/data/home/umang/Materials/Materials_data_mount/datasets/Ti_Al_1pct_QSR_x4,102,Ti_Al_1pct_QSR_x4_test_hr_y_block_603.npy,/data/home/umang/Materials/Materials_data_mount/datasets/Ti_Al_1pct_QSR_x4/Test/HR_Data/Ti_Al_1pct_QSR_x4_test_hr_y_block_603.npy,128,128,16384,0.019729815423488617,0.005178140942007303,0.02899445779621601
Ti-6Al-4V (HCP),"LUT + local refinement (12 steps, 8 starts)",/data/home/umang/Materials/Materials_data_mount/datasets/Ti_Al_1pct_QSR_x4,103,Ti_Al_1pct_QSR_x4_test_hr_y_block_609.npy,/data/home/umang/Materials/Materials_data_mount/datasets/Ti_Al_1pct_QSR_x4/Test/HR_Data/Ti_Al_1pct_QSR_x4_test_hr_y_block_609.npy,128,128,16384,0.02118740603327751,0.0044654193334281445,0.028986234217882156
Ti-6Al-4V (HCP),"LUT + local refinement (12 steps, 8 starts)",/data/home/umang/Materials/Materials_data_mount/datasets/Ti_Al_1pct_QSR_x4,104,Ti_Al_1pct_QSR_x4_test_hr_y_block_628.npy,/data/home/umang/Materials/Materials_data_mount/datasets/Ti_Al_1pct_QSR_x4/Test/HR_Data/Ti_Al_1pct_QSR_x4_test_hr_y_block_628.npy,128,128,16384,0.019581252709031105,0.005163068417459726,0.029043756425380707
Ti-6Al-4V (HCP),"LUT + local refinement (12 steps, 8 starts)",/data/home/umang/Materials/Materials_data_mount/datasets/Ti_Al_1pct_QSR_x4,105,Ti_Al_1pct_QSR_x4_test_hr_y_block_661.npy,/data/home/umang/Materials/Materials_data_mount/datasets/Ti_Al_1pct_QSR_x4/Test/HR_Data/Ti_Al_1pct_QSR_x4_test_hr_y_block_661.npy,128,128,16384,0.018432235345244408,0.003834829665720463,0.02881298027932644
Ti-6Al-4V (HCP),"LUT + local refinement (12 steps, 8 starts)",/data/home/umang/Materials/Materials_data_mount/datasets/Ti_Al_1pct_QSR_x4,106,Ti_Al_1pct_QSR_x4_test_hr_y_block_667.npy,/data/home/umang/Materials/Materials_data_mount/datasets/Ti_Al_1pct_QSR_x4/Test/HR_Data/Ti_Al_1pct_QSR_x4_test_hr_y_block_667.npy,128,128,16384,0.01750899851322174,0.004659716971218586,0.028032846748828888
Ti-6Al-4V (HCP),"LUT + local refinement (12 steps, 8 starts)",/data/home/umang/Materials/Materials_data_mount/datasets/Ti_Al_1pct_QSR_x4,107,Ti_Al_1pct_QSR_x4_test_hr_y_block_668.npy,/data/home/umang/Materials/Materials_data_mount/datasets/Ti_Al_1pct_QSR_x4/Test/HR_Data/Ti_Al_1pct_QSR_x4_test_hr_y_block_668.npy,128,128,16384,0.01683691516518593,0.0036115352995693684,0.029043756425380707
Ti-6Al-4V (HCP),"LUT + local refinement (12 steps, 8 starts)",/data/home/umang/Materials/Materials_data_mount/datasets/Ti_Al_1pct_QSR_x4,108,Ti_Al_1pct_QSR_x4_test_hr_y_block_672.npy,/data/home/umang/Materials/Materials_data_mount/datasets/Ti_Al_1pct_QSR_x4/Test/HR_Data/Ti_Al_1pct_QSR_x4_test_hr_y_block_672.npy,128,128,16384,0.018526092171669006,0.003300481243059039,0.027750754728913307
Ti-6Al-4V (HCP),"LUT + local refinement (12 steps, 8 starts)",/data/home/umang/Materials/Materials_data_mount/datasets/Ti_Al_1pct_QSR_x4,109,Ti_Al_1pct_QSR_x4_test_hr_y_block_679.npy,/data/home/umang/Materials/Materials_data_mount/datasets/Ti_Al_1pct_QSR_x4/Test/HR_Data/Ti_Al_1pct_QSR_x4_test_hr_y_block_679.npy,128,128,16384,0.016398457810282707,0.00326935644261539,0.028771575540304184
Ti-6Al-4V (HCP),"LUT + local refinement (12 steps, 8 starts)",/data/home/umang/Materials/Materials_data_mount/datasets/Ti_Al_1pct_QSR_x4,110,Ti_Al_1pct_QSR_x4_test_hr_y_block_683.npy,/data/home/umang/Materials/Materials_data_mount/datasets/Ti_Al_1pct_QSR_x4/Test/HR_Data/Ti_Al_1pct_QSR_x4_test_hr_y_block_683.npy,128,128,16384,0.018470298498868942,0.003403913229703903,0.025362608954310417
Ti-6Al-4V (HCP),"LUT + local refinement (12 steps, 8 starts)",/data/home/umang/Materials/Materials_data_mount/datasets/Ti_Al_1pct_QSR_x4,111,Ti_Al_1pct_QSR_x4_test_hr_y_block_687.npy,/data/home/umang/Materials/Materials_data_mount/datasets/Ti_Al_1pct_QSR_x4/Test/HR_Data/Ti_Al_1pct_QSR_x4_test_hr_y_block_687.npy,128,128,16384,0.016564851626753807,0.003125831251963973,0.028303707018494606
Ti-6Al-4V (HCP),"LUT + local refinement (12 steps, 8 starts)",/data/home/umang/Materials/Materials_data_mount/datasets/Ti_Al_1pct_QSR_x4,112,Ti_Al_1pct_QSR_x4_test_hr_y_block_688.npy,/data/home/umang/Materials/Materials_data_mount/datasets/Ti_Al_1pct_QSR_x4/Test/HR_Data/Ti_Al_1pct_QSR_x4_test_hr_y_block_688.npy,128,128,16384,0.01788530871272087,0.004922705702483654,0.027647461742162704
Ti-6Al-4V (HCP),"LUT + local refinement (12 steps, 8 starts)",/data/home/umang/Materials/Materials_data_mount/datasets/Ti_Al_1pct_QSR_x4,113,Ti_Al_1pct_QSR_x4_test_hr_y_block_691.npy,/data/home/umang/Materials/Materials_data_mount/datasets/Ti_Al_1pct_QSR_x4/Test/HR_Data/Ti_Al_1pct_QSR_x4_test_hr_y_block_691.npy,128,128,16384,0.01699882745742798,0.0035664348397403955,0.025173893198370934
Ti-6Al-4V (HCP),"LUT + local refinement (12 steps, 8 starts)",/data/home/umang/Materials/Materials_data_mount/datasets/Ti_Al_1pct_QSR_x4,114,Ti_Al_1pct_QSR_x4_test_hr_y_block_692.npy,/data/home/umang/Materials/Materials_data_mount/datasets/Ti_Al_1pct_QSR_x4/Test/HR_Data/Ti_Al_1pct_QSR_x4_test_hr_y_block_692.npy,128,128,16384,0.017821110785007477,0.004662716295570135,0.02826155535876751
Ti-6Al-4V (HCP),"LUT + local refinement (12 steps, 8 starts)",/data/home/umang/Materials/Materials_data_mount/datasets/Ti_Al_1pct_QSR_x4,115,Ti_Al_1pct_QSR_x4_test_hr_y_block_693.npy,/data/home/umang/Materials/Materials_data_mount/datasets/Ti_Al_1pct_QSR_x4/Test/HR_Data/Ti_Al_1pct_QSR_x4_test_hr_y_block_693.npy,128,128,16384,0.016759395599365234,0.003267658408731222,0.027930596843361855
Ti-6Al-4V (HCP),"LUT + local refinement (12 steps, 8 starts)",/data/home/umang/Materials/Materials_data_mount/datasets/Ti_Al_1pct_QSR_x4,116,Ti_Al_1pct_QSR_x4_test_hr_y_block_695.npy,/data/home/umang/Materials/Materials_data_mount/datasets/Ti_Al_1pct_QSR_x4/Test/HR_Data/Ti_Al_1pct_QSR_x4_test_hr_y_block_695.npy,128,128,16384,0.016236653551459312,0.004667243920266628,0.02760430984199047
Ti-6Al-4V (HCP),"LUT + local refinement (12 steps, 8 starts)",/data/home/umang/Materials/Materials_data_mount/datasets/Ti_Al_1pct_QSR_x4,117,Ti_Al_1pct_QSR_x4_test_hr_y_block_698.npy,/data/home/umang/Materials/Materials_data_mount/datasets/Ti_Al_1pct_QSR_x4/Test/HR_Data/Ti_Al_1pct_QSR_x4_test_hr_y_block_698.npy,128,128,16384,0.016625026240944862,0.0036185879725962877,0.02590210922062397
Ti-6Al-4V (HCP),"LUT + local refinement (12 steps, 8 starts)",/data/home/umang/Materials/Materials_data_mount/datasets/Ti_Al_1pct_QSR_x4,118,Ti_Al_1pct_QSR_x4_test_hr_y_block_699.npy,/data/home/umang/Materials/Materials_data_mount/datasets/Ti_Al_1pct_QSR_x4/Test/HR_Data/Ti_Al_1pct_QSR_x4_test_hr_y_block_699.npy,128,128,16384,0.0175783671438694,0.00434689037501812,0.027998805046081543
Ti-6Al-4V (HCP),"LUT + local refinement (12 steps, 8 starts)",/data/home/umang/Materials/Materials_data_mount/datasets/Ti_Al_1pct_QSR_x4,119,Ti_Al_1pct_QSR_x4_test_hr_z_block_112.npy,/data/home/umang/Materials/Materials_data_mount/datasets/Ti_Al_1pct_QSR_x4/Test/HR_Data/Ti_Al_1pct_QSR_x4_test_hr_z_block_112.npy,128,128,16384,0.018364593386650085,0.003900370094925165,0.027742160484194756
Ti-6Al-4V (HCP),"LUT + local refinement (12 steps, 8 starts)",/data/home/umang/Materials/Materials_data_mount/datasets/Ti_Al_1pct_QSR_x4,120,Ti_Al_1pct_QSR_x4_test_hr_z_block_123.npy,/data/home/umang/Materials/Materials_data_mount/datasets/Ti_Al_1pct_QSR_x4/Test/HR_Data/Ti_Al_1pct_QSR_x4_test_hr_z_block_123.npy,128,128,16384,0.017885448411107063,0.004250129219144583,0.029191147536039352
Ti-6Al-4V (HCP),"LUT + local refinement (12 steps, 8 starts)",/data/home/umang/Materials/Materials_data_mount/datasets/Ti_Al_1pct_QSR_x4,121,Ti_Al_1pct_QSR_x4_test_hr_z_block_133.npy,/data/home/umang/Materials/Materials_data_mount/datasets/Ti_Al_1pct_QSR_x4/Test/HR_Data/Ti_Al_1pct_QSR_x4_test_hr_z_block_133.npy,128,128,16384,0.017306014895439148,0.004154955968260765,0.026502666994929314
Ti-6Al-4V (HCP),"LUT + local refinement (12 steps, 8 starts)",/data/home/umang/Materials/Materials_data_mount/datasets/Ti_Al_1pct_QSR_x4,122,Ti_Al_1pct_QSR_x4_test_hr_z_block_138.npy,/data/home/umang/Materials/Materials_data_mount/datasets/Ti_Al_1pct_QSR_x4/Test/HR_Data/Ti_Al_1pct_QSR_x4_test_hr_z_block_138.npy,128,128,16384,0.017651211470365524,0.004466029815375805,0.028870848938822746
Ti-6Al-4V (HCP),"LUT + local refinement (12 steps, 8 starts)",/data/home/umang/Materials/Materials_data_mount/datasets/Ti_Al_1pct_QSR_x4,123,Ti_Al_1pct_QSR_x4_test_hr_z_block_139.npy,/data/home/umang/Materials/Materials_data_mount/datasets/Ti_Al_1pct_QSR_x4/Test/HR_Data/Ti_Al_1pct_QSR_x4_test_hr_z_block_139.npy,128,128,16384,0.018588025122880936,0.004181310068815947,0.027724966406822205
Ti-6Al-4V (HCP),"LUT + local refinement (12 steps, 8 starts)",/data/home/umang/Materials/Materials_data_mount/datasets/Ti_Al_1pct_QSR_x4,124,Ti_Al_1pct_QSR_x4_test_hr_z_block_144.npy,/data/home/umang/Materials/Materials_data_mount/datasets/Ti_Al_1pct_QSR_x4/Test/HR_Data/Ti_Al_1pct_QSR_x4_test_hr_z_block_144.npy,128,128,16384,0.01734798774123192,0.0040798853151500225,0.02660144306719303
Ti-6Al-4V (HCP),"LUT + local refinement (12 steps, 8 starts)",/data/home/umang/Materials/Materials_data_mount/datasets/Ti_Al_1pct_QSR_x4,125,Ti_Al_1pct_QSR_x4_test_hr_z_block_178.npy,/data/home/umang/Materials/Materials_data_mount/datasets/Ti_Al_1pct_QSR_x4/Test/HR_Data/Ti_Al_1pct_QSR_x4_test_hr_z_block_178.npy,128,128,16384,0.018420062959194183,0.004152216017246246,0.028160136193037033
Ti-6Al-4V (HCP),"LUT + local refinement (12 steps, 8 starts)",/data/home/umang/Materials/Materials_data_mount/datasets/Ti_Al_1pct_QSR_x4,126,Ti_Al_1pct_QSR_x4_test_hr_z_block_186.npy,/data/home/umang/Materials/Materials_data_mount/datasets/Ti_Al_1pct_QSR_x4/Test/HR_Data/Ti_Al_1pct_QSR_x4_test_hr_z_block_186.npy,128,128,16384,0.019270528107881546,0.004019349813461304,0.028920354321599007
Ti-6Al-4V (HCP),"LUT + local refinement (12 steps, 8 starts)",/data/home/umang/Materials/Materials_data_mount/datasets/Ti_Al_1pct_QSR_x4,127,Ti_Al_1pct_QSR_x4_test_hr_z_block_51.npy,/data/home/umang/Materials/Materials_data_mount/datasets/Ti_Al_1pct_QSR_x4/Test/HR_Data/Ti_Al_1pct_QSR_x4_test_hr_z_block_51.npy,128,128,16384,0.017835447564721107,0.003464928362518549,0.026824578642845154
Ti-6Al-4V (HCP),"LUT + local refinement (12 steps, 8 starts)",/data/home/umang/Materials/Materials_data_mount/datasets/Ti_Al_1pct_QSR_x4,128,Ti_Al_1pct_QSR_x4_test_hr_z_block_56.npy,/data/home/umang/Materials/Materials_data_mount/datasets/Ti_Al_1pct_QSR_x4/Test/HR_Data/Ti_Al_1pct_QSR_x4_test_hr_z_block_56.npy,128,128,16384,0.017228011041879654,0.003526268992573023,0.026771195232868195
Ti-6Al-4V (HCP),"LUT + local refinement (12 steps, 8 starts)",/data/home/umang/Materials/Materials_data_mount/datasets/Ti_Al_1pct_QSR_x4,129,Ti_Al_1pct_QSR_x4_test_hr_z_block_70.npy,/data/home/umang/Materials/Materials_data_mount/datasets/Ti_Al_1pct_QSR_x4/Test/HR_Data/Ti_Al_1pct_QSR_x4_test_hr_z_block_70.npy,128,128,16384,0.017429284751415253,0.004167942330241203,0.026673048734664917
Ti-6Al-4V (HCP),"LUT + local refinement (12 steps, 8 starts)",/data/home/umang/Materials/Materials_data_mount/datasets/Ti_Al_1pct_QSR_x4,130,Ti_Al_1pct_QSR_x4_test_hr_z_block_75.npy,/data/home/umang/Materials/Materials_data_mount/datasets/Ti_Al_1pct_QSR_x4/Test/HR_Data/Ti_Al_1pct_QSR_x4_test_hr_z_block_75.npy,128,128,16384,0.016737505793571472,0.003812392707914114,0.02924826741218567
Ti-6Al-4V (HCP),"LUT + local refinement (12 steps, 8 starts)",/data/home/umang/Materials/Materials_data_mount/datasets/Ti_Al_1pct_QSR_x4,131,Ti_Al_1pct_QSR_x4_test_hr_z_block_77.npy,/data/home/umang/Materials/Materials_data_mount/datasets/Ti_Al_1pct_QSR_x4/Test/HR_Data/Ti_Al_1pct_QSR_x4_test_hr_z_block_77.npy,128,128,16384,0.01688545197248459,0.003930086735635996,0.027612945064902306
Ti-6Al-4V (HCP),"LUT + local refinement (12 steps, 8 starts)",/data/home/umang/Materials/Materials_data_mount/datasets/Ti_Al_1pct_QSR_x4,132,Ti_Al_1pct_QSR_x4_test_hr_z_block_91.npy,/data/home/umang/Materials/Materials_data_mount/datasets/Ti_Al_1pct_QSR_x4/Test/HR_Data/Ti_Al_1pct_QSR_x4_test_hr_z_block_91.npy,128,128,16384,0.017674392089247704,0.003878680756315589,0.028337381780147552
